"","child_id","child_age_rounded","child_gender"
"1","cMD6FQ",5220,"m"
"2","GXGSFD",5640,"f"
"3","SJQQ2J",5130,"f"
"4","5WN27N",5250,"f"
"5","P3EcYE",5130,"f"
"6","AVEH25",5460,"f"
"7","MLH6HJ",5610,"f"
"8","42LZDc",5280,"f"
"9","FFZF7X",5160,"f"
"10","LRCNHV",5700,"m"
"11","F5REDH",5520,"m"
"12","7GdZTX",5460,"m"
"13","D7cM6P",5790,"f"
"14","JE64ZK",5460,"m"
"15","2dBUQX",5310,"f"
"16","Yd7WPT",5250,"f"
"17","735EB3",5460,"f"
"18","cG6dWL",5430,"m"
"19","ENUBED",5130,"m"
"20","J4S4Nd",5310,"f"
"21","RQXQ37",5610,"f"
"22","TDYH5c",5250,"f"
"23","H5HUVK",5520,"f"
"24","A3HVZU",5490,"m"
"25","Q5ZTWH",5130,"m"
"26","CPLE3C",5220,"m"
"27","VdRXdD",1350,"f"
"28","DGH6Ld",1440,"f"
"29","KTLJTX",1140,"f"
"30","5A2Y2B",1170,"f"
"31","GRLVFF",1230,"m"
"32","4Lc7HB",1110,"m"
"33","5TDN53",1350,"f"
"34","F5QMEJ",1320,"m"
"35","KU6RG5",2460,"m"
"36","B5SScH",2520,"f"
"37","XFMJ2D",2400,"m"
"38","XNAGCD",2310,"f"
"39","CTDG73",2490,"m"
"40","GQYEcF",2340,"f"
"41","DTXJAD",2400,"m"
"42","5EPF77",2400,"f"
"43","RBWAXG",2370,"f"
"44","NA75A3",1320,"f"
"45","ZFASAN",1260,"m"
"46","UPcFPQ",1170,"f"
"47","3BJL75",1320,"m"
"48","L6BNGd",1440,"m"
"49","4dR3DM",1530,"f"
"50","FG3c3c",1590,"m"
"51","3NRZDA",1110,"f"
"52","cKNVRc",1770,"f"
"53","KTLJTX",1140,"f"
"54","QZ77BB",1500,"m"
"55","DEH3SW",1230,"f"
"56","CFZAdK",1230,"m"
"57","223QZT",1590,"f"
"58","C2PTE3",1380,"f"
"59","RTVEE7",1560,"m"
"60","XUYCHN",1170,"f"
"61","CFGJVV",1140,"f"
"62","6RYcKQ",1260,"f"
"63","NX5FLF",1110,"f"
"64","ZP3B3N",1110,"f"
"65","RJ5WYZ",1290,"f"
"66","A5ZcC2",1140,"m"
"67","LFC354",1110,"f"
"68","FdK67M",1200,"f"
"69","K6SSNX",1110,"f"
"70","QEQAZZ",1440,"f"
"71","E5EL7R",5520,"f"
"72","AVEH25",5280,"f"
"73","5CETCY",5520,"m"
"74","KdTKRC",5730,"m"
"75","XQc656",2490,"m"
"76","3QARD5",2250,"m"
"77","BAA7SE",2310,"f"
"78","DRTVFR",2190,"f"
"79","X3U2KL",3300,"m"
"80","ZdWJU6",1200,"f"
"81","DZEEEQ",1140,"m"
"82","cLWD7X",1260,"m"
"83","VVcSLZ",1170,"m"
"84","YQXHAZ",1260,"m"
"85","A5ZcC2",1110,"m"
"86","4SGNPS",3780,"m"
"87","77P6BR",3300,"f"
"88","DJKFNX",3600,"m"
"89","EM566H",3480,"m"
"90","VHTSRV",3390,"m"
"91","UFEZMT",3870,"f"
"92","UNVGH4",3390,"f"
"93","G64NX2",3300,"f"
"94","UEXRGR",3300,"m"
"95","2RT5YX",3750,"f"
"96","5Hd5XN",3930,"m"
"97","M2VDRX",3390,"f"
"98","ALGACP",3630,"m"
"99","6VQ5NV",3330,"f"
"100","QE3QBc",3270,"m"
"101","RF7BV6",3030,"f"
"102","ZADALH",3630,"f"
"103","UDVQ7Y",3330,"m"
"104","ZU2PLS",3270,"f"
"105","H7RFHM",3030,"f"
"106","3NJBME",3360,"m"
"107","2cLdd2",3180,"f"
"108","U2YQXC",3870,"m"
"109","U2YQXC",3870,"m"
"110","VAKJdV",2940,"m"
"111","WDNHcd",3990,"f"
"112","cZVLcN",2970,"m"
"113","LdNK4E",3090,"m"
"114","5CZXYC",3240,"m"
"115","MATGdB",3150,"f"
"116","NBR2LE",3660,"m"
"117","MM7MHD",3090,"m"
"118","XQJNFQ",3510,"m"
"119","J3RPUM",3930,"m"
"120","J6GS2X",5820,"m"
"121","QDLBWP",4500,"f"
"122","36TYFV",4830,"f"
"123","46GXRG",4890,"m"
"124","WUCdQ6",4830,"m"
"125","K7GP2d",5340,"f"
"126","EcQK3N",5130,"m"
"127","cMD6FQ",4980,"m"
"128","EKACME",4740,"m"
"129","K7GP2d",5340,"f"
"130","7GKV4Y",5670,"m"
"131","F7J6RM",4770,"m"
"132","PU2VcV",4740,"o"
"133","C5HA27",4740,"f"
"134","USPAM2",4920,"f"
"135","USPAM2",4920,"f"
"136","CYHPFL",4950,"m"
"137","SHWDdD",5310,"m"
"138","27NPYH",4890,"f"
"139","3EXKKV",4950,"m"
"140","cMD6FQ",4920,"m"
"141","LRCNHV",5430,"m"
"142","PF76LW",5100,"m"
"143","N2ZVC6",5280,"m"
"144","B7TKT6",5040,"f"
"145","7GdZTX",5190,"m"
"146","735EB3",5250,"f"
"147","RHTVQE",5010,"m"
"148","VR4LYE",4500,"m"
"149","543XTU",5280,"m"
"150","775VNH",4890,"m"
"151","N54WCV",5760,"f"
"152","YAEUF5",5670,"m"
"153","WQU6QW",5190,"f"
"154","KRLDTE",4410,"m"
"155","V3dN5D",4890,"m"
"156","U32dEc",4950,"m"
"157","JD34YF",4530,"m"
"158","WYSHT3",4980,"m"
"159","MNMX4S",5370,"m"
"160","cX2D7c",4410,"f"
"161","UYRcFH",4650,"f"
"162","UKBcFN",4440,"m"
"163","DEJDGM",4440,"m"
"164","4URBHK",5070,"f"
"165","YKUEcM",4170,"f"
"166","P7Md7Y",4230,"f"
"167","6VN3FP",4980,"m"
"168","E5VGcY",4320,"f"
"169","NcPKdR",4740,"m"
"170","5C4cLF",4260,"m"
"171","YKVL6Y",4020,"m"
"172","LA3QLT",4770,"f"
"173","3EXKKV",4860,"m"
"174","4UTJ5C",4650,"f"
"175","Z46DHN",4140,"m"
"176","Rc27L6",5250,"f"
"177","T7C2LP",4950,"f"
"178","PCWHCD",4080,"m"
"179","YSMZLG",4530,"m"
"180","CJ2JZ3",4590,"m"
"181","VB2XLF",4110,"m"
"182","BVZU4W",4140,"m"
"183","LZWTJC",4140,"m"
"184","NN3UDW",4440,"m"
"185","7DNGNA",5070,"m"
"186","MQ5dCM",4260,"f"
"187","G3BWNN",4440,"m"
"188","J7d7Ed",4560,"m"
"189","6LXAJD",4350,"f"
"190","FEYCW6",4410,"m"
"191","W3c3ZK",5580,"m"
"192","BDKZEN",4050,"m"
"193","ZQ3TTU",4710,"m"
"194","XYX3RT",4680,"m"
"195","JKQG2U",4740,"f"
"196","VX7XXc",5040,"m"
"197","26TBKA",4080,"m"
"198","VMHNQA",4350,"f"
"199","cYHPQ5",4140,"m"
"200","KLdCX3",4260,"m"
"201","SL5H56",4260,"f"
"202","2CKBJK",4050,"m"
"203","P7Md7Y",4200,"f"
"204","VJ5H2T",5160,"o"
"205","B47FdD",3990,"m"
"206","J6DT2K",4560,"m"
"207","Vc73T7",4110,"m"
"208","2D2Pd2",5190,"f"
"209","AHG2DK",5700,"m"
"210","ERC7YR",3870,"f"
"211","QCPV75",4500,"m"
"212","CTJFJ4",4950,"m"
"213","FQNNUZ",5130,"f"
"214","J6GS2X",5640,"m"
"215","c3dQ5P",3720,"m"
"216","AVEH25",5070,"f"
"217","HMdQVZ",3870,"m"
"218","FBSJTZ",5820,"f"
"219","DHLRUE",4560,"m"
"220","CRAcZd",5430,"f"
"221","TDSRAc",4770,"f"
"222","RV46G2",4260,"m"
"223","2UMdLC",4170,"m"
"224","c53NTX",3870,"m"
"225","G5dAEK",4230,"m"
"226","G36QUX",3840,"m"
"227","Ddd43L",4500,"f"
"228","2MNUcZ",5460,"f"
"229","NSYUD6",3930,"f"
"230","F7J6RM",4620,"m"
"231","XKdc35",4170,"f"
"232","2HPcJ3",4980,"m"
"233","LN6TPF",4350,"f"
"234","5WcVK4",5160,"f"
"235","4BAHDN",3780,"m"
"236","cFCZPK",4950,"m"
"237","NKAPDd",5520,"m"
"238","H5HUVK",5250,"f"
"239","M6LdNB",4620,"m"
"240","5MGCBZ",4050,"m"
"241","ECZKcH",3090,"f"
"242","FXKXTL",4290,"f"
"243","4HBDTF",3840,"m"
"244","d2RNVQ",3090,"f"
"245","AZQZZJ",3480,"f"
"246","KYNWJ7",3420,"f"
"247","PWRD2W",3240,"f"
"248","THHUXY",2790,"f"
"249","CcXK5V",3630,"f"
"250","226DPJ",3870,"m"
"251","CT6TE2",2280,"f"
"252","dJUH64",2610,"m"
"253","MM7MHD",2910,"m"
"254","TRMZMN",2400,"f"
"255","DUJVEL",3150,"m"
"256","GE4NBT",5640,"m"
"257","XdAMGC",2550,"f"
"258","GLQULU",2640,"f"
"259","ADcDUM",3330,"m"
"260","dB3YRD",4290,"f"
"261","CACCCP",2880,"m"
"262","BJZGD2",3270,"f"
"263","SQPHC7",2310,"f"
"264","Kc6RMY",3330,"m"
"265","PBLZWN",5190,"f"
"266","VZ53KA",4110,"f"
"267","WUBBEK",2640,"m"
"268","XS57KJ",2190,"m"
"269","d3R2U4",3060,"f"
"270","RCAU4S",1980,"f"
"271","UGcYTS",2970,"f"
"272","LXRCcF",1980,"f"
"273","6WDXTc",2160,"m"
"274","37LAQX",2910,"m"
"275","YLJTKQ",1950,"f"
"276","KPRDT6",3480,"m"
"277","BVA42Y",1950,"f"
"278","KBQDD5",2700,"m"
"279","4QcY5E",2070,"f"
"280","4d2CPG",3000,"m"
"281","SDF2YR",2490,"m"
"282","7YdT45",2550,"f"
"283","ZALG7S",3570,"f"
"284","FJZ4BR",4530,"m"
"285","BZVQUN",3840,"f"
"286","BNXB5D",2640,"f"
"287","NDM42C",2220,"f"
"288","YM2G5C",1380,"f"
"289","747d4U",2040,"f"
"290","VEYGC2",3840,"m"
"291","6RDT55",4920,"f"
"292","c6dNFC",1500,"f"
"293","FW72XL",3150,"f"
"294","DY7SUJ",3870,"f"
"295","VdM6UX",2880,"m"
"296","4XE3KX",3600,"f"
"297","QdRUdL",4170,"m"
"298","VGGS3V",3480,"m"
"299","3STC7T",1500,"f"
"300","7W2BAS",3000,"f"
"301","CPcQFY",4470,"f"
"302","K6FCZV",3540,"m"
"303","QMLL2R",1530,"m"
"304","3ADQJK",1170,"m"
"305","YPMRcS",1710,"f"
"306","K7YdLP",5640,"f"
"307","DBFU24",4290,"f"
"308","KE6McV",4020,"f"
"309","Y5C3MY",2880,"m"
"310","VdA4LW",1290,"f"
"311","SCHcHE",3450,"m"
"312","GFRFTR",1920,"f"
"313","AF6JVZ",2490,"m"
"314","dADL67",1890,"f"
"315","4NJCTY",1590,"m"
"316","7JUJPC",2790,"m"
"317","Y2M3FQ",4230,"f"
"318","WDY6c7",2550,"f"
"319","C5HA27",4620,"f"
"320","PU2VcV",4620,"o"
"321","YFE323",2040,"m"
"322","GXJBPE",1170,"m"
"323","VRRTXM",3540,"f"
"324","65LC6N",1200,"m"
"325","EHPQXP",2670,"f"
"326","KN4QXT",1890,"m"
"327","5Q24K5",1290,"f"
"328","AEVA5R",2610,"f"
"329","PZ5DPJ",1170,"f"
"330","RL56d4",3060,"m"
"331","VRHSL4",3450,"f"
"332","SEAHSd",2100,"m"
"333","NSQ3X6",3420,"f"
"334","4VHdUK",5040,"m"
"335","AS4P67",2040,"f"
"336","Xd7JWC",2010,"m"
"337","PcR4BM",1980,"m"
"338","UPTL7Y",3720,"m"
"339","DHZ3NG",3600,"f"
"340","YLAdC4",1830,"f"
"341","PRPWZF",2220,"f"
"342","NMW7J7",1500,"f"
"343","MBCA5E",2730,"f"
"344","NPVQNQ",1740,"m"
"345","NEQP2Q",1860,"f"
"346","44WWDL",1890,"f"
"347","dMcX57",1650,"m"
"348","P2JCDF",1740,"m"
"349","XEKPSB",1980,"f"
"350","dJPCR7",2610,"m"
"351","QVDCEG",2760,"f"
"352","TJAT32",1260,"m"
"353","V5REVB",1500,"m"
"354","S7FVQH",2070,"m"
"355","347dJH",1800,"f"
"356","SCMMCA",3150,"f"
"357","J33Q67",1440,"m"
"358","PK2YGJ",4200,"m"
"359","3G522Y",2460,"f"
"360","W575AK",2790,"f"
"361","WQGT5Y",1200,"m"
"362","d6RFVM",4110,"m"
"363","GYU46J",4140,"f"
"364","2cLdd2",2970,"f"
"365","6FL4TM",2550,"f"
"366","QVSRQC",1980,"f"
"367","DKUY4F",1290,"f"
"368","XAVQXc",2100,"f"
"369","UZG2dX",2940,"m"
"370","KHRJM7",3810,"m"
"371","UAPd65",3060,"m"
"372","3XcSJ2",3810,"f"
"373","dR3ZQW",3240,"m"
"374","LUQK5d",1350,"f"
"375","KE3Z6Z",3810,"f"
"376","FVTKHG",2790,"f"
"377","5HHGcY",2640,"m"
"378","Fc7UHG",3270,"m"
"379","Q4EEd6",2460,"f"
"380","Ddd42B",4590,"m"
"381","cFJCJK",2490,"f"
"382","RL5F7C",1590,"m"
"383","QARBCD",3690,"m"
"384","c2DEY3",1200,"m"
"385","LKJRX3",2970,"f"
"386","7R4XY2",1350,"f"
"387","MR5MAH",2700,"f"
"388","Z6JWFD",3000,"m"
"389","FG5XVM",2550,"m"
"390","BLMEUH",1560,"f"
"391","XC7SMU",4050,"m"
"392","MBSYFS",1740,"m"
"393","2N2GAd",3060,"f"
"394","YPNJKP",1740,"f"
"395","BdHTN4",3420,"m"
"396","4JccdB",2820,"m"
"397","XQS345",1140,"f"
"398","EG4DM2",1680,"m"
"399","ZPAG2A",2400,"f"
"400","NBXP7N",3390,"m"
"401","cE3WXc",1530,"m"
"402","KRLDTE",4320,"m"
"403","NY2cZA",3510,"f"
"404","CUCSW3",2880,"m"
"405","NZKdcH",1530,"f"
"406","5Hd5XN",3720,"m"
"407","JFd4LQ",3120,"f"
"408","V6JVMB",2700,"m"
"409","WGSZS6",1920,"m"
"410","UQYP3K",2160,"f"
"411","P3MYF5",3300,"f"
"412","dcddCF",1770,"f"
"413","CAECUF",3870,"f"
"414","NZcKZR",2490,"m"
"415","3MGZ2D",1620,"f"
"416","Y324M2",4710,"m"
"417","RKKSJM",3030,"f"
"418","4ABCC4",1320,"f"
"419","K73D3S",1860,"f"
"420","5d3X5S",1620,"f"
"421","WDETH6",2670,"m"
"422","dZUWST",2340,"f"
"423","cYGACQ",1890,"f"
"424","dXAQG4",2760,"m"
"425","5WHcX5",3750,"m"
"426","K7R7CV",2550,"f"
"427","FG2KCN",1440,"f"
"428","YHGER6",3660,"f"
"429","XUUFNU",2460,"f"
"430","WPK4FZ",2760,"m"
"431","Q4cDH5",2310,"f"
"432","CXMSKS",2730,"f"
"433","EZ6FZQ",1650,"m"
"434","LCDQES",1530,"f"
"435","LKKFPd",2400,"f"
"436","Y4MHXV",2160,"m"
"437","2ZPdLJ",1500,"f"
"438","RC5T3R",3480,"f"
"439","6c4MZT",2850,"f"
"440","2ZBH3d",4020,"f"
"441","d44R4W",4110,"f"
"442","ZEYSWL",1560,"f"
"443","33NPWV",1380,"m"
"444","YMH4W3",1650,"f"
"445","PXBcNU",1500,"m"
"446","C2J3Kd",1350,"f"
"447","7UQ674",1200,"f"
"448","dJZ5QE",2850,"f"
"449","H3HBTJ",1380,"f"
"450","AEL3EQ",1200,"m"
"451","3BMEHF",2130,"m"
"452","HBWDcR",3210,"m"
"453","ARMW2Y",3900,"m"
"454","KMUTBA",2790,"f"
"455","SCHcHE",3420,"m"
"456","PXXPWV",2010,"m"
"457","GCCDGU",1200,"f"
"458","7EBDYc",3270,"f"
"459","4P2QUV",1860,"m"
"460","Z6D7dB",2220,"f"
"461","75ZW26",1620,"m"
"462","BC76CA",3780,"m"
"463","WMJVGR",3000,"m"
"464","dVMXCc",1770,"f"
"465","d5Ud2c",1920,"f"
"466","4VCRcA",2520,"f"
"467","CQKHMP",4980,"f"
"468","QRZ4QE",1530,"f"
"469","EFYJWW",2010,"f"
"470","LRAUYL",2010,"f"
"471","AWZXWB",1290,"f"
"472","R27BW6",5130,"m"
"473","PHK3XR",2610,"f"
"474","N4N6Q2",1890,"m"
"475","YFLMKE",2490,"m"
"476","5c5BKL",2400,"m"
"477","VDGZL2",1680,"m"
"478","cMD6FQ",5220,"m"
"479","GXGSFD",5640,"f"
"480","SJQQ2J",5130,"f"
"481","5WN27N",5250,"f"
"482","P3EcYE",5130,"f"
"483","AVEH25",5460,"f"
"484","MLH6HJ",5610,"f"
"485","42LZDc",5280,"f"
"486","FFZF7X",5160,"f"
"487","LRCNHV",5700,"m"
"488","F5REDH",5520,"m"
"489","7GdZTX",5460,"m"
"490","D7cM6P",5790,"f"
"491","JE64ZK",5460,"m"
"492","2dBUQX",5310,"f"
"493","Yd7WPT",5250,"f"
"494","735EB3",5460,"f"
"495","cG6dWL",5430,"m"
"496","ENUBED",5130,"m"
"497","J4S4Nd",5310,"f"
"498","RQXQ37",5610,"f"
"499","TDYH5c",5250,"f"
"500","H5HUVK",5520,"f"
"501","A3HVZU",5490,"m"
"502","Q5ZTWH",5130,"m"
"503","CPLE3C",5220,"m"
"504","VdRXdD",1350,"f"
"505","DGH6Ld",1440,"f"
"506","KTLJTX",1140,"f"
"507","5A2Y2B",1170,"f"
"508","GRLVFF",1230,"m"
"509","4Lc7HB",1110,"m"
"510","5TDN53",1350,"f"
"511","F5QMEJ",1320,"m"
"512","KU6RG5",2460,"m"
"513","B5SScH",2520,"f"
"514","XFMJ2D",2400,"m"
"515","XNAGCD",2310,"f"
"516","CTDG73",2490,"m"
"517","GQYEcF",2340,"f"
"518","DTXJAD",2400,"m"
"519","5EPF77",2400,"f"
"520","RBWAXG",2370,"f"
"521","NA75A3",1320,"f"
"522","ZFASAN",1260,"m"
"523","UPcFPQ",1170,"f"
"524","3BJL75",1320,"m"
"525","L6BNGd",1440,"m"
"526","4dR3DM",1530,"f"
"527","FG3c3c",1590,"m"
"528","3NRZDA",1110,"f"
"529","cKNVRc",1770,"f"
"530","KTLJTX",1140,"f"
"531","QZ77BB",1500,"m"
"532","DEH3SW",1230,"f"
"533","CFZAdK",1230,"m"
"534","223QZT",1590,"f"
"535","C2PTE3",1380,"f"
"536","RTVEE7",1560,"m"
"537","XUYCHN",1170,"f"
"538","CFGJVV",1140,"f"
"539","6RYcKQ",1260,"f"
"540","NX5FLF",1110,"f"
"541","ZP3B3N",1110,"f"
"542","RJ5WYZ",1290,"f"
"543","A5ZcC2",1140,"m"
"544","LFC354",1110,"f"
"545","FdK67M",1200,"f"
"546","K6SSNX",1110,"f"
"547","QEQAZZ",1440,"f"
"548","E5EL7R",5520,"f"
"549","AVEH25",5280,"f"
"550","5CETCY",5520,"m"
"551","KdTKRC",5730,"m"
"552","XQc656",2490,"m"
"553","3QARD5",2250,"m"
"554","BAA7SE",2310,"f"
"555","DRTVFR",2190,"f"
"556","X3U2KL",3300,"m"
"557","ZdWJU6",1200,"f"
"558","DZEEEQ",1140,"m"
"559","cLWD7X",1260,"m"
"560","VVcSLZ",1170,"m"
"561","YQXHAZ",1260,"m"
"562","A5ZcC2",1110,"m"
"563","4SGNPS",3780,"m"
"564","77P6BR",3300,"f"
"565","DJKFNX",3600,"m"
"566","EM566H",3480,"m"
"567","VHTSRV",3390,"m"
"568","UFEZMT",3870,"f"
"569","UNVGH4",3390,"f"
"570","G64NX2",3300,"f"
"571","UEXRGR",3300,"m"
"572","2RT5YX",3750,"f"
"573","5Hd5XN",3930,"m"
"574","M2VDRX",3390,"f"
"575","ALGACP",3630,"m"
"576","6VQ5NV",3330,"f"
"577","QE3QBc",3270,"m"
"578","RF7BV6",3030,"f"
"579","ZADALH",3630,"f"
"580","UDVQ7Y",3330,"m"
"581","ZU2PLS",3270,"f"
"582","H7RFHM",3030,"f"
"583","3NJBME",3360,"m"
"584","2cLdd2",3180,"f"
"585","U2YQXC",3870,"m"
"586","U2YQXC",3870,"m"
"587","VAKJdV",2940,"m"
"588","WDNHcd",3990,"f"
"589","cZVLcN",2970,"m"
"590","LdNK4E",3090,"m"
"591","5CZXYC",3240,"m"
"592","MATGdB",3150,"f"
"593","NBR2LE",3660,"m"
"594","MM7MHD",3090,"m"
"595","XQJNFQ",3510,"m"
"596","J3RPUM",3930,"m"
"597","J6GS2X",5820,"m"
"598","QDLBWP",4500,"f"
"599","36TYFV",4830,"f"
"600","46GXRG",4890,"m"
"601","WUCdQ6",4830,"m"
"602","K7GP2d",5340,"f"
"603","EcQK3N",5130,"m"
"604","cMD6FQ",4980,"m"
"605","EKACME",4740,"m"
"606","K7GP2d",5340,"f"
"607","7GKV4Y",5670,"m"
"608","F7J6RM",4770,"m"
"609","PU2VcV",4740,"o"
"610","C5HA27",4740,"f"
"611","USPAM2",4920,"f"
"612","USPAM2",4920,"f"
"613","CYHPFL",4950,"m"
"614","SHWDdD",5310,"m"
"615","27NPYH",4890,"f"
"616","3EXKKV",4950,"m"
"617","cMD6FQ",4920,"m"
"618","LRCNHV",5430,"m"
"619","PF76LW",5100,"m"
"620","N2ZVC6",5280,"m"
"621","B7TKT6",5040,"f"
"622","7GdZTX",5190,"m"
"623","735EB3",5250,"f"
"624","RHTVQE",5010,"m"
"625","VR4LYE",4500,"m"
"626","543XTU",5280,"m"
"627","775VNH",4890,"m"
"628","N54WCV",5760,"f"
"629","YAEUF5",5670,"m"
"630","WQU6QW",5190,"f"
"631","KRLDTE",4410,"m"
"632","V3dN5D",4890,"m"
"633","U32dEc",4950,"m"
"634","JD34YF",4530,"m"
"635","WYSHT3",4980,"m"
"636","MNMX4S",5370,"m"
"637","cX2D7c",4410,"f"
"638","UYRcFH",4650,"f"
"639","UKBcFN",4440,"m"
"640","DEJDGM",4440,"m"
"641","4URBHK",5070,"f"
"642","YKUEcM",4170,"f"
"643","P7Md7Y",4230,"f"
"644","6VN3FP",4980,"m"
"645","E5VGcY",4320,"f"
"646","NcPKdR",4740,"m"
"647","5C4cLF",4260,"m"
"648","YKVL6Y",4020,"m"
"649","LA3QLT",4770,"f"
"650","3EXKKV",4860,"m"
"651","4UTJ5C",4650,"f"
"652","Z46DHN",4140,"m"
"653","Rc27L6",5250,"f"
"654","T7C2LP",4950,"f"
"655","PCWHCD",4080,"m"
"656","YSMZLG",4530,"m"
"657","CJ2JZ3",4590,"m"
"658","VB2XLF",4110,"m"
"659","BVZU4W",4140,"m"
"660","LZWTJC",4140,"m"
"661","NN3UDW",4440,"m"
"662","7DNGNA",5070,"m"
"663","MQ5dCM",4260,"f"
"664","G3BWNN",4440,"m"
"665","J7d7Ed",4560,"m"
"666","6LXAJD",4350,"f"
"667","FEYCW6",4410,"m"
"668","W3c3ZK",5580,"m"
"669","BDKZEN",4050,"m"
"670","ZQ3TTU",4710,"m"
"671","XYX3RT",4680,"m"
"672","JKQG2U",4740,"f"
"673","VX7XXc",5040,"m"
"674","26TBKA",4080,"m"
"675","VMHNQA",4350,"f"
"676","cYHPQ5",4140,"m"
"677","KLdCX3",4260,"m"
"678","SL5H56",4260,"f"
"679","2CKBJK",4050,"m"
"680","P7Md7Y",4200,"f"
"681","VJ5H2T",5160,"o"
"682","B47FdD",3990,"m"
"683","J6DT2K",4560,"m"
"684","Vc73T7",4110,"m"
"685","2D2Pd2",5190,"f"
"686","AHG2DK",5700,"m"
"687","ERC7YR",3870,"f"
"688","QCPV75",4500,"m"
"689","CTJFJ4",4950,"m"
"690","FQNNUZ",5130,"f"
"691","J6GS2X",5640,"m"
"692","c3dQ5P",3720,"m"
"693","AVEH25",5070,"f"
"694","HMdQVZ",3870,"m"
"695","FBSJTZ",5820,"f"
"696","DHLRUE",4560,"m"
"697","CRAcZd",5430,"f"
"698","TDSRAc",4770,"f"
"699","RV46G2",4260,"m"
"700","2UMdLC",4170,"m"
"701","c53NTX",3870,"m"
"702","G5dAEK",4230,"m"
"703","G36QUX",3840,"m"
"704","Ddd43L",4500,"f"
"705","2MNUcZ",5460,"f"
"706","NSYUD6",3930,"f"
"707","F7J6RM",4620,"m"
"708","XKdc35",4170,"f"
"709","2HPcJ3",4980,"m"
"710","LN6TPF",4350,"f"
"711","5WcVK4",5160,"f"
"712","4BAHDN",3780,"m"
"713","cFCZPK",4950,"m"
"714","NKAPDd",5520,"m"
"715","H5HUVK",5250,"f"
"716","M6LdNB",4620,"m"
"717","5MGCBZ",4050,"m"
"718","ECZKcH",3090,"f"
"719","FXKXTL",4290,"f"
"720","4HBDTF",3840,"m"
"721","d2RNVQ",3090,"f"
"722","AZQZZJ",3480,"f"
"723","KYNWJ7",3420,"f"
"724","PWRD2W",3240,"f"
"725","THHUXY",2790,"f"
"726","CcXK5V",3630,"f"
"727","226DPJ",3870,"m"
"728","CT6TE2",2280,"f"
"729","dJUH64",2610,"m"
"730","MM7MHD",2910,"m"
"731","TRMZMN",2400,"f"
"732","DUJVEL",3150,"m"
"733","GE4NBT",5640,"m"
"734","XdAMGC",2550,"f"
"735","GLQULU",2640,"f"
"736","ADcDUM",3330,"m"
"737","dB3YRD",4290,"f"
"738","CACCCP",2880,"m"
"739","BJZGD2",3270,"f"
"740","SQPHC7",2310,"f"
"741","Kc6RMY",3330,"m"
"742","PBLZWN",5190,"f"
"743","VZ53KA",4110,"f"
"744","WUBBEK",2640,"m"
"745","XS57KJ",2190,"m"
"746","d3R2U4",3060,"f"
"747","RCAU4S",1980,"f"
"748","UGcYTS",2970,"f"
"749","LXRCcF",1980,"f"
"750","6WDXTc",2160,"m"
"751","37LAQX",2910,"m"
"752","YLJTKQ",1950,"f"
"753","KPRDT6",3480,"m"
"754","BVA42Y",1950,"f"
"755","KBQDD5",2700,"m"
"756","4QcY5E",2070,"f"
"757","4d2CPG",3000,"m"
"758","SDF2YR",2490,"m"
"759","7YdT45",2550,"f"
"760","ZALG7S",3570,"f"
"761","FJZ4BR",4530,"m"
"762","BZVQUN",3840,"f"
"763","BNXB5D",2640,"f"
"764","NDM42C",2220,"f"
"765","YM2G5C",1380,"f"
"766","747d4U",2040,"f"
"767","VEYGC2",3840,"m"
"768","6RDT55",4920,"f"
"769","c6dNFC",1500,"f"
"770","FW72XL",3150,"f"
"771","DY7SUJ",3870,"f"
"772","VdM6UX",2880,"m"
"773","4XE3KX",3600,"f"
"774","QdRUdL",4170,"m"
"775","VGGS3V",3480,"m"
"776","3STC7T",1500,"f"
"777","7W2BAS",3000,"f"
"778","CPcQFY",4470,"f"
"779","K6FCZV",3540,"m"
"780","QMLL2R",1530,"m"
"781","3ADQJK",1170,"m"
"782","YPMRcS",1710,"f"
"783","K7YdLP",5640,"f"
"784","DBFU24",4290,"f"
"785","KE6McV",4020,"f"
"786","Y5C3MY",2880,"m"
"787","VdA4LW",1290,"f"
"788","SCHcHE",3450,"m"
"789","GFRFTR",1920,"f"
"790","AF6JVZ",2490,"m"
"791","dADL67",1890,"f"
"792","4NJCTY",1590,"m"
"793","7JUJPC",2790,"m"
"794","Y2M3FQ",4230,"f"
"795","WDY6c7",2550,"f"
"796","C5HA27",4620,"f"
"797","PU2VcV",4620,"o"
"798","YFE323",2040,"m"
"799","GXJBPE",1170,"m"
"800","VRRTXM",3540,"f"
"801","65LC6N",1200,"m"
"802","EHPQXP",2670,"f"
"803","KN4QXT",1890,"m"
"804","5Q24K5",1290,"f"
"805","AEVA5R",2610,"f"
"806","PZ5DPJ",1170,"f"
"807","RL56d4",3060,"m"
"808","VRHSL4",3450,"f"
"809","SEAHSd",2100,"m"
"810","NSQ3X6",3420,"f"
"811","4VHdUK",5040,"m"
"812","AS4P67",2040,"f"
"813","Xd7JWC",2010,"m"
"814","PcR4BM",1980,"m"
"815","UPTL7Y",3720,"m"
"816","DHZ3NG",3600,"f"
"817","YLAdC4",1830,"f"
"818","PRPWZF",2220,"f"
"819","NMW7J7",1500,"f"
"820","MBCA5E",2730,"f"
"821","NPVQNQ",1740,"m"
"822","NEQP2Q",1860,"f"
"823","44WWDL",1890,"f"
"824","dMcX57",1650,"m"
"825","P2JCDF",1740,"m"
"826","XEKPSB",1980,"f"
"827","dJPCR7",2610,"m"
"828","QVDCEG",2760,"f"
"829","TJAT32",1260,"m"
"830","V5REVB",1500,"m"
"831","S7FVQH",2070,"m"
"832","347dJH",1800,"f"
"833","SCMMCA",3150,"f"
"834","J33Q67",1440,"m"
"835","PK2YGJ",4200,"m"
"836","3G522Y",2460,"f"
"837","W575AK",2790,"f"
"838","WQGT5Y",1200,"m"
"839","d6RFVM",4110,"m"
"840","GYU46J",4140,"f"
"841","2cLdd2",2970,"f"
"842","6FL4TM",2550,"f"
"843","QVSRQC",1980,"f"
"844","DKUY4F",1290,"f"
"845","XAVQXc",2100,"f"
"846","UZG2dX",2940,"m"
"847","KHRJM7",3810,"m"
"848","UAPd65",3060,"m"
"849","3XcSJ2",3810,"f"
"850","dR3ZQW",3240,"m"
"851","LUQK5d",1350,"f"
"852","KE3Z6Z",3810,"f"
"853","FVTKHG",2790,"f"
"854","5HHGcY",2640,"m"
"855","Fc7UHG",3270,"m"
"856","Q4EEd6",2460,"f"
"857","Ddd42B",4590,"m"
"858","cFJCJK",2490,"f"
"859","RL5F7C",1590,"m"
"860","QARBCD",3690,"m"
"861","c2DEY3",1200,"m"
"862","LKJRX3",2970,"f"
"863","7R4XY2",1350,"f"
"864","MR5MAH",2700,"f"
"865","Z6JWFD",3000,"m"
"866","FG5XVM",2550,"m"
"867","BLMEUH",1560,"f"
"868","XC7SMU",4050,"m"
"869","MBSYFS",1740,"m"
"870","2N2GAd",3060,"f"
"871","YPNJKP",1740,"f"
"872","BdHTN4",3420,"m"
"873","4JccdB",2820,"m"
"874","XQS345",1140,"f"
"875","EG4DM2",1680,"m"
"876","ZPAG2A",2400,"f"
"877","NBXP7N",3390,"m"
"878","cE3WXc",1530,"m"
"879","KRLDTE",4320,"m"
"880","NY2cZA",3510,"f"
"881","CUCSW3",2880,"m"
"882","NZKdcH",1530,"f"
"883","5Hd5XN",3720,"m"
"884","JFd4LQ",3120,"f"
"885","V6JVMB",2700,"m"
"886","WGSZS6",1920,"m"
"887","UQYP3K",2160,"f"
"888","P3MYF5",3300,"f"
"889","dcddCF",1770,"f"
"890","CAECUF",3870,"f"
"891","NZcKZR",2490,"m"
"892","3MGZ2D",1620,"f"
"893","Y324M2",4710,"m"
"894","RKKSJM",3030,"f"
"895","4ABCC4",1320,"f"
"896","K73D3S",1860,"f"
"897","5d3X5S",1620,"f"
"898","WDETH6",2670,"m"
"899","dZUWST",2340,"f"
"900","cYGACQ",1890,"f"
"901","dXAQG4",2760,"m"
"902","5WHcX5",3750,"m"
"903","K7R7CV",2550,"f"
"904","FG2KCN",1440,"f"
"905","YHGER6",3660,"f"
"906","XUUFNU",2460,"f"
"907","WPK4FZ",2760,"m"
"908","Q4cDH5",2310,"f"
"909","CXMSKS",2730,"f"
"910","EZ6FZQ",1650,"m"
"911","LCDQES",1530,"f"
"912","LKKFPd",2400,"f"
"913","Y4MHXV",2160,"m"
"914","2ZPdLJ",1500,"f"
"915","RC5T3R",3480,"f"
"916","6c4MZT",2850,"f"
"917","2ZBH3d",4020,"f"
"918","d44R4W",4110,"f"
"919","ZEYSWL",1560,"f"
"920","33NPWV",1380,"m"
"921","YMH4W3",1650,"f"
"922","PXBcNU",1500,"m"
"923","C2J3Kd",1350,"f"
"924","7UQ674",1200,"f"
"925","dJZ5QE",2850,"f"
"926","H3HBTJ",1380,"f"
"927","AEL3EQ",1200,"m"
"928","3BMEHF",2130,"m"
"929","HBWDcR",3210,"m"
"930","ARMW2Y",3900,"m"
"931","KMUTBA",2790,"f"
"932","SCHcHE",3420,"m"
"933","PXXPWV",2010,"m"
"934","GCCDGU",1200,"f"
"935","7EBDYc",3270,"f"
"936","4P2QUV",1860,"m"
"937","Z6D7dB",2220,"f"
"938","75ZW26",1620,"m"
"939","BC76CA",3780,"m"
"940","WMJVGR",3000,"m"
"941","dVMXCc",1770,"f"
"942","d5Ud2c",1920,"f"
"943","4VCRcA",2520,"f"
"944","CQKHMP",4980,"f"
"945","QRZ4QE",1530,"f"
"946","EFYJWW",2010,"f"
"947","LRAUYL",2010,"f"
"948","AWZXWB",1290,"f"
"949","R27BW6",5130,"m"
"950","PHK3XR",2610,"f"
"951","N4N6Q2",1890,"m"
"952","YFLMKE",2490,"m"
"953","5c5BKL",2400,"m"
"954","VDGZL2",1680,"m"
"955","cMD6FQ",5220,"m"
"956","GXGSFD",5640,"f"
"957","SJQQ2J",5130,"f"
"958","5WN27N",5250,"f"
"959","P3EcYE",5130,"f"
"960","AVEH25",5460,"f"
"961","MLH6HJ",5610,"f"
"962","42LZDc",5280,"f"
"963","FFZF7X",5160,"f"
"964","LRCNHV",5700,"m"
"965","F5REDH",5520,"m"
"966","7GdZTX",5460,"m"
"967","D7cM6P",5790,"f"
"968","JE64ZK",5460,"m"
"969","2dBUQX",5310,"f"
"970","Yd7WPT",5250,"f"
"971","735EB3",5460,"f"
"972","cG6dWL",5430,"m"
"973","ENUBED",5130,"m"
"974","J4S4Nd",5310,"f"
"975","RQXQ37",5610,"f"
"976","TDYH5c",5250,"f"
"977","H5HUVK",5520,"f"
"978","A3HVZU",5490,"m"
"979","Q5ZTWH",5130,"m"
"980","CPLE3C",5220,"m"
"981","VdRXdD",1350,"f"
"982","DGH6Ld",1440,"f"
"983","KTLJTX",1140,"f"
"984","5A2Y2B",1170,"f"
"985","GRLVFF",1230,"m"
"986","4Lc7HB",1110,"m"
"987","5TDN53",1350,"f"
"988","F5QMEJ",1320,"m"
"989","KU6RG5",2460,"m"
"990","B5SScH",2520,"f"
"991","XFMJ2D",2400,"m"
"992","XNAGCD",2310,"f"
"993","CTDG73",2490,"m"
"994","GQYEcF",2340,"f"
"995","DTXJAD",2400,"m"
"996","5EPF77",2400,"f"
"997","RBWAXG",2370,"f"
"998","NA75A3",1320,"f"
"999","ZFASAN",1260,"m"
"1000","UPcFPQ",1170,"f"
"1001","3BJL75",1320,"m"
"1002","L6BNGd",1440,"m"
"1003","4dR3DM",1530,"f"
"1004","FG3c3c",1590,"m"
"1005","3NRZDA",1110,"f"
"1006","cKNVRc",1770,"f"
"1007","KTLJTX",1140,"f"
"1008","QZ77BB",1500,"m"
"1009","DEH3SW",1230,"f"
"1010","CFZAdK",1230,"m"
"1011","223QZT",1590,"f"
"1012","C2PTE3",1380,"f"
"1013","RTVEE7",1560,"m"
"1014","XUYCHN",1170,"f"
"1015","CFGJVV",1140,"f"
"1016","6RYcKQ",1260,"f"
"1017","NX5FLF",1110,"f"
"1018","ZP3B3N",1110,"f"
"1019","RJ5WYZ",1290,"f"
"1020","A5ZcC2",1140,"m"
"1021","LFC354",1110,"f"
"1022","FdK67M",1200,"f"
"1023","K6SSNX",1110,"f"
"1024","QEQAZZ",1440,"f"
"1025","E5EL7R",5520,"f"
"1026","AVEH25",5280,"f"
"1027","5CETCY",5520,"m"
"1028","KdTKRC",5730,"m"
"1029","XQc656",2490,"m"
"1030","3QARD5",2250,"m"
"1031","BAA7SE",2310,"f"
"1032","DRTVFR",2190,"f"
"1033","X3U2KL",3300,"m"
"1034","ZdWJU6",1200,"f"
"1035","DZEEEQ",1140,"m"
"1036","cLWD7X",1260,"m"
"1037","VVcSLZ",1170,"m"
"1038","YQXHAZ",1260,"m"
"1039","A5ZcC2",1110,"m"
"1040","4SGNPS",3780,"m"
"1041","77P6BR",3300,"f"
"1042","DJKFNX",3600,"m"
"1043","EM566H",3480,"m"
"1044","VHTSRV",3390,"m"
"1045","UFEZMT",3870,"f"
"1046","UNVGH4",3390,"f"
"1047","G64NX2",3300,"f"
"1048","UEXRGR",3300,"m"
"1049","2RT5YX",3750,"f"
"1050","5Hd5XN",3930,"m"
"1051","M2VDRX",3390,"f"
"1052","ALGACP",3630,"m"
"1053","6VQ5NV",3330,"f"
"1054","QE3QBc",3270,"m"
"1055","RF7BV6",3030,"f"
"1056","ZADALH",3630,"f"
"1057","UDVQ7Y",3330,"m"
"1058","ZU2PLS",3270,"f"
"1059","H7RFHM",3030,"f"
"1060","3NJBME",3360,"m"
"1061","2cLdd2",3180,"f"
"1062","U2YQXC",3870,"m"
"1063","U2YQXC",3870,"m"
"1064","VAKJdV",2940,"m"
"1065","WDNHcd",3990,"f"
"1066","cZVLcN",2970,"m"
"1067","LdNK4E",3090,"m"
"1068","5CZXYC",3240,"m"
"1069","MATGdB",3150,"f"
"1070","NBR2LE",3660,"m"
"1071","MM7MHD",3090,"m"
"1072","XQJNFQ",3510,"m"
"1073","J3RPUM",3930,"m"
"1074","J6GS2X",5820,"m"
"1075","QDLBWP",4500,"f"
"1076","36TYFV",4830,"f"
"1077","46GXRG",4890,"m"
"1078","WUCdQ6",4830,"m"
"1079","K7GP2d",5340,"f"
"1080","EcQK3N",5130,"m"
"1081","cMD6FQ",4980,"m"
"1082","EKACME",4740,"m"
"1083","K7GP2d",5340,"f"
"1084","7GKV4Y",5670,"m"
"1085","F7J6RM",4770,"m"
"1086","PU2VcV",4740,"o"
"1087","C5HA27",4740,"f"
"1088","USPAM2",4920,"f"
"1089","USPAM2",4920,"f"
"1090","CYHPFL",4950,"m"
"1091","SHWDdD",5310,"m"
"1092","27NPYH",4890,"f"
"1093","3EXKKV",4950,"m"
"1094","cMD6FQ",4920,"m"
"1095","LRCNHV",5430,"m"
"1096","PF76LW",5100,"m"
"1097","N2ZVC6",5280,"m"
"1098","B7TKT6",5040,"f"
"1099","7GdZTX",5190,"m"
"1100","735EB3",5250,"f"
"1101","RHTVQE",5010,"m"
"1102","VR4LYE",4500,"m"
"1103","543XTU",5280,"m"
"1104","775VNH",4890,"m"
"1105","N54WCV",5760,"f"
"1106","YAEUF5",5670,"m"
"1107","WQU6QW",5190,"f"
"1108","KRLDTE",4410,"m"
"1109","V3dN5D",4890,"m"
"1110","U32dEc",4950,"m"
"1111","JD34YF",4530,"m"
"1112","WYSHT3",4980,"m"
"1113","MNMX4S",5370,"m"
"1114","cX2D7c",4410,"f"
"1115","UYRcFH",4650,"f"
"1116","UKBcFN",4440,"m"
"1117","DEJDGM",4440,"m"
"1118","4URBHK",5070,"f"
"1119","YKUEcM",4170,"f"
"1120","P7Md7Y",4230,"f"
"1121","6VN3FP",4980,"m"
"1122","E5VGcY",4320,"f"
"1123","NcPKdR",4740,"m"
"1124","5C4cLF",4260,"m"
"1125","YKVL6Y",4020,"m"
"1126","LA3QLT",4770,"f"
"1127","3EXKKV",4860,"m"
"1128","4UTJ5C",4650,"f"
"1129","Z46DHN",4140,"m"
"1130","Rc27L6",5250,"f"
"1131","T7C2LP",4950,"f"
"1132","PCWHCD",4080,"m"
"1133","YSMZLG",4530,"m"
"1134","CJ2JZ3",4590,"m"
"1135","VB2XLF",4110,"m"
"1136","BVZU4W",4140,"m"
"1137","LZWTJC",4140,"m"
"1138","NN3UDW",4440,"m"
"1139","7DNGNA",5070,"m"
"1140","MQ5dCM",4260,"f"
"1141","G3BWNN",4440,"m"
"1142","J7d7Ed",4560,"m"
"1143","6LXAJD",4350,"f"
"1144","FEYCW6",4410,"m"
"1145","W3c3ZK",5580,"m"
"1146","BDKZEN",4050,"m"
"1147","ZQ3TTU",4710,"m"
"1148","XYX3RT",4680,"m"
"1149","JKQG2U",4740,"f"
"1150","VX7XXc",5040,"m"
"1151","26TBKA",4080,"m"
"1152","VMHNQA",4350,"f"
"1153","cYHPQ5",4140,"m"
"1154","KLdCX3",4260,"m"
"1155","SL5H56",4260,"f"
"1156","2CKBJK",4050,"m"
"1157","P7Md7Y",4200,"f"
"1158","VJ5H2T",5160,"o"
"1159","B47FdD",3990,"m"
"1160","J6DT2K",4560,"m"
"1161","Vc73T7",4110,"m"
"1162","2D2Pd2",5190,"f"
"1163","AHG2DK",5700,"m"
"1164","ERC7YR",3870,"f"
"1165","QCPV75",4500,"m"
"1166","CTJFJ4",4950,"m"
"1167","FQNNUZ",5130,"f"
"1168","J6GS2X",5640,"m"
"1169","c3dQ5P",3720,"m"
"1170","AVEH25",5070,"f"
"1171","HMdQVZ",3870,"m"
"1172","FBSJTZ",5820,"f"
"1173","DHLRUE",4560,"m"
"1174","CRAcZd",5430,"f"
"1175","TDSRAc",4770,"f"
"1176","RV46G2",4260,"m"
"1177","2UMdLC",4170,"m"
"1178","c53NTX",3870,"m"
"1179","G5dAEK",4230,"m"
"1180","G36QUX",3840,"m"
"1181","Ddd43L",4500,"f"
"1182","2MNUcZ",5460,"f"
"1183","NSYUD6",3930,"f"
"1184","F7J6RM",4620,"m"
"1185","XKdc35",4170,"f"
"1186","2HPcJ3",4980,"m"
"1187","LN6TPF",4350,"f"
"1188","5WcVK4",5160,"f"
"1189","4BAHDN",3780,"m"
"1190","cFCZPK",4950,"m"
"1191","NKAPDd",5520,"m"
"1192","H5HUVK",5250,"f"
"1193","M6LdNB",4620,"m"
"1194","5MGCBZ",4050,"m"
"1195","ECZKcH",3090,"f"
"1196","FXKXTL",4290,"f"
"1197","4HBDTF",3840,"m"
"1198","d2RNVQ",3090,"f"
"1199","AZQZZJ",3480,"f"
"1200","KYNWJ7",3420,"f"
"1201","PWRD2W",3240,"f"
"1202","THHUXY",2790,"f"
"1203","CcXK5V",3630,"f"
"1204","226DPJ",3870,"m"
"1205","CT6TE2",2280,"f"
"1206","dJUH64",2610,"m"
"1207","MM7MHD",2910,"m"
"1208","TRMZMN",2400,"f"
"1209","DUJVEL",3150,"m"
"1210","GE4NBT",5640,"m"
"1211","XdAMGC",2550,"f"
"1212","GLQULU",2640,"f"
"1213","ADcDUM",3330,"m"
"1214","dB3YRD",4290,"f"
"1215","CACCCP",2880,"m"
"1216","BJZGD2",3270,"f"
"1217","SQPHC7",2310,"f"
"1218","Kc6RMY",3330,"m"
"1219","PBLZWN",5190,"f"
"1220","VZ53KA",4110,"f"
"1221","WUBBEK",2640,"m"
"1222","XS57KJ",2190,"m"
"1223","d3R2U4",3060,"f"
"1224","RCAU4S",1980,"f"
"1225","UGcYTS",2970,"f"
"1226","LXRCcF",1980,"f"
"1227","6WDXTc",2160,"m"
"1228","37LAQX",2910,"m"
"1229","YLJTKQ",1950,"f"
"1230","KPRDT6",3480,"m"
"1231","BVA42Y",1950,"f"
"1232","KBQDD5",2700,"m"
"1233","4QcY5E",2070,"f"
"1234","4d2CPG",3000,"m"
"1235","SDF2YR",2490,"m"
"1236","7YdT45",2550,"f"
"1237","ZALG7S",3570,"f"
"1238","FJZ4BR",4530,"m"
"1239","BZVQUN",3840,"f"
"1240","BNXB5D",2640,"f"
"1241","NDM42C",2220,"f"
"1242","YM2G5C",1380,"f"
"1243","747d4U",2040,"f"
"1244","VEYGC2",3840,"m"
"1245","6RDT55",4920,"f"
"1246","c6dNFC",1500,"f"
"1247","FW72XL",3150,"f"
"1248","DY7SUJ",3870,"f"
"1249","VdM6UX",2880,"m"
"1250","4XE3KX",3600,"f"
"1251","QdRUdL",4170,"m"
"1252","VGGS3V",3480,"m"
"1253","3STC7T",1500,"f"
"1254","7W2BAS",3000,"f"
"1255","CPcQFY",4470,"f"
"1256","K6FCZV",3540,"m"
"1257","QMLL2R",1530,"m"
"1258","3ADQJK",1170,"m"
"1259","YPMRcS",1710,"f"
"1260","K7YdLP",5640,"f"
"1261","DBFU24",4290,"f"
"1262","KE6McV",4020,"f"
"1263","Y5C3MY",2880,"m"
"1264","VdA4LW",1290,"f"
"1265","SCHcHE",3450,"m"
"1266","GFRFTR",1920,"f"
"1267","AF6JVZ",2490,"m"
"1268","dADL67",1890,"f"
"1269","4NJCTY",1590,"m"
"1270","7JUJPC",2790,"m"
"1271","Y2M3FQ",4230,"f"
"1272","WDY6c7",2550,"f"
"1273","C5HA27",4620,"f"
"1274","PU2VcV",4620,"o"
"1275","YFE323",2040,"m"
"1276","GXJBPE",1170,"m"
"1277","VRRTXM",3540,"f"
"1278","65LC6N",1200,"m"
"1279","EHPQXP",2670,"f"
"1280","KN4QXT",1890,"m"
"1281","5Q24K5",1290,"f"
"1282","AEVA5R",2610,"f"
"1283","PZ5DPJ",1170,"f"
"1284","RL56d4",3060,"m"
"1285","VRHSL4",3450,"f"
"1286","SEAHSd",2100,"m"
"1287","NSQ3X6",3420,"f"
"1288","4VHdUK",5040,"m"
"1289","AS4P67",2040,"f"
"1290","Xd7JWC",2010,"m"
"1291","PcR4BM",1980,"m"
"1292","UPTL7Y",3720,"m"
"1293","DHZ3NG",3600,"f"
"1294","YLAdC4",1830,"f"
"1295","PRPWZF",2220,"f"
"1296","NMW7J7",1500,"f"
"1297","MBCA5E",2730,"f"
"1298","NPVQNQ",1740,"m"
"1299","NEQP2Q",1860,"f"
"1300","44WWDL",1890,"f"
"1301","dMcX57",1650,"m"
"1302","P2JCDF",1740,"m"
"1303","XEKPSB",1980,"f"
"1304","dJPCR7",2610,"m"
"1305","QVDCEG",2760,"f"
"1306","TJAT32",1260,"m"
"1307","V5REVB",1500,"m"
"1308","S7FVQH",2070,"m"
"1309","347dJH",1800,"f"
"1310","SCMMCA",3150,"f"
"1311","J33Q67",1440,"m"
"1312","PK2YGJ",4200,"m"
"1313","3G522Y",2460,"f"
"1314","W575AK",2790,"f"
"1315","WQGT5Y",1200,"m"
"1316","d6RFVM",4110,"m"
"1317","GYU46J",4140,"f"
"1318","2cLdd2",2970,"f"
"1319","6FL4TM",2550,"f"
"1320","QVSRQC",1980,"f"
"1321","DKUY4F",1290,"f"
"1322","XAVQXc",2100,"f"
"1323","UZG2dX",2940,"m"
"1324","KHRJM7",3810,"m"
"1325","UAPd65",3060,"m"
"1326","3XcSJ2",3810,"f"
"1327","dR3ZQW",3240,"m"
"1328","LUQK5d",1350,"f"
"1329","KE3Z6Z",3810,"f"
"1330","FVTKHG",2790,"f"
"1331","5HHGcY",2640,"m"
"1332","Fc7UHG",3270,"m"
"1333","Q4EEd6",2460,"f"
"1334","Ddd42B",4590,"m"
"1335","cFJCJK",2490,"f"
"1336","RL5F7C",1590,"m"
"1337","QARBCD",3690,"m"
"1338","c2DEY3",1200,"m"
"1339","LKJRX3",2970,"f"
"1340","7R4XY2",1350,"f"
"1341","MR5MAH",2700,"f"
"1342","Z6JWFD",3000,"m"
"1343","FG5XVM",2550,"m"
"1344","BLMEUH",1560,"f"
"1345","XC7SMU",4050,"m"
"1346","MBSYFS",1740,"m"
"1347","2N2GAd",3060,"f"
"1348","YPNJKP",1740,"f"
"1349","BdHTN4",3420,"m"
"1350","4JccdB",2820,"m"
"1351","XQS345",1140,"f"
"1352","EG4DM2",1680,"m"
"1353","ZPAG2A",2400,"f"
"1354","NBXP7N",3390,"m"
"1355","cE3WXc",1530,"m"
"1356","KRLDTE",4320,"m"
"1357","NY2cZA",3510,"f"
"1358","CUCSW3",2880,"m"
"1359","NZKdcH",1530,"f"
"1360","5Hd5XN",3720,"m"
"1361","JFd4LQ",3120,"f"
"1362","V6JVMB",2700,"m"
"1363","WGSZS6",1920,"m"
"1364","UQYP3K",2160,"f"
"1365","P3MYF5",3300,"f"
"1366","dcddCF",1770,"f"
"1367","CAECUF",3870,"f"
"1368","NZcKZR",2490,"m"
"1369","3MGZ2D",1620,"f"
"1370","Y324M2",4710,"m"
"1371","RKKSJM",3030,"f"
"1372","4ABCC4",1320,"f"
"1373","K73D3S",1860,"f"
"1374","5d3X5S",1620,"f"
"1375","WDETH6",2670,"m"
"1376","dZUWST",2340,"f"
"1377","cYGACQ",1890,"f"
"1378","dXAQG4",2760,"m"
"1379","5WHcX5",3750,"m"
"1380","K7R7CV",2550,"f"
"1381","FG2KCN",1440,"f"
"1382","YHGER6",3660,"f"
"1383","XUUFNU",2460,"f"
"1384","WPK4FZ",2760,"m"
"1385","Q4cDH5",2310,"f"
"1386","CXMSKS",2730,"f"
"1387","EZ6FZQ",1650,"m"
"1388","LCDQES",1530,"f"
"1389","LKKFPd",2400,"f"
"1390","Y4MHXV",2160,"m"
"1391","2ZPdLJ",1500,"f"
"1392","RC5T3R",3480,"f"
"1393","6c4MZT",2850,"f"
"1394","2ZBH3d",4020,"f"
"1395","d44R4W",4110,"f"
"1396","ZEYSWL",1560,"f"
"1397","33NPWV",1380,"m"
"1398","YMH4W3",1650,"f"
"1399","PXBcNU",1500,"m"
"1400","C2J3Kd",1350,"f"
"1401","7UQ674",1200,"f"
"1402","dJZ5QE",2850,"f"
"1403","H3HBTJ",1380,"f"
"1404","AEL3EQ",1200,"m"
"1405","3BMEHF",2130,"m"
"1406","HBWDcR",3210,"m"
"1407","ARMW2Y",3900,"m"
"1408","KMUTBA",2790,"f"
"1409","SCHcHE",3420,"m"
"1410","PXXPWV",2010,"m"
"1411","GCCDGU",1200,"f"
"1412","7EBDYc",3270,"f"
"1413","4P2QUV",1860,"m"
"1414","Z6D7dB",2220,"f"
"1415","75ZW26",1620,"m"
"1416","BC76CA",3780,"m"
"1417","WMJVGR",3000,"m"
"1418","dVMXCc",1770,"f"
"1419","d5Ud2c",1920,"f"
"1420","4VCRcA",2520,"f"
"1421","CQKHMP",4980,"f"
"1422","QRZ4QE",1530,"f"
"1423","EFYJWW",2010,"f"
"1424","LRAUYL",2010,"f"
"1425","AWZXWB",1290,"f"
"1426","R27BW6",5130,"m"
"1427","PHK3XR",2610,"f"
"1428","N4N6Q2",1890,"m"
"1429","YFLMKE",2490,"m"
"1430","5c5BKL",2400,"m"
"1431","VDGZL2",1680,"m"
"1432","cMD6FQ",5220,"m"
"1433","GXGSFD",5640,"f"
"1434","SJQQ2J",5130,"f"
"1435","5WN27N",5250,"f"
"1436","P3EcYE",5130,"f"
"1437","AVEH25",5460,"f"
"1438","MLH6HJ",5610,"f"
"1439","42LZDc",5280,"f"
"1440","FFZF7X",5160,"f"
"1441","LRCNHV",5700,"m"
"1442","F5REDH",5520,"m"
"1443","7GdZTX",5460,"m"
"1444","D7cM6P",5790,"f"
"1445","JE64ZK",5460,"m"
"1446","2dBUQX",5310,"f"
"1447","Yd7WPT",5250,"f"
"1448","735EB3",5460,"f"
"1449","cG6dWL",5430,"m"
"1450","ENUBED",5130,"m"
"1451","J4S4Nd",5310,"f"
"1452","RQXQ37",5610,"f"
"1453","TDYH5c",5250,"f"
"1454","H5HUVK",5520,"f"
"1455","A3HVZU",5490,"m"
"1456","Q5ZTWH",5130,"m"
"1457","CPLE3C",5220,"m"
"1458","VdRXdD",1350,"f"
"1459","DGH6Ld",1440,"f"
"1460","KTLJTX",1140,"f"
"1461","5A2Y2B",1170,"f"
"1462","GRLVFF",1230,"m"
"1463","4Lc7HB",1110,"m"
"1464","5TDN53",1350,"f"
"1465","F5QMEJ",1320,"m"
"1466","KU6RG5",2460,"m"
"1467","B5SScH",2520,"f"
"1468","XFMJ2D",2400,"m"
"1469","XNAGCD",2310,"f"
"1470","CTDG73",2490,"m"
"1471","GQYEcF",2340,"f"
"1472","DTXJAD",2400,"m"
"1473","5EPF77",2400,"f"
"1474","RBWAXG",2370,"f"
"1475","NA75A3",1320,"f"
"1476","ZFASAN",1260,"m"
"1477","UPcFPQ",1170,"f"
"1478","3BJL75",1320,"m"
"1479","L6BNGd",1440,"m"
"1480","4dR3DM",1530,"f"
"1481","FG3c3c",1590,"m"
"1482","3NRZDA",1110,"f"
"1483","cKNVRc",1770,"f"
"1484","KTLJTX",1140,"f"
"1485","QZ77BB",1500,"m"
"1486","DEH3SW",1230,"f"
"1487","CFZAdK",1230,"m"
"1488","223QZT",1590,"f"
"1489","C2PTE3",1380,"f"
"1490","RTVEE7",1560,"m"
"1491","XUYCHN",1170,"f"
"1492","CFGJVV",1140,"f"
"1493","6RYcKQ",1260,"f"
"1494","NX5FLF",1110,"f"
"1495","ZP3B3N",1110,"f"
"1496","RJ5WYZ",1290,"f"
"1497","A5ZcC2",1140,"m"
"1498","LFC354",1110,"f"
"1499","FdK67M",1200,"f"
"1500","K6SSNX",1110,"f"
"1501","QEQAZZ",1440,"f"
"1502","E5EL7R",5520,"f"
"1503","AVEH25",5280,"f"
"1504","5CETCY",5520,"m"
"1505","KdTKRC",5730,"m"
"1506","XQc656",2490,"m"
"1507","3QARD5",2250,"m"
"1508","BAA7SE",2310,"f"
"1509","DRTVFR",2190,"f"
"1510","X3U2KL",3300,"m"
"1511","ZdWJU6",1200,"f"
"1512","DZEEEQ",1140,"m"
"1513","DZEEEQ",1140,"m"
"1514","cLWD7X",1260,"m"
"1515","cLWD7X",1260,"m"
"1516","cLWD7X",1260,"m"
"1517","VVcSLZ",1170,"m"
"1518","YQXHAZ",1260,"m"
"1519","A5ZcC2",1110,"m"
"1520","4SGNPS",3780,"m"
"1521","77P6BR",3300,"f"
"1522","DJKFNX",3600,"m"
"1523","EM566H",3480,"m"
"1524","VHTSRV",3390,"m"
"1525","UFEZMT",3870,"f"
"1526","UNVGH4",3390,"f"
"1527","G64NX2",3300,"f"
"1528","UEXRGR",3300,"m"
"1529","2RT5YX",3750,"f"
"1530","5Hd5XN",3930,"m"
"1531","M2VDRX",3390,"f"
"1532","ALGACP",3630,"m"
"1533","ALGACP",3630,"m"
"1534","6VQ5NV",3330,"f"
"1535","QE3QBc",3270,"m"
"1536","RF7BV6",3030,"f"
"1537","ZADALH",3630,"f"
"1538","UDVQ7Y",3330,"m"
"1539","ZU2PLS",3270,"f"
"1540","H7RFHM",3030,"f"
"1541","3NJBME",3360,"m"
"1542","2cLdd2",3180,"f"
"1543","U2YQXC",3870,"m"
"1544","U2YQXC",3870,"m"
"1545","VAKJdV",2940,"m"
"1546","WDNHcd",3990,"f"
"1547","cZVLcN",2970,"m"
"1548","LdNK4E",3090,"m"
"1549","5CZXYC",3240,"m"
"1550","MATGdB",3150,"f"
"1551","NBR2LE",3660,"m"
"1552","MM7MHD",3090,"m"
"1553","XQJNFQ",3510,"m"
"1554","J3RPUM",3930,"m"
"1555","J6GS2X",5820,"m"
"1556","QDLBWP",4500,"f"
"1557","36TYFV",4830,"f"
"1558","46GXRG",4890,"m"
"1559","WUCdQ6",4830,"m"
"1560","K7GP2d",5340,"f"
"1561","EcQK3N",5130,"m"
"1562","cMD6FQ",4980,"m"
"1563","EKACME",4740,"m"
"1564","K7GP2d",5340,"f"
"1565","7GKV4Y",5670,"m"
"1566","F7J6RM",4770,"m"
"1567","PU2VcV",4740,"o"
"1568","C5HA27",4740,"f"
"1569","USPAM2",4920,"f"
"1570","USPAM2",4920,"f"
"1571","CYHPFL",4950,"m"
"1572","SHWDdD",5310,"m"
"1573","27NPYH",4890,"f"
"1574","3EXKKV",4950,"m"
"1575","cMD6FQ",4920,"m"
"1576","LRCNHV",5430,"m"
"1577","PF76LW",5100,"m"
"1578","N2ZVC6",5280,"m"
"1579","B7TKT6",5040,"f"
"1580","7GdZTX",5190,"m"
"1581","735EB3",5250,"f"
"1582","RHTVQE",5010,"m"
"1583","VR4LYE",4500,"m"
"1584","543XTU",5280,"m"
"1585","775VNH",4890,"m"
"1586","N54WCV",5760,"f"
"1587","YAEUF5",5670,"m"
"1588","WQU6QW",5190,"f"
"1589","KRLDTE",4410,"m"
"1590","V3dN5D",4890,"m"
"1591","U32dEc",4950,"m"
"1592","JD34YF",4530,"m"
"1593","WYSHT3",4980,"m"
"1594","MNMX4S",5370,"m"
"1595","cX2D7c",4410,"f"
"1596","UYRcFH",4650,"f"
"1597","UKBcFN",4440,"m"
"1598","DEJDGM",4440,"m"
"1599","4URBHK",5070,"f"
"1600","YKUEcM",4170,"f"
"1601","P7Md7Y",4230,"f"
"1602","6VN3FP",4980,"m"
"1603","E5VGcY",4320,"f"
"1604","NcPKdR",4740,"m"
"1605","5C4cLF",4260,"m"
"1606","YKVL6Y",4020,"m"
"1607","LA3QLT",4770,"f"
"1608","3EXKKV",4860,"m"
"1609","4UTJ5C",4650,"f"
"1610","Z46DHN",4140,"m"
"1611","Rc27L6",5250,"f"
"1612","T7C2LP",4950,"f"
"1613","PCWHCD",4080,"m"
"1614","YSMZLG",4530,"m"
"1615","CJ2JZ3",4590,"m"
"1616","VB2XLF",4110,"m"
"1617","BVZU4W",4140,"m"
"1618","LZWTJC",4140,"m"
"1619","NN3UDW",4440,"m"
"1620","7DNGNA",5070,"m"
"1621","MQ5dCM",4260,"f"
"1622","G3BWNN",4440,"m"
"1623","G3BWNN",4440,"m"
"1624","J7d7Ed",4560,"m"
"1625","6LXAJD",4350,"f"
"1626","FEYCW6",4410,"m"
"1627","W3c3ZK",5580,"m"
"1628","BDKZEN",4050,"m"
"1629","ZQ3TTU",4710,"m"
"1630","XYX3RT",4680,"m"
"1631","JKQG2U",4740,"f"
"1632","VX7XXc",5040,"m"
"1633","26TBKA",4080,"m"
"1634","VMHNQA",4350,"f"
"1635","VMHNQA",4350,"f"
"1636","VMHNQA",4350,"f"
"1637","cYHPQ5",4140,"m"
"1638","cYHPQ5",4140,"m"
"1639","KLdCX3",4260,"m"
"1640","SL5H56",4260,"f"
"1641","SL5H56",4260,"f"
"1642","2CKBJK",4050,"m"
"1643","P7Md7Y",4200,"f"
"1644","VJ5H2T",5160,"o"
"1645","B47FdD",3990,"m"
"1646","J6DT2K",4560,"m"
"1647","Vc73T7",4110,"m"
"1648","2D2Pd2",5190,"f"
"1649","2D2Pd2",5190,"f"
"1650","AHG2DK",5700,"m"
"1651","ERC7YR",3870,"f"
"1652","QCPV75",4500,"m"
"1653","CTJFJ4",4950,"m"
"1654","FQNNUZ",5130,"f"
"1655","J6GS2X",5640,"m"
"1656","c3dQ5P",3720,"m"
"1657","AVEH25",5070,"f"
"1658","HMdQVZ",3870,"m"
"1659","FBSJTZ",5820,"f"
"1660","DHLRUE",4560,"m"
"1661","CRAcZd",5430,"f"
"1662","TDSRAc",4770,"f"
"1663","RV46G2",4260,"m"
"1664","2UMdLC",4170,"m"
"1665","c53NTX",3870,"m"
"1666","G5dAEK",4230,"m"
"1667","G36QUX",3840,"m"
"1668","Ddd43L",4500,"f"
"1669","2MNUcZ",5460,"f"
"1670","2MNUcZ",5460,"f"
"1671","NSYUD6",3930,"f"
"1672","F7J6RM",4620,"m"
"1673","XKdc35",4170,"f"
"1674","2HPcJ3",4980,"m"
"1675","2HPcJ3",4980,"m"
"1676","LN6TPF",4350,"f"
"1677","5WcVK4",5160,"f"
"1678","4BAHDN",3780,"m"
"1679","cFCZPK",4950,"m"
"1680","NKAPDd",5520,"m"
"1681","H5HUVK",5250,"f"
"1682","M6LdNB",4620,"m"
"1683","5MGCBZ",4050,"m"
"1684","ECZKcH",3090,"f"
"1685","FXKXTL",4290,"f"
"1686","4HBDTF",3840,"m"
"1687","d2RNVQ",3090,"f"
"1688","AZQZZJ",3480,"f"
"1689","KYNWJ7",3420,"f"
"1690","PWRD2W",3240,"f"
"1691","THHUXY",2790,"f"
"1692","CcXK5V",3630,"f"
"1693","226DPJ",3870,"m"
"1694","CT6TE2",2280,"f"
"1695","dJUH64",2610,"m"
"1696","MM7MHD",2910,"m"
"1697","MM7MHD",2910,"m"
"1698","TRMZMN",2400,"f"
"1699","DUJVEL",3150,"m"
"1700","GE4NBT",5640,"m"
"1701","XdAMGC",2550,"f"
"1702","GLQULU",2640,"f"
"1703","ADcDUM",3330,"m"
"1704","dB3YRD",4290,"f"
"1705","CACCCP",2880,"m"
"1706","BJZGD2",3270,"f"
"1707","SQPHC7",2310,"f"
"1708","Kc6RMY",3330,"m"
"1709","PBLZWN",5190,"f"
"1710","VZ53KA",4110,"f"
"1711","WUBBEK",2640,"m"
"1712","XS57KJ",2190,"m"
"1713","d3R2U4",3060,"f"
"1714","RCAU4S",1980,"f"
"1715","UGcYTS",2970,"f"
"1716","LXRCcF",1980,"f"
"1717","6WDXTc",2160,"m"
"1718","37LAQX",2910,"m"
"1719","YLJTKQ",1950,"f"
"1720","KPRDT6",3480,"m"
"1721","BVA42Y",1950,"f"
"1722","KBQDD5",2700,"m"
"1723","4QcY5E",2070,"f"
"1724","4d2CPG",3000,"m"
"1725","SDF2YR",2490,"m"
"1726","7YdT45",2550,"f"
"1727","ZALG7S",3570,"f"
"1728","FJZ4BR",4530,"m"
"1729","BZVQUN",3840,"f"
"1730","BNXB5D",2640,"f"
"1731","NDM42C",2220,"f"
"1732","YM2G5C",1380,"f"
"1733","747d4U",2040,"f"
"1734","VEYGC2",3840,"m"
"1735","6RDT55",4920,"f"
"1736","c6dNFC",1500,"f"
"1737","FW72XL",3150,"f"
"1738","DY7SUJ",3870,"f"
"1739","VdM6UX",2880,"m"
"1740","4XE3KX",3600,"f"
"1741","QdRUdL",4170,"m"
"1742","VGGS3V",3480,"m"
"1743","3STC7T",1500,"f"
"1744","7W2BAS",3000,"f"
"1745","CPcQFY",4470,"f"
"1746","K6FCZV",3540,"m"
"1747","QMLL2R",1530,"m"
"1748","3ADQJK",1170,"m"
"1749","YPMRcS",1710,"f"
"1750","K7YdLP",5640,"f"
"1751","DBFU24",4290,"f"
"1752","DBFU24",4290,"f"
"1753","KE6McV",4020,"f"
"1754","Y5C3MY",2880,"m"
"1755","VdA4LW",1290,"f"
"1756","SCHcHE",3450,"m"
"1757","GFRFTR",1920,"f"
"1758","AF6JVZ",2490,"m"
"1759","dADL67",1890,"f"
"1760","4NJCTY",1590,"m"
"1761","7JUJPC",2790,"m"
"1762","Y2M3FQ",4230,"f"
"1763","WDY6c7",2550,"f"
"1764","C5HA27",4620,"f"
"1765","PU2VcV",4620,"o"
"1766","YFE323",2040,"m"
"1767","GXJBPE",1170,"m"
"1768","VRRTXM",3540,"f"
"1769","65LC6N",1200,"m"
"1770","EHPQXP",2670,"f"
"1771","KN4QXT",1890,"m"
"1772","5Q24K5",1290,"f"
"1773","AEVA5R",2610,"f"
"1774","PZ5DPJ",1170,"f"
"1775","RL56d4",3060,"m"
"1776","VRHSL4",3450,"f"
"1777","SEAHSd",2100,"m"
"1778","NSQ3X6",3420,"f"
"1779","4VHdUK",5040,"m"
"1780","4VHdUK",5040,"m"
"1781","AS4P67",2040,"f"
"1782","Xd7JWC",2010,"m"
"1783","PcR4BM",1980,"m"
"1784","UPTL7Y",3720,"m"
"1785","DHZ3NG",3600,"f"
"1786","YLAdC4",1830,"f"
"1787","PRPWZF",2220,"f"
"1788","NMW7J7",1500,"f"
"1789","MBCA5E",2730,"f"
"1790","NPVQNQ",1740,"m"
"1791","NEQP2Q",1860,"f"
"1792","44WWDL",1890,"f"
"1793","dMcX57",1650,"m"
"1794","P2JCDF",1740,"m"
"1795","XEKPSB",1980,"f"
"1796","dJPCR7",2610,"m"
"1797","QVDCEG",2760,"f"
"1798","TJAT32",1260,"m"
"1799","V5REVB",1500,"m"
"1800","S7FVQH",2070,"m"
"1801","347dJH",1800,"f"
"1802","SCMMCA",3150,"f"
"1803","J33Q67",1440,"m"
"1804","PK2YGJ",4200,"m"
"1805","3G522Y",2460,"f"
"1806","3G522Y",2460,"f"
"1807","W575AK",2790,"f"
"1808","WQGT5Y",1200,"m"
"1809","d6RFVM",4110,"m"
"1810","GYU46J",4140,"f"
"1811","2cLdd2",2970,"f"
"1812","6FL4TM",2550,"f"
"1813","QVSRQC",1980,"f"
"1814","DKUY4F",1290,"f"
"1815","XAVQXc",2100,"f"
"1816","UZG2dX",2940,"m"
"1817","KHRJM7",3810,"m"
"1818","UAPd65",3060,"m"
"1819","3XcSJ2",3810,"f"
"1820","dR3ZQW",3240,"m"
"1821","LUQK5d",1350,"f"
"1822","KE3Z6Z",3810,"f"
"1823","FVTKHG",2790,"f"
"1824","5HHGcY",2640,"m"
"1825","Fc7UHG",3270,"m"
"1826","Q4EEd6",2460,"f"
"1827","Ddd42B",4590,"m"
"1828","cFJCJK",2490,"f"
"1829","RL5F7C",1590,"m"
"1830","QARBCD",3690,"m"
"1831","c2DEY3",1200,"m"
"1832","LKJRX3",2970,"f"
"1833","7R4XY2",1350,"f"
"1834","MR5MAH",2700,"f"
"1835","Z6JWFD",3000,"m"
"1836","FG5XVM",2550,"m"
"1837","BLMEUH",1560,"f"
"1838","XC7SMU",4050,"m"
"1839","MBSYFS",1740,"m"
"1840","2N2GAd",3060,"f"
"1841","YPNJKP",1740,"f"
"1842","BdHTN4",3420,"m"
"1843","4JccdB",2820,"m"
"1844","4JccdB",2820,"m"
"1845","XQS345",1140,"f"
"1846","EG4DM2",1680,"m"
"1847","ZPAG2A",2400,"f"
"1848","NBXP7N",3390,"m"
"1849","cE3WXc",1530,"m"
"1850","KRLDTE",4320,"m"
"1851","KRLDTE",4320,"m"
"1852","NY2cZA",3510,"f"
"1853","CUCSW3",2880,"m"
"1854","NZKdcH",1530,"f"
"1855","5Hd5XN",3720,"m"
"1856","JFd4LQ",3120,"f"
"1857","V6JVMB",2700,"m"
"1858","WGSZS6",1920,"m"
"1859","UQYP3K",2160,"f"
"1860","P3MYF5",3300,"f"
"1861","dcddCF",1770,"f"
"1862","CAECUF",3870,"f"
"1863","NZcKZR",2490,"m"
"1864","3MGZ2D",1620,"f"
"1865","Y324M2",4710,"m"
"1866","RKKSJM",3030,"f"
"1867","4ABCC4",1320,"f"
"1868","K73D3S",1860,"f"
"1869","5d3X5S",1620,"f"
"1870","WDETH6",2670,"m"
"1871","dZUWST",2340,"f"
"1872","cYGACQ",1890,"f"
"1873","dXAQG4",2760,"m"
"1874","5WHcX5",3750,"m"
"1875","K7R7CV",2550,"f"
"1876","FG2KCN",1440,"f"
"1877","YHGER6",3660,"f"
"1878","XUUFNU",2460,"f"
"1879","WPK4FZ",2760,"m"
"1880","Q4cDH5",2310,"f"
"1881","CXMSKS",2730,"f"
"1882","EZ6FZQ",1650,"m"
"1883","LCDQES",1530,"f"
"1884","LKKFPd",2400,"f"
"1885","Y4MHXV",2160,"m"
"1886","2ZPdLJ",1500,"f"
"1887","RC5T3R",3480,"f"
"1888","6c4MZT",2850,"f"
"1889","2ZBH3d",4020,"f"
"1890","d44R4W",4110,"f"
"1891","ZEYSWL",1560,"f"
"1892","33NPWV",1380,"m"
"1893","YMH4W3",1650,"f"
"1894","YMH4W3",1650,"f"
"1895","YMH4W3",1650,"f"
"1896","PXBcNU",1500,"m"
"1897","C2J3Kd",1350,"f"
"1898","7UQ674",1200,"f"
"1899","dJZ5QE",2850,"f"
"1900","H3HBTJ",1380,"f"
"1901","AEL3EQ",1200,"m"
"1902","3BMEHF",2130,"m"
"1903","HBWDcR",3210,"m"
"1904","ARMW2Y",3900,"m"
"1905","KMUTBA",2790,"f"
"1906","SCHcHE",3420,"m"
"1907","PXXPWV",2010,"m"
"1908","GCCDGU",1200,"f"
"1909","7EBDYc",3270,"f"
"1910","4P2QUV",1860,"m"
"1911","Z6D7dB",2220,"f"
"1912","75ZW26",1620,"m"
"1913","BC76CA",3780,"m"
"1914","WMJVGR",3000,"m"
"1915","dVMXCc",1770,"f"
"1916","d5Ud2c",1920,"f"
"1917","4VCRcA",2520,"f"
"1918","CQKHMP",4980,"f"
"1919","QRZ4QE",1530,"f"
"1920","EFYJWW",2010,"f"
"1921","LRAUYL",2010,"f"
"1922","AWZXWB",1290,"f"
"1923","R27BW6",5130,"m"
"1924","PHK3XR",2610,"f"
"1925","N4N6Q2",1890,"m"
"1926","YFLMKE",2490,"m"
"1927","5c5BKL",2400,"m"
"1928","VDGZL2",1680,"m"
"1929","cMD6FQ",5220,"m"
"1930","GXGSFD",5640,"f"
"1931","SJQQ2J",5130,"f"
"1932","5WN27N",5250,"f"
"1933","P3EcYE",5130,"f"
"1934","AVEH25",5460,"f"
"1935","MLH6HJ",5610,"f"
"1936","42LZDc",5280,"f"
"1937","FFZF7X",5160,"f"
"1938","LRCNHV",5700,"m"
"1939","F5REDH",5520,"m"
"1940","7GdZTX",5460,"m"
"1941","D7cM6P",5790,"f"
"1942","JE64ZK",5460,"m"
"1943","2dBUQX",5310,"f"
"1944","Yd7WPT",5250,"f"
"1945","735EB3",5460,"f"
"1946","cG6dWL",5430,"m"
"1947","ENUBED",5130,"m"
"1948","J4S4Nd",5310,"f"
"1949","RQXQ37",5610,"f"
"1950","TDYH5c",5250,"f"
"1951","H5HUVK",5520,"f"
"1952","A3HVZU",5490,"m"
"1953","Q5ZTWH",5130,"m"
"1954","CPLE3C",5220,"m"
"1955","VdRXdD",1350,"f"
"1956","DGH6Ld",1440,"f"
"1957","KTLJTX",1140,"f"
"1958","5A2Y2B",1170,"f"
"1959","GRLVFF",1230,"m"
"1960","4Lc7HB",1110,"m"
"1961","5TDN53",1350,"f"
"1962","F5QMEJ",1320,"m"
"1963","KU6RG5",2460,"m"
"1964","B5SScH",2520,"f"
"1965","XFMJ2D",2400,"m"
"1966","XNAGCD",2310,"f"
"1967","CTDG73",2490,"m"
"1968","GQYEcF",2340,"f"
"1969","DTXJAD",2400,"m"
"1970","5EPF77",2400,"f"
"1971","RBWAXG",2370,"f"
"1972","NA75A3",1320,"f"
"1973","ZFASAN",1260,"m"
"1974","UPcFPQ",1170,"f"
"1975","3BJL75",1320,"m"
"1976","L6BNGd",1440,"m"
"1977","4dR3DM",1530,"f"
"1978","FG3c3c",1590,"m"
"1979","3NRZDA",1110,"f"
"1980","cKNVRc",1770,"f"
"1981","KTLJTX",1140,"f"
"1982","QZ77BB",1500,"m"
"1983","DEH3SW",1230,"f"
"1984","CFZAdK",1230,"m"
"1985","223QZT",1590,"f"
"1986","C2PTE3",1380,"f"
"1987","RTVEE7",1560,"m"
"1988","XUYCHN",1170,"f"
"1989","CFGJVV",1140,"f"
"1990","6RYcKQ",1260,"f"
"1991","NX5FLF",1110,"f"
"1992","ZP3B3N",1110,"f"
"1993","RJ5WYZ",1290,"f"
"1994","A5ZcC2",1140,"m"
"1995","LFC354",1110,"f"
"1996","FdK67M",1200,"f"
"1997","K6SSNX",1110,"f"
"1998","QEQAZZ",1440,"f"
"1999","E5EL7R",5520,"f"
"2000","AVEH25",5280,"f"
"2001","5CETCY",5520,"m"
"2002","KdTKRC",5730,"m"
"2003","XQc656",2490,"m"
"2004","3QARD5",2250,"m"
"2005","BAA7SE",2310,"f"
"2006","DRTVFR",2190,"f"
"2007","X3U2KL",3300,"m"
"2008","ZdWJU6",1200,"f"
"2009","DZEEEQ",1140,"m"
"2010","cLWD7X",1260,"m"
"2011","VVcSLZ",1170,"m"
"2012","YQXHAZ",1260,"m"
"2013","A5ZcC2",1110,"m"
"2014","4SGNPS",3780,"m"
"2015","77P6BR",3300,"f"
"2016","DJKFNX",3600,"m"
"2017","EM566H",3480,"m"
"2018","VHTSRV",3390,"m"
"2019","UFEZMT",3870,"f"
"2020","UNVGH4",3390,"f"
"2021","G64NX2",3300,"f"
"2022","UEXRGR",3300,"m"
"2023","2RT5YX",3750,"f"
"2024","5Hd5XN",3930,"m"
"2025","M2VDRX",3390,"f"
"2026","ALGACP",3630,"m"
"2027","6VQ5NV",3330,"f"
"2028","QE3QBc",3270,"m"
"2029","RF7BV6",3030,"f"
"2030","ZADALH",3630,"f"
"2031","UDVQ7Y",3330,"m"
"2032","ZU2PLS",3270,"f"
"2033","H7RFHM",3030,"f"
"2034","3NJBME",3360,"m"
"2035","2cLdd2",3180,"f"
"2036","U2YQXC",3870,"m"
"2037","U2YQXC",3870,"m"
"2038","VAKJdV",2940,"m"
"2039","WDNHcd",3990,"f"
"2040","cZVLcN",2970,"m"
"2041","LdNK4E",3090,"m"
"2042","5CZXYC",3240,"m"
"2043","MATGdB",3150,"f"
"2044","NBR2LE",3660,"m"
"2045","MM7MHD",3090,"m"
"2046","XQJNFQ",3510,"m"
"2047","J3RPUM",3930,"m"
"2048","J6GS2X",5820,"m"
"2049","QDLBWP",4500,"f"
"2050","36TYFV",4830,"f"
"2051","46GXRG",4890,"m"
"2052","WUCdQ6",4830,"m"
"2053","K7GP2d",5340,"f"
"2054","EcQK3N",5130,"m"
"2055","cMD6FQ",4980,"m"
"2056","EKACME",4740,"m"
"2057","K7GP2d",5340,"f"
"2058","7GKV4Y",5670,"m"
"2059","F7J6RM",4770,"m"
"2060","PU2VcV",4740,"o"
"2061","C5HA27",4740,"f"
"2062","USPAM2",4920,"f"
"2063","USPAM2",4920,"f"
"2064","CYHPFL",4950,"m"
"2065","SHWDdD",5310,"m"
"2066","27NPYH",4890,"f"
"2067","3EXKKV",4950,"m"
"2068","cMD6FQ",4920,"m"
"2069","LRCNHV",5430,"m"
"2070","PF76LW",5100,"m"
"2071","N2ZVC6",5280,"m"
"2072","B7TKT6",5040,"f"
"2073","7GdZTX",5190,"m"
"2074","735EB3",5250,"f"
"2075","RHTVQE",5010,"m"
"2076","VR4LYE",4500,"m"
"2077","543XTU",5280,"m"
"2078","775VNH",4890,"m"
"2079","N54WCV",5760,"f"
"2080","YAEUF5",5670,"m"
"2081","WQU6QW",5190,"f"
"2082","KRLDTE",4410,"m"
"2083","V3dN5D",4890,"m"
"2084","U32dEc",4950,"m"
"2085","JD34YF",4530,"m"
"2086","WYSHT3",4980,"m"
"2087","MNMX4S",5370,"m"
"2088","cX2D7c",4410,"f"
"2089","UYRcFH",4650,"f"
"2090","UKBcFN",4440,"m"
"2091","DEJDGM",4440,"m"
"2092","4URBHK",5070,"f"
"2093","YKUEcM",4170,"f"
"2094","P7Md7Y",4230,"f"
"2095","6VN3FP",4980,"m"
"2096","E5VGcY",4320,"f"
"2097","NcPKdR",4740,"m"
"2098","5C4cLF",4260,"m"
"2099","YKVL6Y",4020,"m"
"2100","LA3QLT",4770,"f"
"2101","3EXKKV",4860,"m"
"2102","4UTJ5C",4650,"f"
"2103","Z46DHN",4140,"m"
"2104","Rc27L6",5250,"f"
"2105","T7C2LP",4950,"f"
"2106","PCWHCD",4080,"m"
"2107","YSMZLG",4530,"m"
"2108","CJ2JZ3",4590,"m"
"2109","VB2XLF",4110,"m"
"2110","BVZU4W",4140,"m"
"2111","LZWTJC",4140,"m"
"2112","NN3UDW",4440,"m"
"2113","7DNGNA",5070,"m"
"2114","MQ5dCM",4260,"f"
"2115","G3BWNN",4440,"m"
"2116","G3BWNN",4440,"m"
"2117","J7d7Ed",4560,"m"
"2118","6LXAJD",4350,"f"
"2119","FEYCW6",4410,"m"
"2120","W3c3ZK",5580,"m"
"2121","BDKZEN",4050,"m"
"2122","ZQ3TTU",4710,"m"
"2123","XYX3RT",4680,"m"
"2124","JKQG2U",4740,"f"
"2125","VX7XXc",5040,"m"
"2126","26TBKA",4080,"m"
"2127","VMHNQA",4350,"f"
"2128","VMHNQA",4350,"f"
"2129","cYHPQ5",4140,"m"
"2130","KLdCX3",4260,"m"
"2131","SL5H56",4260,"f"
"2132","2CKBJK",4050,"m"
"2133","P7Md7Y",4200,"f"
"2134","VJ5H2T",5160,"o"
"2135","B47FdD",3990,"m"
"2136","J6DT2K",4560,"m"
"2137","Vc73T7",4110,"m"
"2138","2D2Pd2",5190,"f"
"2139","2D2Pd2",5190,"f"
"2140","AHG2DK",5700,"m"
"2141","ERC7YR",3870,"f"
"2142","QCPV75",4500,"m"
"2143","CTJFJ4",4950,"m"
"2144","FQNNUZ",5130,"f"
"2145","J6GS2X",5640,"m"
"2146","c3dQ5P",3720,"m"
"2147","AVEH25",5070,"f"
"2148","HMdQVZ",3870,"m"
"2149","FBSJTZ",5820,"f"
"2150","DHLRUE",4560,"m"
"2151","CRAcZd",5430,"f"
"2152","TDSRAc",4770,"f"
"2153","RV46G2",4260,"m"
"2154","2UMdLC",4170,"m"
"2155","c53NTX",3870,"m"
"2156","G5dAEK",4230,"m"
"2157","G36QUX",3840,"m"
"2158","Ddd43L",4500,"f"
"2159","2MNUcZ",5460,"f"
"2160","2MNUcZ",5460,"f"
"2161","NSYUD6",3930,"f"
"2162","F7J6RM",4620,"m"
"2163","XKdc35",4170,"f"
"2164","2HPcJ3",4980,"m"
"2165","LN6TPF",4350,"f"
"2166","5WcVK4",5160,"f"
"2167","4BAHDN",3780,"m"
"2168","cFCZPK",4950,"m"
"2169","NKAPDd",5520,"m"
"2170","H5HUVK",5250,"f"
"2171","M6LdNB",4620,"m"
"2172","5MGCBZ",4050,"m"
"2173","ECZKcH",3090,"f"
"2174","FXKXTL",4290,"f"
"2175","4HBDTF",3840,"m"
"2176","d2RNVQ",3090,"f"
"2177","AZQZZJ",3480,"f"
"2178","KYNWJ7",3420,"f"
"2179","PWRD2W",3240,"f"
"2180","THHUXY",2790,"f"
"2181","CcXK5V",3630,"f"
"2182","226DPJ",3870,"m"
"2183","CT6TE2",2280,"f"
"2184","dJUH64",2610,"m"
"2185","MM7MHD",2910,"m"
"2186","MM7MHD",2910,"m"
"2187","TRMZMN",2400,"f"
"2188","DUJVEL",3150,"m"
"2189","GE4NBT",5640,"m"
"2190","XdAMGC",2550,"f"
"2191","GLQULU",2640,"f"
"2192","ADcDUM",3330,"m"
"2193","dB3YRD",4290,"f"
"2194","CACCCP",2880,"m"
"2195","BJZGD2",3270,"f"
"2196","SQPHC7",2310,"f"
"2197","Kc6RMY",3330,"m"
"2198","PBLZWN",5190,"f"
"2199","VZ53KA",4110,"f"
"2200","WUBBEK",2640,"m"
"2201","XS57KJ",2190,"m"
"2202","d3R2U4",3060,"f"
"2203","RCAU4S",1980,"f"
"2204","UGcYTS",2970,"f"
"2205","LXRCcF",1980,"f"
"2206","6WDXTc",2160,"m"
"2207","37LAQX",2910,"m"
"2208","YLJTKQ",1950,"f"
"2209","KPRDT6",3480,"m"
"2210","BVA42Y",1950,"f"
"2211","KBQDD5",2700,"m"
"2212","4QcY5E",2070,"f"
"2213","4d2CPG",3000,"m"
"2214","SDF2YR",2490,"m"
"2215","7YdT45",2550,"f"
"2216","ZALG7S",3570,"f"
"2217","FJZ4BR",4530,"m"
"2218","BZVQUN",3840,"f"
"2219","BNXB5D",2640,"f"
"2220","NDM42C",2220,"f"
"2221","YM2G5C",1380,"f"
"2222","747d4U",2040,"f"
"2223","VEYGC2",3840,"m"
"2224","6RDT55",4920,"f"
"2225","c6dNFC",1500,"f"
"2226","FW72XL",3150,"f"
"2227","DY7SUJ",3870,"f"
"2228","VdM6UX",2880,"m"
"2229","4XE3KX",3600,"f"
"2230","QdRUdL",4170,"m"
"2231","VGGS3V",3480,"m"
"2232","3STC7T",1500,"f"
"2233","7W2BAS",3000,"f"
"2234","CPcQFY",4470,"f"
"2235","K6FCZV",3540,"m"
"2236","QMLL2R",1530,"m"
"2237","3ADQJK",1170,"m"
"2238","YPMRcS",1710,"f"
"2239","K7YdLP",5640,"f"
"2240","DBFU24",4290,"f"
"2241","DBFU24",4290,"f"
"2242","KE6McV",4020,"f"
"2243","Y5C3MY",2880,"m"
"2244","VdA4LW",1290,"f"
"2245","SCHcHE",3450,"m"
"2246","GFRFTR",1920,"f"
"2247","AF6JVZ",2490,"m"
"2248","dADL67",1890,"f"
"2249","4NJCTY",1590,"m"
"2250","7JUJPC",2790,"m"
"2251","Y2M3FQ",4230,"f"
"2252","WDY6c7",2550,"f"
"2253","C5HA27",4620,"f"
"2254","PU2VcV",4620,"o"
"2255","YFE323",2040,"m"
"2256","GXJBPE",1170,"m"
"2257","VRRTXM",3540,"f"
"2258","65LC6N",1200,"m"
"2259","EHPQXP",2670,"f"
"2260","KN4QXT",1890,"m"
"2261","5Q24K5",1290,"f"
"2262","AEVA5R",2610,"f"
"2263","PZ5DPJ",1170,"f"
"2264","RL56d4",3060,"m"
"2265","VRHSL4",3450,"f"
"2266","SEAHSd",2100,"m"
"2267","NSQ3X6",3420,"f"
"2268","4VHdUK",5040,"m"
"2269","4VHdUK",5040,"m"
"2270","AS4P67",2040,"f"
"2271","Xd7JWC",2010,"m"
"2272","PcR4BM",1980,"m"
"2273","UPTL7Y",3720,"m"
"2274","DHZ3NG",3600,"f"
"2275","YLAdC4",1830,"f"
"2276","PRPWZF",2220,"f"
"2277","NMW7J7",1500,"f"
"2278","MBCA5E",2730,"f"
"2279","NPVQNQ",1740,"m"
"2280","NEQP2Q",1860,"f"
"2281","44WWDL",1890,"f"
"2282","dMcX57",1650,"m"
"2283","P2JCDF",1740,"m"
"2284","XEKPSB",1980,"f"
"2285","dJPCR7",2610,"m"
"2286","QVDCEG",2760,"f"
"2287","TJAT32",1260,"m"
"2288","V5REVB",1500,"m"
"2289","S7FVQH",2070,"m"
"2290","347dJH",1800,"f"
"2291","SCMMCA",3150,"f"
"2292","J33Q67",1440,"m"
"2293","PK2YGJ",4200,"m"
"2294","3G522Y",2460,"f"
"2295","3G522Y",2460,"f"
"2296","W575AK",2790,"f"
"2297","WQGT5Y",1200,"m"
"2298","d6RFVM",4110,"m"
"2299","GYU46J",4140,"f"
"2300","2cLdd2",2970,"f"
"2301","6FL4TM",2550,"f"
"2302","QVSRQC",1980,"f"
"2303","DKUY4F",1290,"f"
"2304","XAVQXc",2100,"f"
"2305","UZG2dX",2940,"m"
"2306","KHRJM7",3810,"m"
"2307","UAPd65",3060,"m"
"2308","3XcSJ2",3810,"f"
"2309","dR3ZQW",3240,"m"
"2310","LUQK5d",1350,"f"
"2311","KE3Z6Z",3810,"f"
"2312","FVTKHG",2790,"f"
"2313","5HHGcY",2640,"m"
"2314","Fc7UHG",3270,"m"
"2315","Q4EEd6",2460,"f"
"2316","Ddd42B",4590,"m"
"2317","cFJCJK",2490,"f"
"2318","RL5F7C",1590,"m"
"2319","QARBCD",3690,"m"
"2320","c2DEY3",1200,"m"
"2321","LKJRX3",2970,"f"
"2322","7R4XY2",1350,"f"
"2323","MR5MAH",2700,"f"
"2324","Z6JWFD",3000,"m"
"2325","FG5XVM",2550,"m"
"2326","BLMEUH",1560,"f"
"2327","XC7SMU",4050,"m"
"2328","MBSYFS",1740,"m"
"2329","2N2GAd",3060,"f"
"2330","YPNJKP",1740,"f"
"2331","BdHTN4",3420,"m"
"2332","4JccdB",2820,"m"
"2333","4JccdB",2820,"m"
"2334","XQS345",1140,"f"
"2335","EG4DM2",1680,"m"
"2336","ZPAG2A",2400,"f"
"2337","NBXP7N",3390,"m"
"2338","cE3WXc",1530,"m"
"2339","KRLDTE",4320,"m"
"2340","NY2cZA",3510,"f"
"2341","CUCSW3",2880,"m"
"2342","NZKdcH",1530,"f"
"2343","5Hd5XN",3720,"m"
"2344","JFd4LQ",3120,"f"
"2345","V6JVMB",2700,"m"
"2346","WGSZS6",1920,"m"
"2347","UQYP3K",2160,"f"
"2348","P3MYF5",3300,"f"
"2349","dcddCF",1770,"f"
"2350","CAECUF",3870,"f"
"2351","NZcKZR",2490,"m"
"2352","3MGZ2D",1620,"f"
"2353","Y324M2",4710,"m"
"2354","RKKSJM",3030,"f"
"2355","4ABCC4",1320,"f"
"2356","K73D3S",1860,"f"
"2357","5d3X5S",1620,"f"
"2358","WDETH6",2670,"m"
"2359","dZUWST",2340,"f"
"2360","cYGACQ",1890,"f"
"2361","dXAQG4",2760,"m"
"2362","5WHcX5",3750,"m"
"2363","K7R7CV",2550,"f"
"2364","FG2KCN",1440,"f"
"2365","YHGER6",3660,"f"
"2366","XUUFNU",2460,"f"
"2367","WPK4FZ",2760,"m"
"2368","Q4cDH5",2310,"f"
"2369","CXMSKS",2730,"f"
"2370","EZ6FZQ",1650,"m"
"2371","LCDQES",1530,"f"
"2372","LKKFPd",2400,"f"
"2373","Y4MHXV",2160,"m"
"2374","2ZPdLJ",1500,"f"
"2375","RC5T3R",3480,"f"
"2376","6c4MZT",2850,"f"
"2377","2ZBH3d",4020,"f"
"2378","d44R4W",4110,"f"
"2379","ZEYSWL",1560,"f"
"2380","33NPWV",1380,"m"
"2381","YMH4W3",1650,"f"
"2382","YMH4W3",1650,"f"
"2383","PXBcNU",1500,"m"
"2384","C2J3Kd",1350,"f"
"2385","7UQ674",1200,"f"
"2386","dJZ5QE",2850,"f"
"2387","H3HBTJ",1380,"f"
"2388","AEL3EQ",1200,"m"
"2389","3BMEHF",2130,"m"
"2390","HBWDcR",3210,"m"
"2391","ARMW2Y",3900,"m"
"2392","KMUTBA",2790,"f"
"2393","SCHcHE",3420,"m"
"2394","PXXPWV",2010,"m"
"2395","GCCDGU",1200,"f"
"2396","7EBDYc",3270,"f"
"2397","4P2QUV",1860,"m"
"2398","Z6D7dB",2220,"f"
"2399","75ZW26",1620,"m"
"2400","BC76CA",3780,"m"
"2401","WMJVGR",3000,"m"
"2402","dVMXCc",1770,"f"
"2403","d5Ud2c",1920,"f"
"2404","4VCRcA",2520,"f"
"2405","CQKHMP",4980,"f"
"2406","QRZ4QE",1530,"f"
"2407","EFYJWW",2010,"f"
"2408","LRAUYL",2010,"f"
"2409","AWZXWB",1290,"f"
"2410","R27BW6",5130,"m"
"2411","PHK3XR",2610,"f"
"2412","N4N6Q2",1890,"m"
"2413","YFLMKE",2490,"m"
"2414","5c5BKL",2400,"m"
"2415","VDGZL2",1680,"m"
"2416","cMD6FQ",5220,"m"
"2417","GXGSFD",5640,"f"
"2418","SJQQ2J",5130,"f"
"2419","5WN27N",5250,"f"
"2420","P3EcYE",5130,"f"
"2421","AVEH25",5460,"f"
"2422","MLH6HJ",5610,"f"
"2423","42LZDc",5280,"f"
"2424","FFZF7X",5160,"f"
"2425","LRCNHV",5700,"m"
"2426","F5REDH",5520,"m"
"2427","7GdZTX",5460,"m"
"2428","D7cM6P",5790,"f"
"2429","JE64ZK",5460,"m"
"2430","2dBUQX",5310,"f"
"2431","Yd7WPT",5250,"f"
"2432","735EB3",5460,"f"
"2433","cG6dWL",5430,"m"
"2434","ENUBED",5130,"m"
"2435","J4S4Nd",5310,"f"
"2436","RQXQ37",5610,"f"
"2437","TDYH5c",5250,"f"
"2438","H5HUVK",5520,"f"
"2439","A3HVZU",5490,"m"
"2440","Q5ZTWH",5130,"m"
"2441","CPLE3C",5220,"m"
"2442","VdRXdD",1350,"f"
"2443","DGH6Ld",1440,"f"
"2444","KTLJTX",1140,"f"
"2445","5A2Y2B",1170,"f"
"2446","GRLVFF",1230,"m"
"2447","4Lc7HB",1110,"m"
"2448","5TDN53",1350,"f"
"2449","F5QMEJ",1320,"m"
"2450","KU6RG5",2460,"m"
"2451","B5SScH",2520,"f"
"2452","XFMJ2D",2400,"m"
"2453","XNAGCD",2310,"f"
"2454","CTDG73",2490,"m"
"2455","GQYEcF",2340,"f"
"2456","DTXJAD",2400,"m"
"2457","5EPF77",2400,"f"
"2458","RBWAXG",2370,"f"
"2459","NA75A3",1320,"f"
"2460","ZFASAN",1260,"m"
"2461","UPcFPQ",1170,"f"
"2462","3BJL75",1320,"m"
"2463","L6BNGd",1440,"m"
"2464","4dR3DM",1530,"f"
"2465","FG3c3c",1590,"m"
"2466","3NRZDA",1110,"f"
"2467","cKNVRc",1770,"f"
"2468","KTLJTX",1140,"f"
"2469","QZ77BB",1500,"m"
"2470","DEH3SW",1230,"f"
"2471","CFZAdK",1230,"m"
"2472","223QZT",1590,"f"
"2473","C2PTE3",1380,"f"
"2474","RTVEE7",1560,"m"
"2475","XUYCHN",1170,"f"
"2476","CFGJVV",1140,"f"
"2477","6RYcKQ",1260,"f"
"2478","NX5FLF",1110,"f"
"2479","ZP3B3N",1110,"f"
"2480","RJ5WYZ",1290,"f"
"2481","A5ZcC2",1140,"m"
"2482","LFC354",1110,"f"
"2483","FdK67M",1200,"f"
"2484","K6SSNX",1110,"f"
"2485","QEQAZZ",1440,"f"
"2486","E5EL7R",5520,"f"
"2487","AVEH25",5280,"f"
"2488","5CETCY",5520,"m"
"2489","KdTKRC",5730,"m"
"2490","XQc656",2490,"m"
"2491","3QARD5",2250,"m"
"2492","BAA7SE",2310,"f"
"2493","DRTVFR",2190,"f"
"2494","X3U2KL",3300,"m"
"2495","ZdWJU6",1200,"f"
"2496","DZEEEQ",1140,"m"
"2497","cLWD7X",1260,"m"
"2498","VVcSLZ",1170,"m"
"2499","YQXHAZ",1260,"m"
"2500","A5ZcC2",1110,"m"
"2501","4SGNPS",3780,"m"
"2502","77P6BR",3300,"f"
"2503","DJKFNX",3600,"m"
"2504","EM566H",3480,"m"
"2505","VHTSRV",3390,"m"
"2506","UFEZMT",3870,"f"
"2507","UNVGH4",3390,"f"
"2508","G64NX2",3300,"f"
"2509","UEXRGR",3300,"m"
"2510","2RT5YX",3750,"f"
"2511","5Hd5XN",3930,"m"
"2512","M2VDRX",3390,"f"
"2513","ALGACP",3630,"m"
"2514","6VQ5NV",3330,"f"
"2515","QE3QBc",3270,"m"
"2516","RF7BV6",3030,"f"
"2517","ZADALH",3630,"f"
"2518","UDVQ7Y",3330,"m"
"2519","ZU2PLS",3270,"f"
"2520","H7RFHM",3030,"f"
"2521","3NJBME",3360,"m"
"2522","2cLdd2",3180,"f"
"2523","U2YQXC",3870,"m"
"2524","U2YQXC",3870,"m"
"2525","VAKJdV",2940,"m"
"2526","WDNHcd",3990,"f"
"2527","cZVLcN",2970,"m"
"2528","LdNK4E",3090,"m"
"2529","5CZXYC",3240,"m"
"2530","MATGdB",3150,"f"
"2531","NBR2LE",3660,"m"
"2532","MM7MHD",3090,"m"
"2533","XQJNFQ",3510,"m"
"2534","J3RPUM",3930,"m"
"2535","J6GS2X",5820,"m"
"2536","QDLBWP",4500,"f"
"2537","36TYFV",4830,"f"
"2538","46GXRG",4890,"m"
"2539","WUCdQ6",4830,"m"
"2540","K7GP2d",5340,"f"
"2541","EcQK3N",5130,"m"
"2542","cMD6FQ",4980,"m"
"2543","EKACME",4740,"m"
"2544","K7GP2d",5340,"f"
"2545","7GKV4Y",5670,"m"
"2546","F7J6RM",4770,"m"
"2547","PU2VcV",4740,"o"
"2548","C5HA27",4740,"f"
"2549","USPAM2",4920,"f"
"2550","USPAM2",4920,"f"
"2551","CYHPFL",4950,"m"
"2552","SHWDdD",5310,"m"
"2553","27NPYH",4890,"f"
"2554","3EXKKV",4950,"m"
"2555","cMD6FQ",4920,"m"
"2556","LRCNHV",5430,"m"
"2557","PF76LW",5100,"m"
"2558","N2ZVC6",5280,"m"
"2559","B7TKT6",5040,"f"
"2560","7GdZTX",5190,"m"
"2561","735EB3",5250,"f"
"2562","RHTVQE",5010,"m"
"2563","VR4LYE",4500,"m"
"2564","543XTU",5280,"m"
"2565","775VNH",4890,"m"
"2566","N54WCV",5760,"f"
"2567","YAEUF5",5670,"m"
"2568","WQU6QW",5190,"f"
"2569","KRLDTE",4410,"m"
"2570","V3dN5D",4890,"m"
"2571","U32dEc",4950,"m"
"2572","JD34YF",4530,"m"
"2573","WYSHT3",4980,"m"
"2574","MNMX4S",5370,"m"
"2575","cX2D7c",4410,"f"
"2576","UYRcFH",4650,"f"
"2577","UKBcFN",4440,"m"
"2578","DEJDGM",4440,"m"
"2579","4URBHK",5070,"f"
"2580","YKUEcM",4170,"f"
"2581","P7Md7Y",4230,"f"
"2582","6VN3FP",4980,"m"
"2583","E5VGcY",4320,"f"
"2584","NcPKdR",4740,"m"
"2585","5C4cLF",4260,"m"
"2586","YKVL6Y",4020,"m"
"2587","LA3QLT",4770,"f"
"2588","3EXKKV",4860,"m"
"2589","4UTJ5C",4650,"f"
"2590","Z46DHN",4140,"m"
"2591","Rc27L6",5250,"f"
"2592","T7C2LP",4950,"f"
"2593","PCWHCD",4080,"m"
"2594","YSMZLG",4530,"m"
"2595","CJ2JZ3",4590,"m"
"2596","VB2XLF",4110,"m"
"2597","BVZU4W",4140,"m"
"2598","LZWTJC",4140,"m"
"2599","NN3UDW",4440,"m"
"2600","7DNGNA",5070,"m"
"2601","MQ5dCM",4260,"f"
"2602","G3BWNN",4440,"m"
"2603","J7d7Ed",4560,"m"
"2604","6LXAJD",4350,"f"
"2605","FEYCW6",4410,"m"
"2606","W3c3ZK",5580,"m"
"2607","BDKZEN",4050,"m"
"2608","ZQ3TTU",4710,"m"
"2609","XYX3RT",4680,"m"
"2610","JKQG2U",4740,"f"
"2611","VX7XXc",5040,"m"
"2612","26TBKA",4080,"m"
"2613","VMHNQA",4350,"f"
"2614","cYHPQ5",4140,"m"
"2615","KLdCX3",4260,"m"
"2616","SL5H56",4260,"f"
"2617","2CKBJK",4050,"m"
"2618","P7Md7Y",4200,"f"
"2619","VJ5H2T",5160,"o"
"2620","B47FdD",3990,"m"
"2621","J6DT2K",4560,"m"
"2622","Vc73T7",4110,"m"
"2623","2D2Pd2",5190,"f"
"2624","AHG2DK",5700,"m"
"2625","ERC7YR",3870,"f"
"2626","QCPV75",4500,"m"
"2627","CTJFJ4",4950,"m"
"2628","FQNNUZ",5130,"f"
"2629","J6GS2X",5640,"m"
"2630","c3dQ5P",3720,"m"
"2631","AVEH25",5070,"f"
"2632","HMdQVZ",3870,"m"
"2633","FBSJTZ",5820,"f"
"2634","DHLRUE",4560,"m"
"2635","CRAcZd",5430,"f"
"2636","TDSRAc",4770,"f"
"2637","RV46G2",4260,"m"
"2638","2UMdLC",4170,"m"
"2639","c53NTX",3870,"m"
"2640","G5dAEK",4230,"m"
"2641","G36QUX",3840,"m"
"2642","Ddd43L",4500,"f"
"2643","2MNUcZ",5460,"f"
"2644","NSYUD6",3930,"f"
"2645","F7J6RM",4620,"m"
"2646","XKdc35",4170,"f"
"2647","2HPcJ3",4980,"m"
"2648","LN6TPF",4350,"f"
"2649","5WcVK4",5160,"f"
"2650","4BAHDN",3780,"m"
"2651","cFCZPK",4950,"m"
"2652","NKAPDd",5520,"m"
"2653","H5HUVK",5250,"f"
"2654","M6LdNB",4620,"m"
"2655","5MGCBZ",4050,"m"
"2656","ECZKcH",3090,"f"
"2657","FXKXTL",4290,"f"
"2658","4HBDTF",3840,"m"
"2659","d2RNVQ",3090,"f"
"2660","AZQZZJ",3480,"f"
"2661","KYNWJ7",3420,"f"
"2662","PWRD2W",3240,"f"
"2663","THHUXY",2790,"f"
"2664","CcXK5V",3630,"f"
"2665","226DPJ",3870,"m"
"2666","CT6TE2",2280,"f"
"2667","dJUH64",2610,"m"
"2668","MM7MHD",2910,"m"
"2669","TRMZMN",2400,"f"
"2670","DUJVEL",3150,"m"
"2671","GE4NBT",5640,"m"
"2672","XdAMGC",2550,"f"
"2673","GLQULU",2640,"f"
"2674","ADcDUM",3330,"m"
"2675","dB3YRD",4290,"f"
"2676","CACCCP",2880,"m"
"2677","BJZGD2",3270,"f"
"2678","SQPHC7",2310,"f"
"2679","Kc6RMY",3330,"m"
"2680","PBLZWN",5190,"f"
"2681","VZ53KA",4110,"f"
"2682","WUBBEK",2640,"m"
"2683","XS57KJ",2190,"m"
"2684","d3R2U4",3060,"f"
"2685","RCAU4S",1980,"f"
"2686","UGcYTS",2970,"f"
"2687","LXRCcF",1980,"f"
"2688","6WDXTc",2160,"m"
"2689","37LAQX",2910,"m"
"2690","YLJTKQ",1950,"f"
"2691","KPRDT6",3480,"m"
"2692","BVA42Y",1950,"f"
"2693","KBQDD5",2700,"m"
"2694","4QcY5E",2070,"f"
"2695","4d2CPG",3000,"m"
"2696","SDF2YR",2490,"m"
"2697","7YdT45",2550,"f"
"2698","ZALG7S",3570,"f"
"2699","FJZ4BR",4530,"m"
"2700","BZVQUN",3840,"f"
"2701","BNXB5D",2640,"f"
"2702","NDM42C",2220,"f"
"2703","YM2G5C",1380,"f"
"2704","747d4U",2040,"f"
"2705","VEYGC2",3840,"m"
"2706","6RDT55",4920,"f"
"2707","c6dNFC",1500,"f"
"2708","FW72XL",3150,"f"
"2709","DY7SUJ",3870,"f"
"2710","VdM6UX",2880,"m"
"2711","4XE3KX",3600,"f"
"2712","QdRUdL",4170,"m"
"2713","VGGS3V",3480,"m"
"2714","3STC7T",1500,"f"
"2715","7W2BAS",3000,"f"
"2716","CPcQFY",4470,"f"
"2717","K6FCZV",3540,"m"
"2718","QMLL2R",1530,"m"
"2719","3ADQJK",1170,"m"
"2720","YPMRcS",1710,"f"
"2721","K7YdLP",5640,"f"
"2722","DBFU24",4290,"f"
"2723","KE6McV",4020,"f"
"2724","Y5C3MY",2880,"m"
"2725","VdA4LW",1290,"f"
"2726","SCHcHE",3450,"m"
"2727","GFRFTR",1920,"f"
"2728","AF6JVZ",2490,"m"
"2729","dADL67",1890,"f"
"2730","4NJCTY",1590,"m"
"2731","7JUJPC",2790,"m"
"2732","Y2M3FQ",4230,"f"
"2733","WDY6c7",2550,"f"
"2734","C5HA27",4620,"f"
"2735","PU2VcV",4620,"o"
"2736","YFE323",2040,"m"
"2737","GXJBPE",1170,"m"
"2738","VRRTXM",3540,"f"
"2739","65LC6N",1200,"m"
"2740","EHPQXP",2670,"f"
"2741","KN4QXT",1890,"m"
"2742","5Q24K5",1290,"f"
"2743","AEVA5R",2610,"f"
"2744","PZ5DPJ",1170,"f"
"2745","RL56d4",3060,"m"
"2746","VRHSL4",3450,"f"
"2747","SEAHSd",2100,"m"
"2748","NSQ3X6",3420,"f"
"2749","4VHdUK",5040,"m"
"2750","AS4P67",2040,"f"
"2751","Xd7JWC",2010,"m"
"2752","PcR4BM",1980,"m"
"2753","UPTL7Y",3720,"m"
"2754","DHZ3NG",3600,"f"
"2755","YLAdC4",1830,"f"
"2756","PRPWZF",2220,"f"
"2757","NMW7J7",1500,"f"
"2758","MBCA5E",2730,"f"
"2759","NPVQNQ",1740,"m"
"2760","NEQP2Q",1860,"f"
"2761","44WWDL",1890,"f"
"2762","dMcX57",1650,"m"
"2763","P2JCDF",1740,"m"
"2764","XEKPSB",1980,"f"
"2765","dJPCR7",2610,"m"
"2766","QVDCEG",2760,"f"
"2767","TJAT32",1260,"m"
"2768","V5REVB",1500,"m"
"2769","S7FVQH",2070,"m"
"2770","347dJH",1800,"f"
"2771","SCMMCA",3150,"f"
"2772","J33Q67",1440,"m"
"2773","PK2YGJ",4200,"m"
"2774","3G522Y",2460,"f"
"2775","W575AK",2790,"f"
"2776","WQGT5Y",1200,"m"
"2777","d6RFVM",4110,"m"
"2778","GYU46J",4140,"f"
"2779","2cLdd2",2970,"f"
"2780","6FL4TM",2550,"f"
"2781","QVSRQC",1980,"f"
"2782","DKUY4F",1290,"f"
"2783","XAVQXc",2100,"f"
"2784","UZG2dX",2940,"m"
"2785","KHRJM7",3810,"m"
"2786","UAPd65",3060,"m"
"2787","3XcSJ2",3810,"f"
"2788","dR3ZQW",3240,"m"
"2789","LUQK5d",1350,"f"
"2790","KE3Z6Z",3810,"f"
"2791","FVTKHG",2790,"f"
"2792","5HHGcY",2640,"m"
"2793","Fc7UHG",3270,"m"
"2794","Q4EEd6",2460,"f"
"2795","Ddd42B",4590,"m"
"2796","cFJCJK",2490,"f"
"2797","RL5F7C",1590,"m"
"2798","QARBCD",3690,"m"
"2799","c2DEY3",1200,"m"
"2800","LKJRX3",2970,"f"
"2801","7R4XY2",1350,"f"
"2802","MR5MAH",2700,"f"
"2803","Z6JWFD",3000,"m"
"2804","FG5XVM",2550,"m"
"2805","BLMEUH",1560,"f"
"2806","XC7SMU",4050,"m"
"2807","MBSYFS",1740,"m"
"2808","2N2GAd",3060,"f"
"2809","YPNJKP",1740,"f"
"2810","BdHTN4",3420,"m"
"2811","4JccdB",2820,"m"
"2812","XQS345",1140,"f"
"2813","EG4DM2",1680,"m"
"2814","ZPAG2A",2400,"f"
"2815","NBXP7N",3390,"m"
"2816","cE3WXc",1530,"m"
"2817","KRLDTE",4320,"m"
"2818","NY2cZA",3510,"f"
"2819","CUCSW3",2880,"m"
"2820","NZKdcH",1530,"f"
"2821","5Hd5XN",3720,"m"
"2822","JFd4LQ",3120,"f"
"2823","V6JVMB",2700,"m"
"2824","WGSZS6",1920,"m"
"2825","UQYP3K",2160,"f"
"2826","P3MYF5",3300,"f"
"2827","dcddCF",1770,"f"
"2828","CAECUF",3870,"f"
"2829","NZcKZR",2490,"m"
"2830","3MGZ2D",1620,"f"
"2831","Y324M2",4710,"m"
"2832","RKKSJM",3030,"f"
"2833","4ABCC4",1320,"f"
"2834","K73D3S",1860,"f"
"2835","5d3X5S",1620,"f"
"2836","WDETH6",2670,"m"
"2837","dZUWST",2340,"f"
"2838","cYGACQ",1890,"f"
"2839","dXAQG4",2760,"m"
"2840","5WHcX5",3750,"m"
"2841","K7R7CV",2550,"f"
"2842","FG2KCN",1440,"f"
"2843","YHGER6",3660,"f"
"2844","XUUFNU",2460,"f"
"2845","WPK4FZ",2760,"m"
"2846","Q4cDH5",2310,"f"
"2847","CXMSKS",2730,"f"
"2848","EZ6FZQ",1650,"m"
"2849","LCDQES",1530,"f"
"2850","LKKFPd",2400,"f"
"2851","Y4MHXV",2160,"m"
"2852","2ZPdLJ",1500,"f"
"2853","RC5T3R",3480,"f"
"2854","6c4MZT",2850,"f"
"2855","2ZBH3d",4020,"f"
"2856","d44R4W",4110,"f"
"2857","ZEYSWL",1560,"f"
"2858","33NPWV",1380,"m"
"2859","YMH4W3",1650,"f"
"2860","PXBcNU",1500,"m"
"2861","C2J3Kd",1350,"f"
"2862","7UQ674",1200,"f"
"2863","dJZ5QE",2850,"f"
"2864","H3HBTJ",1380,"f"
"2865","AEL3EQ",1200,"m"
"2866","3BMEHF",2130,"m"
"2867","HBWDcR",3210,"m"
"2868","ARMW2Y",3900,"m"
"2869","KMUTBA",2790,"f"
"2870","SCHcHE",3420,"m"
"2871","PXXPWV",2010,"m"
"2872","GCCDGU",1200,"f"
"2873","7EBDYc",3270,"f"
"2874","4P2QUV",1860,"m"
"2875","Z6D7dB",2220,"f"
"2876","75ZW26",1620,"m"
"2877","BC76CA",3780,"m"
"2878","WMJVGR",3000,"m"
"2879","dVMXCc",1770,"f"
"2880","d5Ud2c",1920,"f"
"2881","4VCRcA",2520,"f"
"2882","CQKHMP",4980,"f"
"2883","QRZ4QE",1530,"f"
"2884","EFYJWW",2010,"f"
"2885","LRAUYL",2010,"f"
"2886","AWZXWB",1290,"f"
"2887","R27BW6",5130,"m"
"2888","PHK3XR",2610,"f"
"2889","N4N6Q2",1890,"m"
"2890","YFLMKE",2490,"m"
"2891","5c5BKL",2400,"m"
"2892","VDGZL2",1680,"m"
"2893","cMD6FQ",5220,"m"
"2894","GXGSFD",5640,"f"
"2895","SJQQ2J",5130,"f"
"2896","5WN27N",5250,"f"
"2897","P3EcYE",5130,"f"
"2898","AVEH25",5460,"f"
"2899","MLH6HJ",5610,"f"
"2900","42LZDc",5280,"f"
"2901","FFZF7X",5160,"f"
"2902","LRCNHV",5700,"m"
"2903","F5REDH",5520,"m"
"2904","7GdZTX",5460,"m"
"2905","D7cM6P",5790,"f"
"2906","JE64ZK",5460,"m"
"2907","2dBUQX",5310,"f"
"2908","Yd7WPT",5250,"f"
"2909","735EB3",5460,"f"
"2910","cG6dWL",5430,"m"
"2911","ENUBED",5130,"m"
"2912","J4S4Nd",5310,"f"
"2913","RQXQ37",5610,"f"
"2914","TDYH5c",5250,"f"
"2915","H5HUVK",5520,"f"
"2916","A3HVZU",5490,"m"
"2917","Q5ZTWH",5130,"m"
"2918","CPLE3C",5220,"m"
"2919","VdRXdD",1350,"f"
"2920","DGH6Ld",1440,"f"
"2921","KTLJTX",1140,"f"
"2922","5A2Y2B",1170,"f"
"2923","GRLVFF",1230,"m"
"2924","4Lc7HB",1110,"m"
"2925","5TDN53",1350,"f"
"2926","F5QMEJ",1320,"m"
"2927","KU6RG5",2460,"m"
"2928","B5SScH",2520,"f"
"2929","XFMJ2D",2400,"m"
"2930","XNAGCD",2310,"f"
"2931","CTDG73",2490,"m"
"2932","GQYEcF",2340,"f"
"2933","DTXJAD",2400,"m"
"2934","5EPF77",2400,"f"
"2935","RBWAXG",2370,"f"
"2936","NA75A3",1320,"f"
"2937","ZFASAN",1260,"m"
"2938","UPcFPQ",1170,"f"
"2939","3BJL75",1320,"m"
"2940","L6BNGd",1440,"m"
"2941","4dR3DM",1530,"f"
"2942","FG3c3c",1590,"m"
"2943","3NRZDA",1110,"f"
"2944","cKNVRc",1770,"f"
"2945","KTLJTX",1140,"f"
"2946","QZ77BB",1500,"m"
"2947","DEH3SW",1230,"f"
"2948","CFZAdK",1230,"m"
"2949","223QZT",1590,"f"
"2950","C2PTE3",1380,"f"
"2951","RTVEE7",1560,"m"
"2952","XUYCHN",1170,"f"
"2953","CFGJVV",1140,"f"
"2954","6RYcKQ",1260,"f"
"2955","NX5FLF",1110,"f"
"2956","ZP3B3N",1110,"f"
"2957","RJ5WYZ",1290,"f"
"2958","A5ZcC2",1140,"m"
"2959","LFC354",1110,"f"
"2960","FdK67M",1200,"f"
"2961","K6SSNX",1110,"f"
"2962","QEQAZZ",1440,"f"
"2963","E5EL7R",5520,"f"
"2964","AVEH25",5280,"f"
"2965","5CETCY",5520,"m"
"2966","KdTKRC",5730,"m"
"2967","XQc656",2490,"m"
"2968","3QARD5",2250,"m"
"2969","BAA7SE",2310,"f"
"2970","DRTVFR",2190,"f"
"2971","X3U2KL",3300,"m"
"2972","ZdWJU6",1200,"f"
"2973","DZEEEQ",1140,"m"
"2974","cLWD7X",1260,"m"
"2975","VVcSLZ",1170,"m"
"2976","YQXHAZ",1260,"m"
"2977","A5ZcC2",1110,"m"
"2978","4SGNPS",3780,"m"
"2979","77P6BR",3300,"f"
"2980","DJKFNX",3600,"m"
"2981","EM566H",3480,"m"
"2982","VHTSRV",3390,"m"
"2983","UFEZMT",3870,"f"
"2984","UNVGH4",3390,"f"
"2985","G64NX2",3300,"f"
"2986","UEXRGR",3300,"m"
"2987","2RT5YX",3750,"f"
"2988","5Hd5XN",3930,"m"
"2989","M2VDRX",3390,"f"
"2990","ALGACP",3630,"m"
"2991","6VQ5NV",3330,"f"
"2992","QE3QBc",3270,"m"
"2993","RF7BV6",3030,"f"
"2994","ZADALH",3630,"f"
"2995","UDVQ7Y",3330,"m"
"2996","ZU2PLS",3270,"f"
"2997","H7RFHM",3030,"f"
"2998","3NJBME",3360,"m"
"2999","2cLdd2",3180,"f"
"3000","U2YQXC",3870,"m"
"3001","U2YQXC",3870,"m"
"3002","VAKJdV",2940,"m"
"3003","WDNHcd",3990,"f"
"3004","cZVLcN",2970,"m"
"3005","LdNK4E",3090,"m"
"3006","5CZXYC",3240,"m"
"3007","MATGdB",3150,"f"
"3008","NBR2LE",3660,"m"
"3009","MM7MHD",3090,"m"
"3010","XQJNFQ",3510,"m"
"3011","J3RPUM",3930,"m"
"3012","J6GS2X",5820,"m"
"3013","QDLBWP",4500,"f"
"3014","36TYFV",4830,"f"
"3015","46GXRG",4890,"m"
"3016","WUCdQ6",4830,"m"
"3017","K7GP2d",5340,"f"
"3018","EcQK3N",5130,"m"
"3019","cMD6FQ",4980,"m"
"3020","EKACME",4740,"m"
"3021","K7GP2d",5340,"f"
"3022","7GKV4Y",5670,"m"
"3023","F7J6RM",4770,"m"
"3024","PU2VcV",4740,"o"
"3025","C5HA27",4740,"f"
"3026","USPAM2",4920,"f"
"3027","USPAM2",4920,"f"
"3028","CYHPFL",4950,"m"
"3029","SHWDdD",5310,"m"
"3030","27NPYH",4890,"f"
"3031","3EXKKV",4950,"m"
"3032","cMD6FQ",4920,"m"
"3033","LRCNHV",5430,"m"
"3034","PF76LW",5100,"m"
"3035","N2ZVC6",5280,"m"
"3036","B7TKT6",5040,"f"
"3037","7GdZTX",5190,"m"
"3038","735EB3",5250,"f"
"3039","RHTVQE",5010,"m"
"3040","VR4LYE",4500,"m"
"3041","543XTU",5280,"m"
"3042","775VNH",4890,"m"
"3043","N54WCV",5760,"f"
"3044","YAEUF5",5670,"m"
"3045","WQU6QW",5190,"f"
"3046","KRLDTE",4410,"m"
"3047","V3dN5D",4890,"m"
"3048","U32dEc",4950,"m"
"3049","JD34YF",4530,"m"
"3050","WYSHT3",4980,"m"
"3051","MNMX4S",5370,"m"
"3052","cX2D7c",4410,"f"
"3053","UYRcFH",4650,"f"
"3054","UKBcFN",4440,"m"
"3055","DEJDGM",4440,"m"
"3056","4URBHK",5070,"f"
"3057","YKUEcM",4170,"f"
"3058","P7Md7Y",4230,"f"
"3059","6VN3FP",4980,"m"
"3060","E5VGcY",4320,"f"
"3061","NcPKdR",4740,"m"
"3062","5C4cLF",4260,"m"
"3063","YKVL6Y",4020,"m"
"3064","LA3QLT",4770,"f"
"3065","3EXKKV",4860,"m"
"3066","4UTJ5C",4650,"f"
"3067","Z46DHN",4140,"m"
"3068","Rc27L6",5250,"f"
"3069","T7C2LP",4950,"f"
"3070","PCWHCD",4080,"m"
"3071","YSMZLG",4530,"m"
"3072","CJ2JZ3",4590,"m"
"3073","VB2XLF",4110,"m"
"3074","BVZU4W",4140,"m"
"3075","LZWTJC",4140,"m"
"3076","NN3UDW",4440,"m"
"3077","7DNGNA",5070,"m"
"3078","MQ5dCM",4260,"f"
"3079","G3BWNN",4440,"m"
"3080","J7d7Ed",4560,"m"
"3081","6LXAJD",4350,"f"
"3082","FEYCW6",4410,"m"
"3083","W3c3ZK",5580,"m"
"3084","BDKZEN",4050,"m"
"3085","ZQ3TTU",4710,"m"
"3086","XYX3RT",4680,"m"
"3087","JKQG2U",4740,"f"
"3088","VX7XXc",5040,"m"
"3089","26TBKA",4080,"m"
"3090","VMHNQA",4350,"f"
"3091","cYHPQ5",4140,"m"
"3092","KLdCX3",4260,"m"
"3093","SL5H56",4260,"f"
"3094","2CKBJK",4050,"m"
"3095","P7Md7Y",4200,"f"
"3096","VJ5H2T",5160,"o"
"3097","B47FdD",3990,"m"
"3098","J6DT2K",4560,"m"
"3099","Vc73T7",4110,"m"
"3100","2D2Pd2",5190,"f"
"3101","AHG2DK",5700,"m"
"3102","ERC7YR",3870,"f"
"3103","QCPV75",4500,"m"
"3104","CTJFJ4",4950,"m"
"3105","FQNNUZ",5130,"f"
"3106","J6GS2X",5640,"m"
"3107","c3dQ5P",3720,"m"
"3108","AVEH25",5070,"f"
"3109","HMdQVZ",3870,"m"
"3110","FBSJTZ",5820,"f"
"3111","DHLRUE",4560,"m"
"3112","CRAcZd",5430,"f"
"3113","TDSRAc",4770,"f"
"3114","RV46G2",4260,"m"
"3115","2UMdLC",4170,"m"
"3116","c53NTX",3870,"m"
"3117","G5dAEK",4230,"m"
"3118","G36QUX",3840,"m"
"3119","Ddd43L",4500,"f"
"3120","2MNUcZ",5460,"f"
"3121","NSYUD6",3930,"f"
"3122","F7J6RM",4620,"m"
"3123","XKdc35",4170,"f"
"3124","2HPcJ3",4980,"m"
"3125","LN6TPF",4350,"f"
"3126","5WcVK4",5160,"f"
"3127","4BAHDN",3780,"m"
"3128","cFCZPK",4950,"m"
"3129","NKAPDd",5520,"m"
"3130","H5HUVK",5250,"f"
"3131","M6LdNB",4620,"m"
"3132","5MGCBZ",4050,"m"
"3133","ECZKcH",3090,"f"
"3134","FXKXTL",4290,"f"
"3135","4HBDTF",3840,"m"
"3136","d2RNVQ",3090,"f"
"3137","AZQZZJ",3480,"f"
"3138","KYNWJ7",3420,"f"
"3139","PWRD2W",3240,"f"
"3140","THHUXY",2790,"f"
"3141","CcXK5V",3630,"f"
"3142","226DPJ",3870,"m"
"3143","CT6TE2",2280,"f"
"3144","dJUH64",2610,"m"
"3145","MM7MHD",2910,"m"
"3146","TRMZMN",2400,"f"
"3147","DUJVEL",3150,"m"
"3148","GE4NBT",5640,"m"
"3149","XdAMGC",2550,"f"
"3150","GLQULU",2640,"f"
"3151","ADcDUM",3330,"m"
"3152","dB3YRD",4290,"f"
"3153","CACCCP",2880,"m"
"3154","BJZGD2",3270,"f"
"3155","SQPHC7",2310,"f"
"3156","Kc6RMY",3330,"m"
"3157","PBLZWN",5190,"f"
"3158","VZ53KA",4110,"f"
"3159","WUBBEK",2640,"m"
"3160","XS57KJ",2190,"m"
"3161","d3R2U4",3060,"f"
"3162","RCAU4S",1980,"f"
"3163","UGcYTS",2970,"f"
"3164","LXRCcF",1980,"f"
"3165","6WDXTc",2160,"m"
"3166","37LAQX",2910,"m"
"3167","YLJTKQ",1950,"f"
"3168","KPRDT6",3480,"m"
"3169","BVA42Y",1950,"f"
"3170","KBQDD5",2700,"m"
"3171","4QcY5E",2070,"f"
"3172","4d2CPG",3000,"m"
"3173","SDF2YR",2490,"m"
"3174","7YdT45",2550,"f"
"3175","ZALG7S",3570,"f"
"3176","FJZ4BR",4530,"m"
"3177","BZVQUN",3840,"f"
"3178","BNXB5D",2640,"f"
"3179","NDM42C",2220,"f"
"3180","YM2G5C",1380,"f"
"3181","747d4U",2040,"f"
"3182","VEYGC2",3840,"m"
"3183","6RDT55",4920,"f"
"3184","c6dNFC",1500,"f"
"3185","FW72XL",3150,"f"
"3186","DY7SUJ",3870,"f"
"3187","VdM6UX",2880,"m"
"3188","4XE3KX",3600,"f"
"3189","QdRUdL",4170,"m"
"3190","VGGS3V",3480,"m"
"3191","3STC7T",1500,"f"
"3192","7W2BAS",3000,"f"
"3193","CPcQFY",4470,"f"
"3194","K6FCZV",3540,"m"
"3195","QMLL2R",1530,"m"
"3196","3ADQJK",1170,"m"
"3197","YPMRcS",1710,"f"
"3198","K7YdLP",5640,"f"
"3199","DBFU24",4290,"f"
"3200","KE6McV",4020,"f"
"3201","Y5C3MY",2880,"m"
"3202","VdA4LW",1290,"f"
"3203","SCHcHE",3450,"m"
"3204","GFRFTR",1920,"f"
"3205","AF6JVZ",2490,"m"
"3206","dADL67",1890,"f"
"3207","4NJCTY",1590,"m"
"3208","7JUJPC",2790,"m"
"3209","Y2M3FQ",4230,"f"
"3210","WDY6c7",2550,"f"
"3211","C5HA27",4620,"f"
"3212","PU2VcV",4620,"o"
"3213","YFE323",2040,"m"
"3214","GXJBPE",1170,"m"
"3215","VRRTXM",3540,"f"
"3216","65LC6N",1200,"m"
"3217","EHPQXP",2670,"f"
"3218","KN4QXT",1890,"m"
"3219","5Q24K5",1290,"f"
"3220","AEVA5R",2610,"f"
"3221","PZ5DPJ",1170,"f"
"3222","RL56d4",3060,"m"
"3223","VRHSL4",3450,"f"
"3224","SEAHSd",2100,"m"
"3225","NSQ3X6",3420,"f"
"3226","4VHdUK",5040,"m"
"3227","AS4P67",2040,"f"
"3228","Xd7JWC",2010,"m"
"3229","PcR4BM",1980,"m"
"3230","UPTL7Y",3720,"m"
"3231","DHZ3NG",3600,"f"
"3232","YLAdC4",1830,"f"
"3233","PRPWZF",2220,"f"
"3234","NMW7J7",1500,"f"
"3235","MBCA5E",2730,"f"
"3236","NPVQNQ",1740,"m"
"3237","NEQP2Q",1860,"f"
"3238","44WWDL",1890,"f"
"3239","dMcX57",1650,"m"
"3240","P2JCDF",1740,"m"
"3241","XEKPSB",1980,"f"
"3242","dJPCR7",2610,"m"
"3243","QVDCEG",2760,"f"
"3244","TJAT32",1260,"m"
"3245","V5REVB",1500,"m"
"3246","S7FVQH",2070,"m"
"3247","347dJH",1800,"f"
"3248","SCMMCA",3150,"f"
"3249","J33Q67",1440,"m"
"3250","PK2YGJ",4200,"m"
"3251","3G522Y",2460,"f"
"3252","W575AK",2790,"f"
"3253","WQGT5Y",1200,"m"
"3254","d6RFVM",4110,"m"
"3255","GYU46J",4140,"f"
"3256","2cLdd2",2970,"f"
"3257","6FL4TM",2550,"f"
"3258","QVSRQC",1980,"f"
"3259","DKUY4F",1290,"f"
"3260","XAVQXc",2100,"f"
"3261","UZG2dX",2940,"m"
"3262","KHRJM7",3810,"m"
"3263","UAPd65",3060,"m"
"3264","3XcSJ2",3810,"f"
"3265","dR3ZQW",3240,"m"
"3266","LUQK5d",1350,"f"
"3267","KE3Z6Z",3810,"f"
"3268","FVTKHG",2790,"f"
"3269","5HHGcY",2640,"m"
"3270","Fc7UHG",3270,"m"
"3271","Q4EEd6",2460,"f"
"3272","Ddd42B",4590,"m"
"3273","cFJCJK",2490,"f"
"3274","RL5F7C",1590,"m"
"3275","QARBCD",3690,"m"
"3276","c2DEY3",1200,"m"
"3277","LKJRX3",2970,"f"
"3278","7R4XY2",1350,"f"
"3279","MR5MAH",2700,"f"
"3280","Z6JWFD",3000,"m"
"3281","FG5XVM",2550,"m"
"3282","BLMEUH",1560,"f"
"3283","XC7SMU",4050,"m"
"3284","MBSYFS",1740,"m"
"3285","2N2GAd",3060,"f"
"3286","YPNJKP",1740,"f"
"3287","BdHTN4",3420,"m"
"3288","4JccdB",2820,"m"
"3289","XQS345",1140,"f"
"3290","EG4DM2",1680,"m"
"3291","ZPAG2A",2400,"f"
"3292","NBXP7N",3390,"m"
"3293","cE3WXc",1530,"m"
"3294","KRLDTE",4320,"m"
"3295","NY2cZA",3510,"f"
"3296","CUCSW3",2880,"m"
"3297","NZKdcH",1530,"f"
"3298","5Hd5XN",3720,"m"
"3299","JFd4LQ",3120,"f"
"3300","V6JVMB",2700,"m"
"3301","WGSZS6",1920,"m"
"3302","UQYP3K",2160,"f"
"3303","P3MYF5",3300,"f"
"3304","dcddCF",1770,"f"
"3305","CAECUF",3870,"f"
"3306","NZcKZR",2490,"m"
"3307","3MGZ2D",1620,"f"
"3308","Y324M2",4710,"m"
"3309","RKKSJM",3030,"f"
"3310","4ABCC4",1320,"f"
"3311","K73D3S",1860,"f"
"3312","5d3X5S",1620,"f"
"3313","WDETH6",2670,"m"
"3314","dZUWST",2340,"f"
"3315","cYGACQ",1890,"f"
"3316","dXAQG4",2760,"m"
"3317","5WHcX5",3750,"m"
"3318","K7R7CV",2550,"f"
"3319","FG2KCN",1440,"f"
"3320","YHGER6",3660,"f"
"3321","XUUFNU",2460,"f"
"3322","WPK4FZ",2760,"m"
"3323","Q4cDH5",2310,"f"
"3324","CXMSKS",2730,"f"
"3325","EZ6FZQ",1650,"m"
"3326","LCDQES",1530,"f"
"3327","LKKFPd",2400,"f"
"3328","Y4MHXV",2160,"m"
"3329","2ZPdLJ",1500,"f"
"3330","RC5T3R",3480,"f"
"3331","6c4MZT",2850,"f"
"3332","2ZBH3d",4020,"f"
"3333","d44R4W",4110,"f"
"3334","ZEYSWL",1560,"f"
"3335","33NPWV",1380,"m"
"3336","YMH4W3",1650,"f"
"3337","PXBcNU",1500,"m"
"3338","C2J3Kd",1350,"f"
"3339","7UQ674",1200,"f"
"3340","dJZ5QE",2850,"f"
"3341","H3HBTJ",1380,"f"
"3342","AEL3EQ",1200,"m"
"3343","3BMEHF",2130,"m"
"3344","HBWDcR",3210,"m"
"3345","ARMW2Y",3900,"m"
"3346","KMUTBA",2790,"f"
"3347","SCHcHE",3420,"m"
"3348","PXXPWV",2010,"m"
"3349","GCCDGU",1200,"f"
"3350","7EBDYc",3270,"f"
"3351","4P2QUV",1860,"m"
"3352","Z6D7dB",2220,"f"
"3353","75ZW26",1620,"m"
"3354","BC76CA",3780,"m"
"3355","WMJVGR",3000,"m"
"3356","dVMXCc",1770,"f"
"3357","d5Ud2c",1920,"f"
"3358","4VCRcA",2520,"f"
"3359","CQKHMP",4980,"f"
"3360","QRZ4QE",1530,"f"
"3361","EFYJWW",2010,"f"
"3362","LRAUYL",2010,"f"
"3363","AWZXWB",1290,"f"
"3364","R27BW6",5130,"m"
"3365","PHK3XR",2610,"f"
"3366","N4N6Q2",1890,"m"
"3367","YFLMKE",2490,"m"
"3368","5c5BKL",2400,"m"
"3369","VDGZL2",1680,"m"
"3370","cMD6FQ",5220,"m"
"3371","GXGSFD",5640,"f"
"3372","SJQQ2J",5130,"f"
"3373","5WN27N",5250,"f"
"3374","P3EcYE",5130,"f"
"3375","AVEH25",5460,"f"
"3376","MLH6HJ",5610,"f"
"3377","42LZDc",5280,"f"
"3378","FFZF7X",5160,"f"
"3379","LRCNHV",5700,"m"
"3380","F5REDH",5520,"m"
"3381","7GdZTX",5460,"m"
"3382","D7cM6P",5790,"f"
"3383","JE64ZK",5460,"m"
"3384","2dBUQX",5310,"f"
"3385","Yd7WPT",5250,"f"
"3386","735EB3",5460,"f"
"3387","cG6dWL",5430,"m"
"3388","ENUBED",5130,"m"
"3389","J4S4Nd",5310,"f"
"3390","RQXQ37",5610,"f"
"3391","TDYH5c",5250,"f"
"3392","H5HUVK",5520,"f"
"3393","A3HVZU",5490,"m"
"3394","Q5ZTWH",5130,"m"
"3395","CPLE3C",5220,"m"
"3396","VdRXdD",1350,"f"
"3397","DGH6Ld",1440,"f"
"3398","KTLJTX",1140,"f"
"3399","5A2Y2B",1170,"f"
"3400","GRLVFF",1230,"m"
"3401","4Lc7HB",1110,"m"
"3402","5TDN53",1350,"f"
"3403","F5QMEJ",1320,"m"
"3404","KU6RG5",2460,"m"
"3405","B5SScH",2520,"f"
"3406","XFMJ2D",2400,"m"
"3407","XNAGCD",2310,"f"
"3408","CTDG73",2490,"m"
"3409","GQYEcF",2340,"f"
"3410","DTXJAD",2400,"m"
"3411","5EPF77",2400,"f"
"3412","RBWAXG",2370,"f"
"3413","NA75A3",1320,"f"
"3414","ZFASAN",1260,"m"
"3415","UPcFPQ",1170,"f"
"3416","3BJL75",1320,"m"
"3417","L6BNGd",1440,"m"
"3418","4dR3DM",1530,"f"
"3419","FG3c3c",1590,"m"
"3420","3NRZDA",1110,"f"
"3421","cKNVRc",1770,"f"
"3422","KTLJTX",1140,"f"
"3423","QZ77BB",1500,"m"
"3424","DEH3SW",1230,"f"
"3425","CFZAdK",1230,"m"
"3426","223QZT",1590,"f"
"3427","C2PTE3",1380,"f"
"3428","RTVEE7",1560,"m"
"3429","XUYCHN",1170,"f"
"3430","CFGJVV",1140,"f"
"3431","6RYcKQ",1260,"f"
"3432","NX5FLF",1110,"f"
"3433","ZP3B3N",1110,"f"
"3434","RJ5WYZ",1290,"f"
"3435","A5ZcC2",1140,"m"
"3436","LFC354",1110,"f"
"3437","FdK67M",1200,"f"
"3438","K6SSNX",1110,"f"
"3439","QEQAZZ",1440,"f"
"3440","E5EL7R",5520,"f"
"3441","AVEH25",5280,"f"
"3442","5CETCY",5520,"m"
"3443","KdTKRC",5730,"m"
"3444","XQc656",2490,"m"
"3445","3QARD5",2250,"m"
"3446","BAA7SE",2310,"f"
"3447","DRTVFR",2190,"f"
"3448","X3U2KL",3300,"m"
"3449","ZdWJU6",1200,"f"
"3450","DZEEEQ",1140,"m"
"3451","cLWD7X",1260,"m"
"3452","VVcSLZ",1170,"m"
"3453","YQXHAZ",1260,"m"
"3454","A5ZcC2",1110,"m"
"3455","4SGNPS",3780,"m"
"3456","77P6BR",3300,"f"
"3457","DJKFNX",3600,"m"
"3458","EM566H",3480,"m"
"3459","VHTSRV",3390,"m"
"3460","UFEZMT",3870,"f"
"3461","UNVGH4",3390,"f"
"3462","G64NX2",3300,"f"
"3463","UEXRGR",3300,"m"
"3464","2RT5YX",3750,"f"
"3465","5Hd5XN",3930,"m"
"3466","M2VDRX",3390,"f"
"3467","ALGACP",3630,"m"
"3468","6VQ5NV",3330,"f"
"3469","QE3QBc",3270,"m"
"3470","RF7BV6",3030,"f"
"3471","ZADALH",3630,"f"
"3472","UDVQ7Y",3330,"m"
"3473","ZU2PLS",3270,"f"
"3474","H7RFHM",3030,"f"
"3475","3NJBME",3360,"m"
"3476","2cLdd2",3180,"f"
"3477","U2YQXC",3870,"m"
"3478","U2YQXC",3870,"m"
"3479","VAKJdV",2940,"m"
"3480","WDNHcd",3990,"f"
"3481","cZVLcN",2970,"m"
"3482","LdNK4E",3090,"m"
"3483","5CZXYC",3240,"m"
"3484","MATGdB",3150,"f"
"3485","NBR2LE",3660,"m"
"3486","MM7MHD",3090,"m"
"3487","XQJNFQ",3510,"m"
"3488","J3RPUM",3930,"m"
"3489","J6GS2X",5820,"m"
"3490","QDLBWP",4500,"f"
"3491","36TYFV",4830,"f"
"3492","46GXRG",4890,"m"
"3493","WUCdQ6",4830,"m"
"3494","K7GP2d",5340,"f"
"3495","EcQK3N",5130,"m"
"3496","cMD6FQ",4980,"m"
"3497","EKACME",4740,"m"
"3498","K7GP2d",5340,"f"
"3499","7GKV4Y",5670,"m"
"3500","F7J6RM",4770,"m"
"3501","PU2VcV",4740,"o"
"3502","C5HA27",4740,"f"
"3503","USPAM2",4920,"f"
"3504","USPAM2",4920,"f"
"3505","CYHPFL",4950,"m"
"3506","SHWDdD",5310,"m"
"3507","27NPYH",4890,"f"
"3508","3EXKKV",4950,"m"
"3509","cMD6FQ",4920,"m"
"3510","LRCNHV",5430,"m"
"3511","PF76LW",5100,"m"
"3512","N2ZVC6",5280,"m"
"3513","B7TKT6",5040,"f"
"3514","7GdZTX",5190,"m"
"3515","735EB3",5250,"f"
"3516","RHTVQE",5010,"m"
"3517","VR4LYE",4500,"m"
"3518","543XTU",5280,"m"
"3519","775VNH",4890,"m"
"3520","N54WCV",5760,"f"
"3521","YAEUF5",5670,"m"
"3522","WQU6QW",5190,"f"
"3523","KRLDTE",4410,"m"
"3524","V3dN5D",4890,"m"
"3525","U32dEc",4950,"m"
"3526","JD34YF",4530,"m"
"3527","WYSHT3",4980,"m"
"3528","MNMX4S",5370,"m"
"3529","cX2D7c",4410,"f"
"3530","UYRcFH",4650,"f"
"3531","UKBcFN",4440,"m"
"3532","DEJDGM",4440,"m"
"3533","4URBHK",5070,"f"
"3534","YKUEcM",4170,"f"
"3535","P7Md7Y",4230,"f"
"3536","6VN3FP",4980,"m"
"3537","E5VGcY",4320,"f"
"3538","NcPKdR",4740,"m"
"3539","5C4cLF",4260,"m"
"3540","YKVL6Y",4020,"m"
"3541","LA3QLT",4770,"f"
"3542","3EXKKV",4860,"m"
"3543","4UTJ5C",4650,"f"
"3544","Z46DHN",4140,"m"
"3545","Rc27L6",5250,"f"
"3546","T7C2LP",4950,"f"
"3547","PCWHCD",4080,"m"
"3548","YSMZLG",4530,"m"
"3549","CJ2JZ3",4590,"m"
"3550","VB2XLF",4110,"m"
"3551","BVZU4W",4140,"m"
"3552","LZWTJC",4140,"m"
"3553","NN3UDW",4440,"m"
"3554","7DNGNA",5070,"m"
"3555","MQ5dCM",4260,"f"
"3556","G3BWNN",4440,"m"
"3557","J7d7Ed",4560,"m"
"3558","6LXAJD",4350,"f"
"3559","FEYCW6",4410,"m"
"3560","W3c3ZK",5580,"m"
"3561","BDKZEN",4050,"m"
"3562","ZQ3TTU",4710,"m"
"3563","XYX3RT",4680,"m"
"3564","JKQG2U",4740,"f"
"3565","VX7XXc",5040,"m"
"3566","26TBKA",4080,"m"
"3567","VMHNQA",4350,"f"
"3568","cYHPQ5",4140,"m"
"3569","KLdCX3",4260,"m"
"3570","SL5H56",4260,"f"
"3571","2CKBJK",4050,"m"
"3572","P7Md7Y",4200,"f"
"3573","VJ5H2T",5160,"o"
"3574","B47FdD",3990,"m"
"3575","J6DT2K",4560,"m"
"3576","Vc73T7",4110,"m"
"3577","2D2Pd2",5190,"f"
"3578","AHG2DK",5700,"m"
"3579","ERC7YR",3870,"f"
"3580","QCPV75",4500,"m"
"3581","CTJFJ4",4950,"m"
"3582","FQNNUZ",5130,"f"
"3583","J6GS2X",5640,"m"
"3584","c3dQ5P",3720,"m"
"3585","AVEH25",5070,"f"
"3586","HMdQVZ",3870,"m"
"3587","FBSJTZ",5820,"f"
"3588","DHLRUE",4560,"m"
"3589","CRAcZd",5430,"f"
"3590","TDSRAc",4770,"f"
"3591","RV46G2",4260,"m"
"3592","2UMdLC",4170,"m"
"3593","c53NTX",3870,"m"
"3594","G5dAEK",4230,"m"
"3595","G36QUX",3840,"m"
"3596","Ddd43L",4500,"f"
"3597","2MNUcZ",5460,"f"
"3598","NSYUD6",3930,"f"
"3599","F7J6RM",4620,"m"
"3600","XKdc35",4170,"f"
"3601","2HPcJ3",4980,"m"
"3602","LN6TPF",4350,"f"
"3603","5WcVK4",5160,"f"
"3604","4BAHDN",3780,"m"
"3605","cFCZPK",4950,"m"
"3606","NKAPDd",5520,"m"
"3607","H5HUVK",5250,"f"
"3608","M6LdNB",4620,"m"
"3609","5MGCBZ",4050,"m"
"3610","ECZKcH",3090,"f"
"3611","FXKXTL",4290,"f"
"3612","4HBDTF",3840,"m"
"3613","d2RNVQ",3090,"f"
"3614","AZQZZJ",3480,"f"
"3615","KYNWJ7",3420,"f"
"3616","PWRD2W",3240,"f"
"3617","THHUXY",2790,"f"
"3618","CcXK5V",3630,"f"
"3619","226DPJ",3870,"m"
"3620","CT6TE2",2280,"f"
"3621","dJUH64",2610,"m"
"3622","MM7MHD",2910,"m"
"3623","TRMZMN",2400,"f"
"3624","DUJVEL",3150,"m"
"3625","GE4NBT",5640,"m"
"3626","XdAMGC",2550,"f"
"3627","GLQULU",2640,"f"
"3628","ADcDUM",3330,"m"
"3629","dB3YRD",4290,"f"
"3630","CACCCP",2880,"m"
"3631","BJZGD2",3270,"f"
"3632","SQPHC7",2310,"f"
"3633","Kc6RMY",3330,"m"
"3634","PBLZWN",5190,"f"
"3635","VZ53KA",4110,"f"
"3636","WUBBEK",2640,"m"
"3637","XS57KJ",2190,"m"
"3638","d3R2U4",3060,"f"
"3639","RCAU4S",1980,"f"
"3640","UGcYTS",2970,"f"
"3641","LXRCcF",1980,"f"
"3642","6WDXTc",2160,"m"
"3643","37LAQX",2910,"m"
"3644","YLJTKQ",1950,"f"
"3645","KPRDT6",3480,"m"
"3646","BVA42Y",1950,"f"
"3647","KBQDD5",2700,"m"
"3648","4QcY5E",2070,"f"
"3649","4d2CPG",3000,"m"
"3650","SDF2YR",2490,"m"
"3651","7YdT45",2550,"f"
"3652","ZALG7S",3570,"f"
"3653","FJZ4BR",4530,"m"
"3654","BZVQUN",3840,"f"
"3655","BNXB5D",2640,"f"
"3656","NDM42C",2220,"f"
"3657","YM2G5C",1380,"f"
"3658","747d4U",2040,"f"
"3659","VEYGC2",3840,"m"
"3660","6RDT55",4920,"f"
"3661","c6dNFC",1500,"f"
"3662","FW72XL",3150,"f"
"3663","DY7SUJ",3870,"f"
"3664","VdM6UX",2880,"m"
"3665","4XE3KX",3600,"f"
"3666","QdRUdL",4170,"m"
"3667","VGGS3V",3480,"m"
"3668","3STC7T",1500,"f"
"3669","7W2BAS",3000,"f"
"3670","CPcQFY",4470,"f"
"3671","K6FCZV",3540,"m"
"3672","QMLL2R",1530,"m"
"3673","3ADQJK",1170,"m"
"3674","YPMRcS",1710,"f"
"3675","K7YdLP",5640,"f"
"3676","DBFU24",4290,"f"
"3677","KE6McV",4020,"f"
"3678","Y5C3MY",2880,"m"
"3679","VdA4LW",1290,"f"
"3680","SCHcHE",3450,"m"
"3681","GFRFTR",1920,"f"
"3682","AF6JVZ",2490,"m"
"3683","dADL67",1890,"f"
"3684","4NJCTY",1590,"m"
"3685","7JUJPC",2790,"m"
"3686","Y2M3FQ",4230,"f"
"3687","WDY6c7",2550,"f"
"3688","C5HA27",4620,"f"
"3689","PU2VcV",4620,"o"
"3690","YFE323",2040,"m"
"3691","GXJBPE",1170,"m"
"3692","VRRTXM",3540,"f"
"3693","65LC6N",1200,"m"
"3694","EHPQXP",2670,"f"
"3695","KN4QXT",1890,"m"
"3696","5Q24K5",1290,"f"
"3697","AEVA5R",2610,"f"
"3698","PZ5DPJ",1170,"f"
"3699","RL56d4",3060,"m"
"3700","VRHSL4",3450,"f"
"3701","SEAHSd",2100,"m"
"3702","NSQ3X6",3420,"f"
"3703","4VHdUK",5040,"m"
"3704","AS4P67",2040,"f"
"3705","Xd7JWC",2010,"m"
"3706","PcR4BM",1980,"m"
"3707","UPTL7Y",3720,"m"
"3708","DHZ3NG",3600,"f"
"3709","YLAdC4",1830,"f"
"3710","PRPWZF",2220,"f"
"3711","NMW7J7",1500,"f"
"3712","MBCA5E",2730,"f"
"3713","NPVQNQ",1740,"m"
"3714","NEQP2Q",1860,"f"
"3715","44WWDL",1890,"f"
"3716","dMcX57",1650,"m"
"3717","P2JCDF",1740,"m"
"3718","XEKPSB",1980,"f"
"3719","dJPCR7",2610,"m"
"3720","QVDCEG",2760,"f"
"3721","TJAT32",1260,"m"
"3722","V5REVB",1500,"m"
"3723","S7FVQH",2070,"m"
"3724","347dJH",1800,"f"
"3725","SCMMCA",3150,"f"
"3726","J33Q67",1440,"m"
"3727","PK2YGJ",4200,"m"
"3728","3G522Y",2460,"f"
"3729","W575AK",2790,"f"
"3730","WQGT5Y",1200,"m"
"3731","d6RFVM",4110,"m"
"3732","GYU46J",4140,"f"
"3733","2cLdd2",2970,"f"
"3734","6FL4TM",2550,"f"
"3735","QVSRQC",1980,"f"
"3736","DKUY4F",1290,"f"
"3737","XAVQXc",2100,"f"
"3738","UZG2dX",2940,"m"
"3739","KHRJM7",3810,"m"
"3740","UAPd65",3060,"m"
"3741","3XcSJ2",3810,"f"
"3742","dR3ZQW",3240,"m"
"3743","LUQK5d",1350,"f"
"3744","KE3Z6Z",3810,"f"
"3745","FVTKHG",2790,"f"
"3746","5HHGcY",2640,"m"
"3747","Fc7UHG",3270,"m"
"3748","Q4EEd6",2460,"f"
"3749","Ddd42B",4590,"m"
"3750","cFJCJK",2490,"f"
"3751","RL5F7C",1590,"m"
"3752","QARBCD",3690,"m"
"3753","c2DEY3",1200,"m"
"3754","LKJRX3",2970,"f"
"3755","7R4XY2",1350,"f"
"3756","MR5MAH",2700,"f"
"3757","Z6JWFD",3000,"m"
"3758","FG5XVM",2550,"m"
"3759","BLMEUH",1560,"f"
"3760","XC7SMU",4050,"m"
"3761","MBSYFS",1740,"m"
"3762","2N2GAd",3060,"f"
"3763","YPNJKP",1740,"f"
"3764","BdHTN4",3420,"m"
"3765","4JccdB",2820,"m"
"3766","XQS345",1140,"f"
"3767","EG4DM2",1680,"m"
"3768","ZPAG2A",2400,"f"
"3769","NBXP7N",3390,"m"
"3770","cE3WXc",1530,"m"
"3771","KRLDTE",4320,"m"
"3772","NY2cZA",3510,"f"
"3773","CUCSW3",2880,"m"
"3774","NZKdcH",1530,"f"
"3775","5Hd5XN",3720,"m"
"3776","JFd4LQ",3120,"f"
"3777","V6JVMB",2700,"m"
"3778","WGSZS6",1920,"m"
"3779","UQYP3K",2160,"f"
"3780","P3MYF5",3300,"f"
"3781","dcddCF",1770,"f"
"3782","CAECUF",3870,"f"
"3783","NZcKZR",2490,"m"
"3784","3MGZ2D",1620,"f"
"3785","Y324M2",4710,"m"
"3786","RKKSJM",3030,"f"
"3787","4ABCC4",1320,"f"
"3788","K73D3S",1860,"f"
"3789","5d3X5S",1620,"f"
"3790","WDETH6",2670,"m"
"3791","dZUWST",2340,"f"
"3792","cYGACQ",1890,"f"
"3793","dXAQG4",2760,"m"
"3794","5WHcX5",3750,"m"
"3795","K7R7CV",2550,"f"
"3796","FG2KCN",1440,"f"
"3797","YHGER6",3660,"f"
"3798","XUUFNU",2460,"f"
"3799","WPK4FZ",2760,"m"
"3800","Q4cDH5",2310,"f"
"3801","CXMSKS",2730,"f"
"3802","EZ6FZQ",1650,"m"
"3803","LCDQES",1530,"f"
"3804","LKKFPd",2400,"f"
"3805","Y4MHXV",2160,"m"
"3806","2ZPdLJ",1500,"f"
"3807","RC5T3R",3480,"f"
"3808","6c4MZT",2850,"f"
"3809","2ZBH3d",4020,"f"
"3810","d44R4W",4110,"f"
"3811","ZEYSWL",1560,"f"
"3812","33NPWV",1380,"m"
"3813","YMH4W3",1650,"f"
"3814","PXBcNU",1500,"m"
"3815","C2J3Kd",1350,"f"
"3816","7UQ674",1200,"f"
"3817","dJZ5QE",2850,"f"
"3818","H3HBTJ",1380,"f"
"3819","AEL3EQ",1200,"m"
"3820","3BMEHF",2130,"m"
"3821","HBWDcR",3210,"m"
"3822","ARMW2Y",3900,"m"
"3823","KMUTBA",2790,"f"
"3824","SCHcHE",3420,"m"
"3825","PXXPWV",2010,"m"
"3826","GCCDGU",1200,"f"
"3827","7EBDYc",3270,"f"
"3828","4P2QUV",1860,"m"
"3829","Z6D7dB",2220,"f"
"3830","75ZW26",1620,"m"
"3831","BC76CA",3780,"m"
"3832","WMJVGR",3000,"m"
"3833","dVMXCc",1770,"f"
"3834","d5Ud2c",1920,"f"
"3835","4VCRcA",2520,"f"
"3836","CQKHMP",4980,"f"
"3837","QRZ4QE",1530,"f"
"3838","EFYJWW",2010,"f"
"3839","LRAUYL",2010,"f"
"3840","AWZXWB",1290,"f"
"3841","R27BW6",5130,"m"
"3842","PHK3XR",2610,"f"
"3843","N4N6Q2",1890,"m"
"3844","YFLMKE",2490,"m"
"3845","5c5BKL",2400,"m"
"3846","VDGZL2",1680,"m"
"3847","cMD6FQ",5220,"m"
"3848","GXGSFD",5640,"f"
"3849","SJQQ2J",5130,"f"
"3850","5WN27N",5250,"f"
"3851","P3EcYE",5130,"f"
"3852","AVEH25",5460,"f"
"3853","MLH6HJ",5610,"f"
"3854","42LZDc",5280,"f"
"3855","FFZF7X",5160,"f"
"3856","LRCNHV",5700,"m"
"3857","F5REDH",5520,"m"
"3858","7GdZTX",5460,"m"
"3859","D7cM6P",5790,"f"
"3860","JE64ZK",5460,"m"
"3861","2dBUQX",5310,"f"
"3862","Yd7WPT",5250,"f"
"3863","735EB3",5460,"f"
"3864","cG6dWL",5430,"m"
"3865","ENUBED",5130,"m"
"3866","J4S4Nd",5310,"f"
"3867","RQXQ37",5610,"f"
"3868","TDYH5c",5250,"f"
"3869","H5HUVK",5520,"f"
"3870","A3HVZU",5490,"m"
"3871","Q5ZTWH",5130,"m"
"3872","CPLE3C",5220,"m"
"3873","VdRXdD",1350,"f"
"3874","DGH6Ld",1440,"f"
"3875","KTLJTX",1140,"f"
"3876","5A2Y2B",1170,"f"
"3877","GRLVFF",1230,"m"
"3878","4Lc7HB",1110,"m"
"3879","5TDN53",1350,"f"
"3880","F5QMEJ",1320,"m"
"3881","KU6RG5",2460,"m"
"3882","B5SScH",2520,"f"
"3883","XFMJ2D",2400,"m"
"3884","XNAGCD",2310,"f"
"3885","CTDG73",2490,"m"
"3886","GQYEcF",2340,"f"
"3887","DTXJAD",2400,"m"
"3888","5EPF77",2400,"f"
"3889","RBWAXG",2370,"f"
"3890","NA75A3",1320,"f"
"3891","ZFASAN",1260,"m"
"3892","UPcFPQ",1170,"f"
"3893","3BJL75",1320,"m"
"3894","L6BNGd",1440,"m"
"3895","4dR3DM",1530,"f"
"3896","FG3c3c",1590,"m"
"3897","3NRZDA",1110,"f"
"3898","cKNVRc",1770,"f"
"3899","KTLJTX",1140,"f"
"3900","QZ77BB",1500,"m"
"3901","DEH3SW",1230,"f"
"3902","CFZAdK",1230,"m"
"3903","223QZT",1590,"f"
"3904","C2PTE3",1380,"f"
"3905","RTVEE7",1560,"m"
"3906","XUYCHN",1170,"f"
"3907","CFGJVV",1140,"f"
"3908","6RYcKQ",1260,"f"
"3909","NX5FLF",1110,"f"
"3910","ZP3B3N",1110,"f"
"3911","RJ5WYZ",1290,"f"
"3912","A5ZcC2",1140,"m"
"3913","LFC354",1110,"f"
"3914","FdK67M",1200,"f"
"3915","K6SSNX",1110,"f"
"3916","QEQAZZ",1440,"f"
"3917","E5EL7R",5520,"f"
"3918","AVEH25",5280,"f"
"3919","5CETCY",5520,"m"
"3920","KdTKRC",5730,"m"
"3921","XQc656",2490,"m"
"3922","3QARD5",2250,"m"
"3923","BAA7SE",2310,"f"
"3924","DRTVFR",2190,"f"
"3925","X3U2KL",3300,"m"
"3926","ZdWJU6",1200,"f"
"3927","DZEEEQ",1140,"m"
"3928","cLWD7X",1260,"m"
"3929","VVcSLZ",1170,"m"
"3930","YQXHAZ",1260,"m"
"3931","A5ZcC2",1110,"m"
"3932","4SGNPS",3780,"m"
"3933","77P6BR",3300,"f"
"3934","DJKFNX",3600,"m"
"3935","EM566H",3480,"m"
"3936","VHTSRV",3390,"m"
"3937","UFEZMT",3870,"f"
"3938","UNVGH4",3390,"f"
"3939","G64NX2",3300,"f"
"3940","UEXRGR",3300,"m"
"3941","2RT5YX",3750,"f"
"3942","5Hd5XN",3930,"m"
"3943","M2VDRX",3390,"f"
"3944","ALGACP",3630,"m"
"3945","6VQ5NV",3330,"f"
"3946","QE3QBc",3270,"m"
"3947","RF7BV6",3030,"f"
"3948","ZADALH",3630,"f"
"3949","UDVQ7Y",3330,"m"
"3950","ZU2PLS",3270,"f"
"3951","H7RFHM",3030,"f"
"3952","3NJBME",3360,"m"
"3953","2cLdd2",3180,"f"
"3954","U2YQXC",3870,"m"
"3955","U2YQXC",3870,"m"
"3956","VAKJdV",2940,"m"
"3957","WDNHcd",3990,"f"
"3958","cZVLcN",2970,"m"
"3959","LdNK4E",3090,"m"
"3960","5CZXYC",3240,"m"
"3961","MATGdB",3150,"f"
"3962","NBR2LE",3660,"m"
"3963","MM7MHD",3090,"m"
"3964","XQJNFQ",3510,"m"
"3965","J3RPUM",3930,"m"
"3966","J6GS2X",5820,"m"
"3967","QDLBWP",4500,"f"
"3968","36TYFV",4830,"f"
"3969","46GXRG",4890,"m"
"3970","WUCdQ6",4830,"m"
"3971","K7GP2d",5340,"f"
"3972","EcQK3N",5130,"m"
"3973","cMD6FQ",4980,"m"
"3974","EKACME",4740,"m"
"3975","K7GP2d",5340,"f"
"3976","7GKV4Y",5670,"m"
"3977","F7J6RM",4770,"m"
"3978","PU2VcV",4740,"o"
"3979","C5HA27",4740,"f"
"3980","USPAM2",4920,"f"
"3981","USPAM2",4920,"f"
"3982","CYHPFL",4950,"m"
"3983","SHWDdD",5310,"m"
"3984","27NPYH",4890,"f"
"3985","3EXKKV",4950,"m"
"3986","cMD6FQ",4920,"m"
"3987","LRCNHV",5430,"m"
"3988","PF76LW",5100,"m"
"3989","N2ZVC6",5280,"m"
"3990","B7TKT6",5040,"f"
"3991","7GdZTX",5190,"m"
"3992","735EB3",5250,"f"
"3993","RHTVQE",5010,"m"
"3994","VR4LYE",4500,"m"
"3995","543XTU",5280,"m"
"3996","775VNH",4890,"m"
"3997","N54WCV",5760,"f"
"3998","YAEUF5",5670,"m"
"3999","WQU6QW",5190,"f"
"4000","KRLDTE",4410,"m"
"4001","V3dN5D",4890,"m"
"4002","U32dEc",4950,"m"
"4003","JD34YF",4530,"m"
"4004","WYSHT3",4980,"m"
"4005","MNMX4S",5370,"m"
"4006","cX2D7c",4410,"f"
"4007","UYRcFH",4650,"f"
"4008","UKBcFN",4440,"m"
"4009","DEJDGM",4440,"m"
"4010","4URBHK",5070,"f"
"4011","YKUEcM",4170,"f"
"4012","P7Md7Y",4230,"f"
"4013","6VN3FP",4980,"m"
"4014","E5VGcY",4320,"f"
"4015","NcPKdR",4740,"m"
"4016","5C4cLF",4260,"m"
"4017","YKVL6Y",4020,"m"
"4018","LA3QLT",4770,"f"
"4019","3EXKKV",4860,"m"
"4020","4UTJ5C",4650,"f"
"4021","Z46DHN",4140,"m"
"4022","Rc27L6",5250,"f"
"4023","T7C2LP",4950,"f"
"4024","PCWHCD",4080,"m"
"4025","YSMZLG",4530,"m"
"4026","CJ2JZ3",4590,"m"
"4027","VB2XLF",4110,"m"
"4028","BVZU4W",4140,"m"
"4029","LZWTJC",4140,"m"
"4030","NN3UDW",4440,"m"
"4031","7DNGNA",5070,"m"
"4032","MQ5dCM",4260,"f"
"4033","G3BWNN",4440,"m"
"4034","J7d7Ed",4560,"m"
"4035","6LXAJD",4350,"f"
"4036","FEYCW6",4410,"m"
"4037","W3c3ZK",5580,"m"
"4038","BDKZEN",4050,"m"
"4039","ZQ3TTU",4710,"m"
"4040","XYX3RT",4680,"m"
"4041","JKQG2U",4740,"f"
"4042","VX7XXc",5040,"m"
"4043","26TBKA",4080,"m"
"4044","VMHNQA",4350,"f"
"4045","cYHPQ5",4140,"m"
"4046","KLdCX3",4260,"m"
"4047","SL5H56",4260,"f"
"4048","2CKBJK",4050,"m"
"4049","P7Md7Y",4200,"f"
"4050","VJ5H2T",5160,"o"
"4051","B47FdD",3990,"m"
"4052","J6DT2K",4560,"m"
"4053","Vc73T7",4110,"m"
"4054","2D2Pd2",5190,"f"
"4055","AHG2DK",5700,"m"
"4056","ERC7YR",3870,"f"
"4057","QCPV75",4500,"m"
"4058","CTJFJ4",4950,"m"
"4059","FQNNUZ",5130,"f"
"4060","J6GS2X",5640,"m"
"4061","c3dQ5P",3720,"m"
"4062","AVEH25",5070,"f"
"4063","HMdQVZ",3870,"m"
"4064","FBSJTZ",5820,"f"
"4065","DHLRUE",4560,"m"
"4066","CRAcZd",5430,"f"
"4067","TDSRAc",4770,"f"
"4068","RV46G2",4260,"m"
"4069","2UMdLC",4170,"m"
"4070","c53NTX",3870,"m"
"4071","G5dAEK",4230,"m"
"4072","G36QUX",3840,"m"
"4073","Ddd43L",4500,"f"
"4074","2MNUcZ",5460,"f"
"4075","NSYUD6",3930,"f"
"4076","F7J6RM",4620,"m"
"4077","XKdc35",4170,"f"
"4078","2HPcJ3",4980,"m"
"4079","LN6TPF",4350,"f"
"4080","5WcVK4",5160,"f"
"4081","4BAHDN",3780,"m"
"4082","cFCZPK",4950,"m"
"4083","NKAPDd",5520,"m"
"4084","H5HUVK",5250,"f"
"4085","M6LdNB",4620,"m"
"4086","5MGCBZ",4050,"m"
"4087","ECZKcH",3090,"f"
"4088","FXKXTL",4290,"f"
"4089","4HBDTF",3840,"m"
"4090","d2RNVQ",3090,"f"
"4091","AZQZZJ",3480,"f"
"4092","KYNWJ7",3420,"f"
"4093","PWRD2W",3240,"f"
"4094","THHUXY",2790,"f"
"4095","CcXK5V",3630,"f"
"4096","226DPJ",3870,"m"
"4097","CT6TE2",2280,"f"
"4098","dJUH64",2610,"m"
"4099","MM7MHD",2910,"m"
"4100","TRMZMN",2400,"f"
"4101","DUJVEL",3150,"m"
"4102","GE4NBT",5640,"m"
"4103","XdAMGC",2550,"f"
"4104","GLQULU",2640,"f"
"4105","ADcDUM",3330,"m"
"4106","dB3YRD",4290,"f"
"4107","CACCCP",2880,"m"
"4108","BJZGD2",3270,"f"
"4109","SQPHC7",2310,"f"
"4110","Kc6RMY",3330,"m"
"4111","PBLZWN",5190,"f"
"4112","VZ53KA",4110,"f"
"4113","WUBBEK",2640,"m"
"4114","XS57KJ",2190,"m"
"4115","d3R2U4",3060,"f"
"4116","RCAU4S",1980,"f"
"4117","UGcYTS",2970,"f"
"4118","LXRCcF",1980,"f"
"4119","6WDXTc",2160,"m"
"4120","37LAQX",2910,"m"
"4121","YLJTKQ",1950,"f"
"4122","KPRDT6",3480,"m"
"4123","BVA42Y",1950,"f"
"4124","KBQDD5",2700,"m"
"4125","4QcY5E",2070,"f"
"4126","4d2CPG",3000,"m"
"4127","SDF2YR",2490,"m"
"4128","7YdT45",2550,"f"
"4129","ZALG7S",3570,"f"
"4130","FJZ4BR",4530,"m"
"4131","BZVQUN",3840,"f"
"4132","BNXB5D",2640,"f"
"4133","NDM42C",2220,"f"
"4134","YM2G5C",1380,"f"
"4135","747d4U",2040,"f"
"4136","VEYGC2",3840,"m"
"4137","6RDT55",4920,"f"
"4138","c6dNFC",1500,"f"
"4139","FW72XL",3150,"f"
"4140","DY7SUJ",3870,"f"
"4141","VdM6UX",2880,"m"
"4142","4XE3KX",3600,"f"
"4143","QdRUdL",4170,"m"
"4144","VGGS3V",3480,"m"
"4145","3STC7T",1500,"f"
"4146","7W2BAS",3000,"f"
"4147","CPcQFY",4470,"f"
"4148","K6FCZV",3540,"m"
"4149","QMLL2R",1530,"m"
"4150","3ADQJK",1170,"m"
"4151","YPMRcS",1710,"f"
"4152","K7YdLP",5640,"f"
"4153","DBFU24",4290,"f"
"4154","KE6McV",4020,"f"
"4155","Y5C3MY",2880,"m"
"4156","VdA4LW",1290,"f"
"4157","SCHcHE",3450,"m"
"4158","GFRFTR",1920,"f"
"4159","AF6JVZ",2490,"m"
"4160","dADL67",1890,"f"
"4161","4NJCTY",1590,"m"
"4162","7JUJPC",2790,"m"
"4163","Y2M3FQ",4230,"f"
"4164","WDY6c7",2550,"f"
"4165","C5HA27",4620,"f"
"4166","PU2VcV",4620,"o"
"4167","YFE323",2040,"m"
"4168","GXJBPE",1170,"m"
"4169","VRRTXM",3540,"f"
"4170","65LC6N",1200,"m"
"4171","EHPQXP",2670,"f"
"4172","KN4QXT",1890,"m"
"4173","5Q24K5",1290,"f"
"4174","AEVA5R",2610,"f"
"4175","PZ5DPJ",1170,"f"
"4176","RL56d4",3060,"m"
"4177","VRHSL4",3450,"f"
"4178","SEAHSd",2100,"m"
"4179","NSQ3X6",3420,"f"
"4180","4VHdUK",5040,"m"
"4181","AS4P67",2040,"f"
"4182","Xd7JWC",2010,"m"
"4183","PcR4BM",1980,"m"
"4184","UPTL7Y",3720,"m"
"4185","DHZ3NG",3600,"f"
"4186","YLAdC4",1830,"f"
"4187","PRPWZF",2220,"f"
"4188","NMW7J7",1500,"f"
"4189","MBCA5E",2730,"f"
"4190","NPVQNQ",1740,"m"
"4191","NEQP2Q",1860,"f"
"4192","44WWDL",1890,"f"
"4193","dMcX57",1650,"m"
"4194","P2JCDF",1740,"m"
"4195","XEKPSB",1980,"f"
"4196","dJPCR7",2610,"m"
"4197","QVDCEG",2760,"f"
"4198","TJAT32",1260,"m"
"4199","V5REVB",1500,"m"
"4200","S7FVQH",2070,"m"
"4201","347dJH",1800,"f"
"4202","SCMMCA",3150,"f"
"4203","J33Q67",1440,"m"
"4204","PK2YGJ",4200,"m"
"4205","3G522Y",2460,"f"
"4206","W575AK",2790,"f"
"4207","WQGT5Y",1200,"m"
"4208","d6RFVM",4110,"m"
"4209","GYU46J",4140,"f"
"4210","2cLdd2",2970,"f"
"4211","6FL4TM",2550,"f"
"4212","QVSRQC",1980,"f"
"4213","DKUY4F",1290,"f"
"4214","XAVQXc",2100,"f"
"4215","UZG2dX",2940,"m"
"4216","KHRJM7",3810,"m"
"4217","UAPd65",3060,"m"
"4218","3XcSJ2",3810,"f"
"4219","dR3ZQW",3240,"m"
"4220","LUQK5d",1350,"f"
"4221","KE3Z6Z",3810,"f"
"4222","FVTKHG",2790,"f"
"4223","5HHGcY",2640,"m"
"4224","Fc7UHG",3270,"m"
"4225","Q4EEd6",2460,"f"
"4226","Ddd42B",4590,"m"
"4227","cFJCJK",2490,"f"
"4228","RL5F7C",1590,"m"
"4229","QARBCD",3690,"m"
"4230","c2DEY3",1200,"m"
"4231","LKJRX3",2970,"f"
"4232","7R4XY2",1350,"f"
"4233","MR5MAH",2700,"f"
"4234","Z6JWFD",3000,"m"
"4235","FG5XVM",2550,"m"
"4236","BLMEUH",1560,"f"
"4237","XC7SMU",4050,"m"
"4238","MBSYFS",1740,"m"
"4239","2N2GAd",3060,"f"
"4240","YPNJKP",1740,"f"
"4241","BdHTN4",3420,"m"
"4242","4JccdB",2820,"m"
"4243","XQS345",1140,"f"
"4244","EG4DM2",1680,"m"
"4245","ZPAG2A",2400,"f"
"4246","NBXP7N",3390,"m"
"4247","cE3WXc",1530,"m"
"4248","KRLDTE",4320,"m"
"4249","NY2cZA",3510,"f"
"4250","CUCSW3",2880,"m"
"4251","NZKdcH",1530,"f"
"4252","5Hd5XN",3720,"m"
"4253","JFd4LQ",3120,"f"
"4254","V6JVMB",2700,"m"
"4255","WGSZS6",1920,"m"
"4256","UQYP3K",2160,"f"
"4257","P3MYF5",3300,"f"
"4258","dcddCF",1770,"f"
"4259","CAECUF",3870,"f"
"4260","NZcKZR",2490,"m"
"4261","3MGZ2D",1620,"f"
"4262","Y324M2",4710,"m"
"4263","RKKSJM",3030,"f"
"4264","4ABCC4",1320,"f"
"4265","K73D3S",1860,"f"
"4266","5d3X5S",1620,"f"
"4267","WDETH6",2670,"m"
"4268","dZUWST",2340,"f"
"4269","cYGACQ",1890,"f"
"4270","dXAQG4",2760,"m"
"4271","5WHcX5",3750,"m"
"4272","K7R7CV",2550,"f"
"4273","FG2KCN",1440,"f"
"4274","YHGER6",3660,"f"
"4275","XUUFNU",2460,"f"
"4276","WPK4FZ",2760,"m"
"4277","Q4cDH5",2310,"f"
"4278","CXMSKS",2730,"f"
"4279","EZ6FZQ",1650,"m"
"4280","LCDQES",1530,"f"
"4281","LKKFPd",2400,"f"
"4282","Y4MHXV",2160,"m"
"4283","2ZPdLJ",1500,"f"
"4284","RC5T3R",3480,"f"
"4285","6c4MZT",2850,"f"
"4286","2ZBH3d",4020,"f"
"4287","d44R4W",4110,"f"
"4288","ZEYSWL",1560,"f"
"4289","33NPWV",1380,"m"
"4290","YMH4W3",1650,"f"
"4291","PXBcNU",1500,"m"
"4292","C2J3Kd",1350,"f"
"4293","7UQ674",1200,"f"
"4294","dJZ5QE",2850,"f"
"4295","H3HBTJ",1380,"f"
"4296","AEL3EQ",1200,"m"
"4297","3BMEHF",2130,"m"
"4298","HBWDcR",3210,"m"
"4299","ARMW2Y",3900,"m"
"4300","KMUTBA",2790,"f"
"4301","SCHcHE",3420,"m"
"4302","PXXPWV",2010,"m"
"4303","GCCDGU",1200,"f"
"4304","7EBDYc",3270,"f"
"4305","4P2QUV",1860,"m"
"4306","Z6D7dB",2220,"f"
"4307","75ZW26",1620,"m"
"4308","BC76CA",3780,"m"
"4309","WMJVGR",3000,"m"
"4310","dVMXCc",1770,"f"
"4311","d5Ud2c",1920,"f"
"4312","4VCRcA",2520,"f"
"4313","CQKHMP",4980,"f"
"4314","QRZ4QE",1530,"f"
"4315","EFYJWW",2010,"f"
"4316","LRAUYL",2010,"f"
"4317","AWZXWB",1290,"f"
"4318","R27BW6",5130,"m"
"4319","PHK3XR",2610,"f"
"4320","N4N6Q2",1890,"m"
"4321","YFLMKE",2490,"m"
"4322","5c5BKL",2400,"m"
"4323","VDGZL2",1680,"m"
"4324","cMD6FQ",5220,"m"
"4325","GXGSFD",5640,"f"
"4326","SJQQ2J",5130,"f"
"4327","5WN27N",5250,"f"
"4328","P3EcYE",5130,"f"
"4329","AVEH25",5460,"f"
"4330","MLH6HJ",5610,"f"
"4331","42LZDc",5280,"f"
"4332","FFZF7X",5160,"f"
"4333","LRCNHV",5700,"m"
"4334","F5REDH",5520,"m"
"4335","7GdZTX",5460,"m"
"4336","D7cM6P",5790,"f"
"4337","JE64ZK",5460,"m"
"4338","2dBUQX",5310,"f"
"4339","Yd7WPT",5250,"f"
"4340","735EB3",5460,"f"
"4341","cG6dWL",5430,"m"
"4342","ENUBED",5130,"m"
"4343","J4S4Nd",5310,"f"
"4344","RQXQ37",5610,"f"
"4345","TDYH5c",5250,"f"
"4346","H5HUVK",5520,"f"
"4347","A3HVZU",5490,"m"
"4348","Q5ZTWH",5130,"m"
"4349","CPLE3C",5220,"m"
"4350","VdRXdD",1350,"f"
"4351","DGH6Ld",1440,"f"
"4352","KTLJTX",1140,"f"
"4353","5A2Y2B",1170,"f"
"4354","GRLVFF",1230,"m"
"4355","4Lc7HB",1110,"m"
"4356","5TDN53",1350,"f"
"4357","F5QMEJ",1320,"m"
"4358","KU6RG5",2460,"m"
"4359","B5SScH",2520,"f"
"4360","XFMJ2D",2400,"m"
"4361","XNAGCD",2310,"f"
"4362","CTDG73",2490,"m"
"4363","GQYEcF",2340,"f"
"4364","DTXJAD",2400,"m"
"4365","5EPF77",2400,"f"
"4366","RBWAXG",2370,"f"
"4367","NA75A3",1320,"f"
"4368","ZFASAN",1260,"m"
"4369","UPcFPQ",1170,"f"
"4370","3BJL75",1320,"m"
"4371","L6BNGd",1440,"m"
"4372","4dR3DM",1530,"f"
"4373","FG3c3c",1590,"m"
"4374","3NRZDA",1110,"f"
"4375","cKNVRc",1770,"f"
"4376","KTLJTX",1140,"f"
"4377","QZ77BB",1500,"m"
"4378","DEH3SW",1230,"f"
"4379","CFZAdK",1230,"m"
"4380","223QZT",1590,"f"
"4381","C2PTE3",1380,"f"
"4382","RTVEE7",1560,"m"
"4383","XUYCHN",1170,"f"
"4384","CFGJVV",1140,"f"
"4385","6RYcKQ",1260,"f"
"4386","NX5FLF",1110,"f"
"4387","ZP3B3N",1110,"f"
"4388","RJ5WYZ",1290,"f"
"4389","A5ZcC2",1140,"m"
"4390","LFC354",1110,"f"
"4391","FdK67M",1200,"f"
"4392","K6SSNX",1110,"f"
"4393","QEQAZZ",1440,"f"
"4394","E5EL7R",5520,"f"
"4395","AVEH25",5280,"f"
"4396","5CETCY",5520,"m"
"4397","KdTKRC",5730,"m"
"4398","XQc656",2490,"m"
"4399","3QARD5",2250,"m"
"4400","BAA7SE",2310,"f"
"4401","DRTVFR",2190,"f"
"4402","X3U2KL",3300,"m"
"4403","ZdWJU6",1200,"f"
"4404","DZEEEQ",1140,"m"
"4405","cLWD7X",1260,"m"
"4406","VVcSLZ",1170,"m"
"4407","YQXHAZ",1260,"m"
"4408","A5ZcC2",1110,"m"
"4409","4SGNPS",3780,"m"
"4410","77P6BR",3300,"f"
"4411","DJKFNX",3600,"m"
"4412","EM566H",3480,"m"
"4413","VHTSRV",3390,"m"
"4414","UFEZMT",3870,"f"
"4415","UNVGH4",3390,"f"
"4416","G64NX2",3300,"f"
"4417","UEXRGR",3300,"m"
"4418","2RT5YX",3750,"f"
"4419","5Hd5XN",3930,"m"
"4420","M2VDRX",3390,"f"
"4421","ALGACP",3630,"m"
"4422","6VQ5NV",3330,"f"
"4423","QE3QBc",3270,"m"
"4424","RF7BV6",3030,"f"
"4425","ZADALH",3630,"f"
"4426","UDVQ7Y",3330,"m"
"4427","ZU2PLS",3270,"f"
"4428","H7RFHM",3030,"f"
"4429","3NJBME",3360,"m"
"4430","2cLdd2",3180,"f"
"4431","U2YQXC",3870,"m"
"4432","U2YQXC",3870,"m"
"4433","VAKJdV",2940,"m"
"4434","WDNHcd",3990,"f"
"4435","cZVLcN",2970,"m"
"4436","LdNK4E",3090,"m"
"4437","5CZXYC",3240,"m"
"4438","MATGdB",3150,"f"
"4439","NBR2LE",3660,"m"
"4440","MM7MHD",3090,"m"
"4441","XQJNFQ",3510,"m"
"4442","J3RPUM",3930,"m"
"4443","J6GS2X",5820,"m"
"4444","QDLBWP",4500,"f"
"4445","36TYFV",4830,"f"
"4446","46GXRG",4890,"m"
"4447","WUCdQ6",4830,"m"
"4448","K7GP2d",5340,"f"
"4449","EcQK3N",5130,"m"
"4450","cMD6FQ",4980,"m"
"4451","EKACME",4740,"m"
"4452","K7GP2d",5340,"f"
"4453","7GKV4Y",5670,"m"
"4454","F7J6RM",4770,"m"
"4455","PU2VcV",4740,"o"
"4456","C5HA27",4740,"f"
"4457","USPAM2",4920,"f"
"4458","USPAM2",4920,"f"
"4459","CYHPFL",4950,"m"
"4460","SHWDdD",5310,"m"
"4461","27NPYH",4890,"f"
"4462","3EXKKV",4950,"m"
"4463","cMD6FQ",4920,"m"
"4464","LRCNHV",5430,"m"
"4465","PF76LW",5100,"m"
"4466","N2ZVC6",5280,"m"
"4467","B7TKT6",5040,"f"
"4468","7GdZTX",5190,"m"
"4469","735EB3",5250,"f"
"4470","RHTVQE",5010,"m"
"4471","VR4LYE",4500,"m"
"4472","543XTU",5280,"m"
"4473","775VNH",4890,"m"
"4474","N54WCV",5760,"f"
"4475","YAEUF5",5670,"m"
"4476","WQU6QW",5190,"f"
"4477","KRLDTE",4410,"m"
"4478","V3dN5D",4890,"m"
"4479","V3dN5D",4890,"m"
"4480","V3dN5D",4890,"m"
"4481","U32dEc",4950,"m"
"4482","JD34YF",4530,"m"
"4483","WYSHT3",4980,"m"
"4484","MNMX4S",5370,"m"
"4485","cX2D7c",4410,"f"
"4486","UYRcFH",4650,"f"
"4487","UKBcFN",4440,"m"
"4488","DEJDGM",4440,"m"
"4489","4URBHK",5070,"f"
"4490","YKUEcM",4170,"f"
"4491","P7Md7Y",4230,"f"
"4492","6VN3FP",4980,"m"
"4493","E5VGcY",4320,"f"
"4494","NcPKdR",4740,"m"
"4495","5C4cLF",4260,"m"
"4496","YKVL6Y",4020,"m"
"4497","LA3QLT",4770,"f"
"4498","3EXKKV",4860,"m"
"4499","4UTJ5C",4650,"f"
"4500","Z46DHN",4140,"m"
"4501","Rc27L6",5250,"f"
"4502","T7C2LP",4950,"f"
"4503","PCWHCD",4080,"m"
"4504","YSMZLG",4530,"m"
"4505","CJ2JZ3",4590,"m"
"4506","VB2XLF",4110,"m"
"4507","BVZU4W",4140,"m"
"4508","LZWTJC",4140,"m"
"4509","NN3UDW",4440,"m"
"4510","7DNGNA",5070,"m"
"4511","MQ5dCM",4260,"f"
"4512","G3BWNN",4440,"m"
"4513","J7d7Ed",4560,"m"
"4514","6LXAJD",4350,"f"
"4515","FEYCW6",4410,"m"
"4516","W3c3ZK",5580,"m"
"4517","BDKZEN",4050,"m"
"4518","ZQ3TTU",4710,"m"
"4519","XYX3RT",4680,"m"
"4520","JKQG2U",4740,"f"
"4521","VX7XXc",5040,"m"
"4522","26TBKA",4080,"m"
"4523","VMHNQA",4350,"f"
"4524","cYHPQ5",4140,"m"
"4525","KLdCX3",4260,"m"
"4526","SL5H56",4260,"f"
"4527","2CKBJK",4050,"m"
"4528","P7Md7Y",4200,"f"
"4529","VJ5H2T",5160,"o"
"4530","B47FdD",3990,"m"
"4531","J6DT2K",4560,"m"
"4532","Vc73T7",4110,"m"
"4533","2D2Pd2",5190,"f"
"4534","AHG2DK",5700,"m"
"4535","ERC7YR",3870,"f"
"4536","QCPV75",4500,"m"
"4537","CTJFJ4",4950,"m"
"4538","FQNNUZ",5130,"f"
"4539","J6GS2X",5640,"m"
"4540","c3dQ5P",3720,"m"
"4541","AVEH25",5070,"f"
"4542","HMdQVZ",3870,"m"
"4543","FBSJTZ",5820,"f"
"4544","DHLRUE",4560,"m"
"4545","CRAcZd",5430,"f"
"4546","TDSRAc",4770,"f"
"4547","RV46G2",4260,"m"
"4548","2UMdLC",4170,"m"
"4549","c53NTX",3870,"m"
"4550","G5dAEK",4230,"m"
"4551","G36QUX",3840,"m"
"4552","Ddd43L",4500,"f"
"4553","2MNUcZ",5460,"f"
"4554","NSYUD6",3930,"f"
"4555","F7J6RM",4620,"m"
"4556","XKdc35",4170,"f"
"4557","2HPcJ3",4980,"m"
"4558","LN6TPF",4350,"f"
"4559","5WcVK4",5160,"f"
"4560","4BAHDN",3780,"m"
"4561","cFCZPK",4950,"m"
"4562","NKAPDd",5520,"m"
"4563","H5HUVK",5250,"f"
"4564","M6LdNB",4620,"m"
"4565","5MGCBZ",4050,"m"
"4566","ECZKcH",3090,"f"
"4567","FXKXTL",4290,"f"
"4568","4HBDTF",3840,"m"
"4569","d2RNVQ",3090,"f"
"4570","AZQZZJ",3480,"f"
"4571","KYNWJ7",3420,"f"
"4572","PWRD2W",3240,"f"
"4573","THHUXY",2790,"f"
"4574","CcXK5V",3630,"f"
"4575","226DPJ",3870,"m"
"4576","CT6TE2",2280,"f"
"4577","dJUH64",2610,"m"
"4578","MM7MHD",2910,"m"
"4579","TRMZMN",2400,"f"
"4580","DUJVEL",3150,"m"
"4581","GE4NBT",5640,"m"
"4582","XdAMGC",2550,"f"
"4583","GLQULU",2640,"f"
"4584","ADcDUM",3330,"m"
"4585","dB3YRD",4290,"f"
"4586","CACCCP",2880,"m"
"4587","BJZGD2",3270,"f"
"4588","SQPHC7",2310,"f"
"4589","Kc6RMY",3330,"m"
"4590","PBLZWN",5190,"f"
"4591","VZ53KA",4110,"f"
"4592","WUBBEK",2640,"m"
"4593","WUBBEK",2640,"m"
"4594","XS57KJ",2190,"m"
"4595","d3R2U4",3060,"f"
"4596","RCAU4S",1980,"f"
"4597","UGcYTS",2970,"f"
"4598","LXRCcF",1980,"f"
"4599","6WDXTc",2160,"m"
"4600","37LAQX",2910,"m"
"4601","YLJTKQ",1950,"f"
"4602","KPRDT6",3480,"m"
"4603","BVA42Y",1950,"f"
"4604","KBQDD5",2700,"m"
"4605","4QcY5E",2070,"f"
"4606","4d2CPG",3000,"m"
"4607","SDF2YR",2490,"m"
"4608","7YdT45",2550,"f"
"4609","ZALG7S",3570,"f"
"4610","FJZ4BR",4530,"m"
"4611","BZVQUN",3840,"f"
"4612","BNXB5D",2640,"f"
"4613","NDM42C",2220,"f"
"4614","YM2G5C",1380,"f"
"4615","747d4U",2040,"f"
"4616","VEYGC2",3840,"m"
"4617","6RDT55",4920,"f"
"4618","c6dNFC",1500,"f"
"4619","FW72XL",3150,"f"
"4620","DY7SUJ",3870,"f"
"4621","VdM6UX",2880,"m"
"4622","4XE3KX",3600,"f"
"4623","QdRUdL",4170,"m"
"4624","VGGS3V",3480,"m"
"4625","3STC7T",1500,"f"
"4626","7W2BAS",3000,"f"
"4627","CPcQFY",4470,"f"
"4628","K6FCZV",3540,"m"
"4629","QMLL2R",1530,"m"
"4630","3ADQJK",1170,"m"
"4631","YPMRcS",1710,"f"
"4632","K7YdLP",5640,"f"
"4633","DBFU24",4290,"f"
"4634","KE6McV",4020,"f"
"4635","Y5C3MY",2880,"m"
"4636","VdA4LW",1290,"f"
"4637","SCHcHE",3450,"m"
"4638","GFRFTR",1920,"f"
"4639","AF6JVZ",2490,"m"
"4640","dADL67",1890,"f"
"4641","4NJCTY",1590,"m"
"4642","7JUJPC",2790,"m"
"4643","Y2M3FQ",4230,"f"
"4644","WDY6c7",2550,"f"
"4645","C5HA27",4620,"f"
"4646","PU2VcV",4620,"o"
"4647","YFE323",2040,"m"
"4648","GXJBPE",1170,"m"
"4649","VRRTXM",3540,"f"
"4650","65LC6N",1200,"m"
"4651","EHPQXP",2670,"f"
"4652","KN4QXT",1890,"m"
"4653","5Q24K5",1290,"f"
"4654","AEVA5R",2610,"f"
"4655","PZ5DPJ",1170,"f"
"4656","RL56d4",3060,"m"
"4657","VRHSL4",3450,"f"
"4658","SEAHSd",2100,"m"
"4659","NSQ3X6",3420,"f"
"4660","4VHdUK",5040,"m"
"4661","AS4P67",2040,"f"
"4662","Xd7JWC",2010,"m"
"4663","PcR4BM",1980,"m"
"4664","UPTL7Y",3720,"m"
"4665","DHZ3NG",3600,"f"
"4666","YLAdC4",1830,"f"
"4667","PRPWZF",2220,"f"
"4668","NMW7J7",1500,"f"
"4669","MBCA5E",2730,"f"
"4670","NPVQNQ",1740,"m"
"4671","NEQP2Q",1860,"f"
"4672","44WWDL",1890,"f"
"4673","dMcX57",1650,"m"
"4674","P2JCDF",1740,"m"
"4675","XEKPSB",1980,"f"
"4676","dJPCR7",2610,"m"
"4677","QVDCEG",2760,"f"
"4678","TJAT32",1260,"m"
"4679","V5REVB",1500,"m"
"4680","S7FVQH",2070,"m"
"4681","347dJH",1800,"f"
"4682","SCMMCA",3150,"f"
"4683","J33Q67",1440,"m"
"4684","PK2YGJ",4200,"m"
"4685","3G522Y",2460,"f"
"4686","W575AK",2790,"f"
"4687","WQGT5Y",1200,"m"
"4688","d6RFVM",4110,"m"
"4689","GYU46J",4140,"f"
"4690","GYU46J",4140,"f"
"4691","2cLdd2",2970,"f"
"4692","6FL4TM",2550,"f"
"4693","QVSRQC",1980,"f"
"4694","DKUY4F",1290,"f"
"4695","XAVQXc",2100,"f"
"4696","UZG2dX",2940,"m"
"4697","KHRJM7",3810,"m"
"4698","UAPd65",3060,"m"
"4699","3XcSJ2",3810,"f"
"4700","dR3ZQW",3240,"m"
"4701","LUQK5d",1350,"f"
"4702","KE3Z6Z",3810,"f"
"4703","FVTKHG",2790,"f"
"4704","5HHGcY",2640,"m"
"4705","Fc7UHG",3270,"m"
"4706","Q4EEd6",2460,"f"
"4707","Ddd42B",4590,"m"
"4708","cFJCJK",2490,"f"
"4709","RL5F7C",1590,"m"
"4710","QARBCD",3690,"m"
"4711","c2DEY3",1200,"m"
"4712","LKJRX3",2970,"f"
"4713","7R4XY2",1350,"f"
"4714","MR5MAH",2700,"f"
"4715","Z6JWFD",3000,"m"
"4716","FG5XVM",2550,"m"
"4717","BLMEUH",1560,"f"
"4718","XC7SMU",4050,"m"
"4719","MBSYFS",1740,"m"
"4720","2N2GAd",3060,"f"
"4721","YPNJKP",1740,"f"
"4722","BdHTN4",3420,"m"
"4723","4JccdB",2820,"m"
"4724","XQS345",1140,"f"
"4725","EG4DM2",1680,"m"
"4726","ZPAG2A",2400,"f"
"4727","NBXP7N",3390,"m"
"4728","cE3WXc",1530,"m"
"4729","KRLDTE",4320,"m"
"4730","KRLDTE",4320,"m"
"4731","NY2cZA",3510,"f"
"4732","CUCSW3",2880,"m"
"4733","NZKdcH",1530,"f"
"4734","5Hd5XN",3720,"m"
"4735","JFd4LQ",3120,"f"
"4736","V6JVMB",2700,"m"
"4737","WGSZS6",1920,"m"
"4738","UQYP3K",2160,"f"
"4739","P3MYF5",3300,"f"
"4740","dcddCF",1770,"f"
"4741","CAECUF",3870,"f"
"4742","NZcKZR",2490,"m"
"4743","3MGZ2D",1620,"f"
"4744","Y324M2",4710,"m"
"4745","RKKSJM",3030,"f"
"4746","4ABCC4",1320,"f"
"4747","K73D3S",1860,"f"
"4748","5d3X5S",1620,"f"
"4749","WDETH6",2670,"m"
"4750","dZUWST",2340,"f"
"4751","cYGACQ",1890,"f"
"4752","dXAQG4",2760,"m"
"4753","5WHcX5",3750,"m"
"4754","K7R7CV",2550,"f"
"4755","FG2KCN",1440,"f"
"4756","YHGER6",3660,"f"
"4757","XUUFNU",2460,"f"
"4758","WPK4FZ",2760,"m"
"4759","Q4cDH5",2310,"f"
"4760","CXMSKS",2730,"f"
"4761","EZ6FZQ",1650,"m"
"4762","LCDQES",1530,"f"
"4763","LKKFPd",2400,"f"
"4764","Y4MHXV",2160,"m"
"4765","2ZPdLJ",1500,"f"
"4766","RC5T3R",3480,"f"
"4767","6c4MZT",2850,"f"
"4768","2ZBH3d",4020,"f"
"4769","d44R4W",4110,"f"
"4770","ZEYSWL",1560,"f"
"4771","33NPWV",1380,"m"
"4772","YMH4W3",1650,"f"
"4773","PXBcNU",1500,"m"
"4774","PXBcNU",1500,"m"
"4775","C2J3Kd",1350,"f"
"4776","7UQ674",1200,"f"
"4777","dJZ5QE",2850,"f"
"4778","H3HBTJ",1380,"f"
"4779","AEL3EQ",1200,"m"
"4780","3BMEHF",2130,"m"
"4781","HBWDcR",3210,"m"
"4782","ARMW2Y",3900,"m"
"4783","KMUTBA",2790,"f"
"4784","SCHcHE",3420,"m"
"4785","PXXPWV",2010,"m"
"4786","GCCDGU",1200,"f"
"4787","7EBDYc",3270,"f"
"4788","4P2QUV",1860,"m"
"4789","Z6D7dB",2220,"f"
"4790","75ZW26",1620,"m"
"4791","BC76CA",3780,"m"
"4792","BC76CA",3780,"m"
"4793","WMJVGR",3000,"m"
"4794","dVMXCc",1770,"f"
"4795","d5Ud2c",1920,"f"
"4796","4VCRcA",2520,"f"
"4797","CQKHMP",4980,"f"
"4798","QRZ4QE",1530,"f"
"4799","EFYJWW",2010,"f"
"4800","LRAUYL",2010,"f"
"4801","AWZXWB",1290,"f"
"4802","R27BW6",5130,"m"
"4803","PHK3XR",2610,"f"
"4804","N4N6Q2",1890,"m"
"4805","YFLMKE",2490,"m"
"4806","5c5BKL",2400,"m"
"4807","VDGZL2",1680,"m"
"4808","cMD6FQ",5220,"m"
"4809","GXGSFD",5640,"f"
"4810","SJQQ2J",5130,"f"
"4811","SJQQ2J",5130,"f"
"4812","5WN27N",5250,"f"
"4813","P3EcYE",5130,"f"
"4814","AVEH25",5460,"f"
"4815","MLH6HJ",5610,"f"
"4816","42LZDc",5280,"f"
"4817","FFZF7X",5160,"f"
"4818","LRCNHV",5700,"m"
"4819","F5REDH",5520,"m"
"4820","7GdZTX",5460,"m"
"4821","D7cM6P",5790,"f"
"4822","JE64ZK",5460,"m"
"4823","2dBUQX",5310,"f"
"4824","Yd7WPT",5250,"f"
"4825","735EB3",5460,"f"
"4826","cG6dWL",5430,"m"
"4827","ENUBED",5130,"m"
"4828","J4S4Nd",5310,"f"
"4829","RQXQ37",5610,"f"
"4830","TDYH5c",5250,"f"
"4831","H5HUVK",5520,"f"
"4832","A3HVZU",5490,"m"
"4833","Q5ZTWH",5130,"m"
"4834","CPLE3C",5220,"m"
"4835","VdRXdD",1350,"f"
"4836","DGH6Ld",1440,"f"
"4837","KTLJTX",1140,"f"
"4838","5A2Y2B",1170,"f"
"4839","GRLVFF",1230,"m"
"4840","4Lc7HB",1110,"m"
"4841","5TDN53",1350,"f"
"4842","5TDN53",1350,"f"
"4843","F5QMEJ",1320,"m"
"4844","KU6RG5",2460,"m"
"4845","B5SScH",2520,"f"
"4846","XFMJ2D",2400,"m"
"4847","XNAGCD",2310,"f"
"4848","CTDG73",2490,"m"
"4849","GQYEcF",2340,"f"
"4850","DTXJAD",2400,"m"
"4851","5EPF77",2400,"f"
"4852","RBWAXG",2370,"f"
"4853","NA75A3",1320,"f"
"4854","ZFASAN",1260,"m"
"4855","UPcFPQ",1170,"f"
"4856","3BJL75",1320,"m"
"4857","L6BNGd",1440,"m"
"4858","4dR3DM",1530,"f"
"4859","FG3c3c",1590,"m"
"4860","3NRZDA",1110,"f"
"4861","cKNVRc",1770,"f"
"4862","KTLJTX",1140,"f"
"4863","QZ77BB",1500,"m"
"4864","DEH3SW",1230,"f"
"4865","CFZAdK",1230,"m"
"4866","223QZT",1590,"f"
"4867","C2PTE3",1380,"f"
"4868","RTVEE7",1560,"m"
"4869","XUYCHN",1170,"f"
"4870","CFGJVV",1140,"f"
"4871","6RYcKQ",1260,"f"
"4872","NX5FLF",1110,"f"
"4873","ZP3B3N",1110,"f"
"4874","RJ5WYZ",1290,"f"
"4875","A5ZcC2",1140,"m"
"4876","LFC354",1110,"f"
"4877","FdK67M",1200,"f"
"4878","K6SSNX",1110,"f"
"4879","QEQAZZ",1440,"f"
"4880","E5EL7R",5520,"f"
"4881","AVEH25",5280,"f"
"4882","5CETCY",5520,"m"
"4883","KdTKRC",5730,"m"
"4884","XQc656",2490,"m"
"4885","3QARD5",2250,"m"
"4886","BAA7SE",2310,"f"
"4887","DRTVFR",2190,"f"
"4888","X3U2KL",3300,"m"
"4889","ZdWJU6",1200,"f"
"4890","DZEEEQ",1140,"m"
"4891","cLWD7X",1260,"m"
"4892","VVcSLZ",1170,"m"
"4893","YQXHAZ",1260,"m"
"4894","A5ZcC2",1110,"m"
"4895","4SGNPS",3780,"m"
"4896","77P6BR",3300,"f"
"4897","DJKFNX",3600,"m"
"4898","EM566H",3480,"m"
"4899","VHTSRV",3390,"m"
"4900","UFEZMT",3870,"f"
"4901","UNVGH4",3390,"f"
"4902","G64NX2",3300,"f"
"4903","UEXRGR",3300,"m"
"4904","2RT5YX",3750,"f"
"4905","5Hd5XN",3930,"m"
"4906","M2VDRX",3390,"f"
"4907","ALGACP",3630,"m"
"4908","6VQ5NV",3330,"f"
"4909","QE3QBc",3270,"m"
"4910","RF7BV6",3030,"f"
"4911","ZADALH",3630,"f"
"4912","UDVQ7Y",3330,"m"
"4913","ZU2PLS",3270,"f"
"4914","H7RFHM",3030,"f"
"4915","3NJBME",3360,"m"
"4916","2cLdd2",3180,"f"
"4917","U2YQXC",3870,"m"
"4918","U2YQXC",3870,"m"
"4919","VAKJdV",2940,"m"
"4920","WDNHcd",3990,"f"
"4921","cZVLcN",2970,"m"
"4922","LdNK4E",3090,"m"
"4923","5CZXYC",3240,"m"
"4924","MATGdB",3150,"f"
"4925","NBR2LE",3660,"m"
"4926","MM7MHD",3090,"m"
"4927","XQJNFQ",3510,"m"
"4928","J3RPUM",3930,"m"
"4929","J6GS2X",5820,"m"
"4930","QDLBWP",4500,"f"
"4931","36TYFV",4830,"f"
"4932","46GXRG",4890,"m"
"4933","WUCdQ6",4830,"m"
"4934","K7GP2d",5340,"f"
"4935","EcQK3N",5130,"m"
"4936","cMD6FQ",4980,"m"
"4937","EKACME",4740,"m"
"4938","K7GP2d",5340,"f"
"4939","7GKV4Y",5670,"m"
"4940","F7J6RM",4770,"m"
"4941","PU2VcV",4740,"o"
"4942","C5HA27",4740,"f"
"4943","USPAM2",4920,"f"
"4944","USPAM2",4920,"f"
"4945","CYHPFL",4950,"m"
"4946","SHWDdD",5310,"m"
"4947","27NPYH",4890,"f"
"4948","3EXKKV",4950,"m"
"4949","cMD6FQ",4920,"m"
"4950","LRCNHV",5430,"m"
"4951","PF76LW",5100,"m"
"4952","N2ZVC6",5280,"m"
"4953","B7TKT6",5040,"f"
"4954","7GdZTX",5190,"m"
"4955","7GdZTX",5190,"m"
"4956","735EB3",5250,"f"
"4957","RHTVQE",5010,"m"
"4958","VR4LYE",4500,"m"
"4959","543XTU",5280,"m"
"4960","775VNH",4890,"m"
"4961","N54WCV",5760,"f"
"4962","YAEUF5",5670,"m"
"4963","WQU6QW",5190,"f"
"4964","KRLDTE",4410,"m"
"4965","V3dN5D",4890,"m"
"4966","U32dEc",4950,"m"
"4967","JD34YF",4530,"m"
"4968","WYSHT3",4980,"m"
"4969","MNMX4S",5370,"m"
"4970","cX2D7c",4410,"f"
"4971","UYRcFH",4650,"f"
"4972","UKBcFN",4440,"m"
"4973","DEJDGM",4440,"m"
"4974","4URBHK",5070,"f"
"4975","YKUEcM",4170,"f"
"4976","P7Md7Y",4230,"f"
"4977","6VN3FP",4980,"m"
"4978","E5VGcY",4320,"f"
"4979","NcPKdR",4740,"m"
"4980","5C4cLF",4260,"m"
"4981","YKVL6Y",4020,"m"
"4982","LA3QLT",4770,"f"
"4983","3EXKKV",4860,"m"
"4984","4UTJ5C",4650,"f"
"4985","Z46DHN",4140,"m"
"4986","Rc27L6",5250,"f"
"4987","T7C2LP",4950,"f"
"4988","PCWHCD",4080,"m"
"4989","YSMZLG",4530,"m"
"4990","CJ2JZ3",4590,"m"
"4991","VB2XLF",4110,"m"
"4992","BVZU4W",4140,"m"
"4993","LZWTJC",4140,"m"
"4994","NN3UDW",4440,"m"
"4995","7DNGNA",5070,"m"
"4996","MQ5dCM",4260,"f"
"4997","G3BWNN",4440,"m"
"4998","J7d7Ed",4560,"m"
"4999","6LXAJD",4350,"f"
"5000","FEYCW6",4410,"m"
"5001","W3c3ZK",5580,"m"
"5002","BDKZEN",4050,"m"
"5003","ZQ3TTU",4710,"m"
"5004","XYX3RT",4680,"m"
"5005","JKQG2U",4740,"f"
"5006","VX7XXc",5040,"m"
"5007","26TBKA",4080,"m"
"5008","VMHNQA",4350,"f"
"5009","cYHPQ5",4140,"m"
"5010","KLdCX3",4260,"m"
"5011","SL5H56",4260,"f"
"5012","2CKBJK",4050,"m"
"5013","P7Md7Y",4200,"f"
"5014","VJ5H2T",5160,"o"
"5015","B47FdD",3990,"m"
"5016","J6DT2K",4560,"m"
"5017","Vc73T7",4110,"m"
"5018","2D2Pd2",5190,"f"
"5019","AHG2DK",5700,"m"
"5020","ERC7YR",3870,"f"
"5021","QCPV75",4500,"m"
"5022","CTJFJ4",4950,"m"
"5023","FQNNUZ",5130,"f"
"5024","J6GS2X",5640,"m"
"5025","c3dQ5P",3720,"m"
"5026","AVEH25",5070,"f"
"5027","HMdQVZ",3870,"m"
"5028","FBSJTZ",5820,"f"
"5029","DHLRUE",4560,"m"
"5030","CRAcZd",5430,"f"
"5031","TDSRAc",4770,"f"
"5032","RV46G2",4260,"m"
"5033","2UMdLC",4170,"m"
"5034","c53NTX",3870,"m"
"5035","G5dAEK",4230,"m"
"5036","G36QUX",3840,"m"
"5037","Ddd43L",4500,"f"
"5038","2MNUcZ",5460,"f"
"5039","NSYUD6",3930,"f"
"5040","F7J6RM",4620,"m"
"5041","XKdc35",4170,"f"
"5042","2HPcJ3",4980,"m"
"5043","LN6TPF",4350,"f"
"5044","5WcVK4",5160,"f"
"5045","4BAHDN",3780,"m"
"5046","cFCZPK",4950,"m"
"5047","NKAPDd",5520,"m"
"5048","H5HUVK",5250,"f"
"5049","M6LdNB",4620,"m"
"5050","5MGCBZ",4050,"m"
"5051","ECZKcH",3090,"f"
"5052","FXKXTL",4290,"f"
"5053","4HBDTF",3840,"m"
"5054","d2RNVQ",3090,"f"
"5055","AZQZZJ",3480,"f"
"5056","KYNWJ7",3420,"f"
"5057","PWRD2W",3240,"f"
"5058","THHUXY",2790,"f"
"5059","CcXK5V",3630,"f"
"5060","226DPJ",3870,"m"
"5061","226DPJ",3870,"m"
"5062","CT6TE2",2280,"f"
"5063","dJUH64",2610,"m"
"5064","MM7MHD",2910,"m"
"5065","TRMZMN",2400,"f"
"5066","DUJVEL",3150,"m"
"5067","GE4NBT",5640,"m"
"5068","XdAMGC",2550,"f"
"5069","GLQULU",2640,"f"
"5070","ADcDUM",3330,"m"
"5071","dB3YRD",4290,"f"
"5072","CACCCP",2880,"m"
"5073","BJZGD2",3270,"f"
"5074","SQPHC7",2310,"f"
"5075","Kc6RMY",3330,"m"
"5076","PBLZWN",5190,"f"
"5077","VZ53KA",4110,"f"
"5078","WUBBEK",2640,"m"
"5079","XS57KJ",2190,"m"
"5080","d3R2U4",3060,"f"
"5081","RCAU4S",1980,"f"
"5082","UGcYTS",2970,"f"
"5083","LXRCcF",1980,"f"
"5084","6WDXTc",2160,"m"
"5085","37LAQX",2910,"m"
"5086","YLJTKQ",1950,"f"
"5087","KPRDT6",3480,"m"
"5088","BVA42Y",1950,"f"
"5089","KBQDD5",2700,"m"
"5090","4QcY5E",2070,"f"
"5091","4d2CPG",3000,"m"
"5092","SDF2YR",2490,"m"
"5093","7YdT45",2550,"f"
"5094","ZALG7S",3570,"f"
"5095","FJZ4BR",4530,"m"
"5096","BZVQUN",3840,"f"
"5097","BNXB5D",2640,"f"
"5098","NDM42C",2220,"f"
"5099","YM2G5C",1380,"f"
"5100","747d4U",2040,"f"
"5101","VEYGC2",3840,"m"
"5102","6RDT55",4920,"f"
"5103","c6dNFC",1500,"f"
"5104","FW72XL",3150,"f"
"5105","DY7SUJ",3870,"f"
"5106","VdM6UX",2880,"m"
"5107","4XE3KX",3600,"f"
"5108","QdRUdL",4170,"m"
"5109","VGGS3V",3480,"m"
"5110","3STC7T",1500,"f"
"5111","7W2BAS",3000,"f"
"5112","CPcQFY",4470,"f"
"5113","K6FCZV",3540,"m"
"5114","QMLL2R",1530,"m"
"5115","3ADQJK",1170,"m"
"5116","YPMRcS",1710,"f"
"5117","K7YdLP",5640,"f"
"5118","DBFU24",4290,"f"
"5119","KE6McV",4020,"f"
"5120","Y5C3MY",2880,"m"
"5121","VdA4LW",1290,"f"
"5122","SCHcHE",3450,"m"
"5123","GFRFTR",1920,"f"
"5124","AF6JVZ",2490,"m"
"5125","dADL67",1890,"f"
"5126","4NJCTY",1590,"m"
"5127","7JUJPC",2790,"m"
"5128","Y2M3FQ",4230,"f"
"5129","WDY6c7",2550,"f"
"5130","C5HA27",4620,"f"
"5131","PU2VcV",4620,"o"
"5132","YFE323",2040,"m"
"5133","GXJBPE",1170,"m"
"5134","VRRTXM",3540,"f"
"5135","65LC6N",1200,"m"
"5136","EHPQXP",2670,"f"
"5137","KN4QXT",1890,"m"
"5138","5Q24K5",1290,"f"
"5139","AEVA5R",2610,"f"
"5140","PZ5DPJ",1170,"f"
"5141","RL56d4",3060,"m"
"5142","VRHSL4",3450,"f"
"5143","SEAHSd",2100,"m"
"5144","NSQ3X6",3420,"f"
"5145","4VHdUK",5040,"m"
"5146","AS4P67",2040,"f"
"5147","Xd7JWC",2010,"m"
"5148","PcR4BM",1980,"m"
"5149","UPTL7Y",3720,"m"
"5150","DHZ3NG",3600,"f"
"5151","YLAdC4",1830,"f"
"5152","PRPWZF",2220,"f"
"5153","NMW7J7",1500,"f"
"5154","MBCA5E",2730,"f"
"5155","NPVQNQ",1740,"m"
"5156","NEQP2Q",1860,"f"
"5157","44WWDL",1890,"f"
"5158","dMcX57",1650,"m"
"5159","P2JCDF",1740,"m"
"5160","XEKPSB",1980,"f"
"5161","dJPCR7",2610,"m"
"5162","QVDCEG",2760,"f"
"5163","TJAT32",1260,"m"
"5164","V5REVB",1500,"m"
"5165","S7FVQH",2070,"m"
"5166","347dJH",1800,"f"
"5167","SCMMCA",3150,"f"
"5168","J33Q67",1440,"m"
"5169","PK2YGJ",4200,"m"
"5170","3G522Y",2460,"f"
"5171","W575AK",2790,"f"
"5172","WQGT5Y",1200,"m"
"5173","d6RFVM",4110,"m"
"5174","GYU46J",4140,"f"
"5175","2cLdd2",2970,"f"
"5176","6FL4TM",2550,"f"
"5177","QVSRQC",1980,"f"
"5178","DKUY4F",1290,"f"
"5179","XAVQXc",2100,"f"
"5180","UZG2dX",2940,"m"
"5181","KHRJM7",3810,"m"
"5182","UAPd65",3060,"m"
"5183","3XcSJ2",3810,"f"
"5184","dR3ZQW",3240,"m"
"5185","LUQK5d",1350,"f"
"5186","KE3Z6Z",3810,"f"
"5187","FVTKHG",2790,"f"
"5188","5HHGcY",2640,"m"
"5189","Fc7UHG",3270,"m"
"5190","Q4EEd6",2460,"f"
"5191","Ddd42B",4590,"m"
"5192","cFJCJK",2490,"f"
"5193","RL5F7C",1590,"m"
"5194","QARBCD",3690,"m"
"5195","c2DEY3",1200,"m"
"5196","LKJRX3",2970,"f"
"5197","7R4XY2",1350,"f"
"5198","MR5MAH",2700,"f"
"5199","Z6JWFD",3000,"m"
"5200","FG5XVM",2550,"m"
"5201","BLMEUH",1560,"f"
"5202","XC7SMU",4050,"m"
"5203","MBSYFS",1740,"m"
"5204","2N2GAd",3060,"f"
"5205","YPNJKP",1740,"f"
"5206","BdHTN4",3420,"m"
"5207","4JccdB",2820,"m"
"5208","XQS345",1140,"f"
"5209","EG4DM2",1680,"m"
"5210","ZPAG2A",2400,"f"
"5211","NBXP7N",3390,"m"
"5212","cE3WXc",1530,"m"
"5213","KRLDTE",4320,"m"
"5214","KRLDTE",4320,"m"
"5215","KRLDTE",4320,"m"
"5216","NY2cZA",3510,"f"
"5217","CUCSW3",2880,"m"
"5218","NZKdcH",1530,"f"
"5219","5Hd5XN",3720,"m"
"5220","JFd4LQ",3120,"f"
"5221","V6JVMB",2700,"m"
"5222","WGSZS6",1920,"m"
"5223","UQYP3K",2160,"f"
"5224","P3MYF5",3300,"f"
"5225","dcddCF",1770,"f"
"5226","CAECUF",3870,"f"
"5227","NZcKZR",2490,"m"
"5228","3MGZ2D",1620,"f"
"5229","Y324M2",4710,"m"
"5230","RKKSJM",3030,"f"
"5231","4ABCC4",1320,"f"
"5232","K73D3S",1860,"f"
"5233","5d3X5S",1620,"f"
"5234","WDETH6",2670,"m"
"5235","dZUWST",2340,"f"
"5236","cYGACQ",1890,"f"
"5237","dXAQG4",2760,"m"
"5238","5WHcX5",3750,"m"
"5239","K7R7CV",2550,"f"
"5240","FG2KCN",1440,"f"
"5241","YHGER6",3660,"f"
"5242","XUUFNU",2460,"f"
"5243","WPK4FZ",2760,"m"
"5244","Q4cDH5",2310,"f"
"5245","CXMSKS",2730,"f"
"5246","EZ6FZQ",1650,"m"
"5247","LCDQES",1530,"f"
"5248","LKKFPd",2400,"f"
"5249","Y4MHXV",2160,"m"
"5250","2ZPdLJ",1500,"f"
"5251","RC5T3R",3480,"f"
"5252","6c4MZT",2850,"f"
"5253","2ZBH3d",4020,"f"
"5254","d44R4W",4110,"f"
"5255","ZEYSWL",1560,"f"
"5256","33NPWV",1380,"m"
"5257","YMH4W3",1650,"f"
"5258","PXBcNU",1500,"m"
"5259","C2J3Kd",1350,"f"
"5260","7UQ674",1200,"f"
"5261","dJZ5QE",2850,"f"
"5262","H3HBTJ",1380,"f"
"5263","AEL3EQ",1200,"m"
"5264","3BMEHF",2130,"m"
"5265","HBWDcR",3210,"m"
"5266","ARMW2Y",3900,"m"
"5267","KMUTBA",2790,"f"
"5268","SCHcHE",3420,"m"
"5269","PXXPWV",2010,"m"
"5270","GCCDGU",1200,"f"
"5271","7EBDYc",3270,"f"
"5272","4P2QUV",1860,"m"
"5273","Z6D7dB",2220,"f"
"5274","75ZW26",1620,"m"
"5275","BC76CA",3780,"m"
"5276","WMJVGR",3000,"m"
"5277","dVMXCc",1770,"f"
"5278","d5Ud2c",1920,"f"
"5279","4VCRcA",2520,"f"
"5280","CQKHMP",4980,"f"
"5281","QRZ4QE",1530,"f"
"5282","EFYJWW",2010,"f"
"5283","LRAUYL",2010,"f"
"5284","AWZXWB",1290,"f"
"5285","R27BW6",5130,"m"
"5286","PHK3XR",2610,"f"
"5287","N4N6Q2",1890,"m"
"5288","YFLMKE",2490,"m"
"5289","5c5BKL",2400,"m"
"5290","VDGZL2",1680,"m"
"5291","cMD6FQ",5220,"m"
"5292","GXGSFD",5640,"f"
"5293","SJQQ2J",5130,"f"
"5294","5WN27N",5250,"f"
"5295","P3EcYE",5130,"f"
"5296","AVEH25",5460,"f"
"5297","MLH6HJ",5610,"f"
"5298","42LZDc",5280,"f"
"5299","FFZF7X",5160,"f"
"5300","LRCNHV",5700,"m"
"5301","F5REDH",5520,"m"
"5302","7GdZTX",5460,"m"
"5303","D7cM6P",5790,"f"
"5304","JE64ZK",5460,"m"
"5305","2dBUQX",5310,"f"
"5306","Yd7WPT",5250,"f"
"5307","735EB3",5460,"f"
"5308","cG6dWL",5430,"m"
"5309","ENUBED",5130,"m"
"5310","J4S4Nd",5310,"f"
"5311","RQXQ37",5610,"f"
"5312","TDYH5c",5250,"f"
"5313","H5HUVK",5520,"f"
"5314","A3HVZU",5490,"m"
"5315","Q5ZTWH",5130,"m"
"5316","CPLE3C",5220,"m"
"5317","VdRXdD",1350,"f"
"5318","DGH6Ld",1440,"f"
"5319","KTLJTX",1140,"f"
"5320","5A2Y2B",1170,"f"
"5321","GRLVFF",1230,"m"
"5322","4Lc7HB",1110,"m"
"5323","5TDN53",1350,"f"
"5324","F5QMEJ",1320,"m"
"5325","KU6RG5",2460,"m"
"5326","B5SScH",2520,"f"
"5327","XFMJ2D",2400,"m"
"5328","XNAGCD",2310,"f"
"5329","CTDG73",2490,"m"
"5330","GQYEcF",2340,"f"
"5331","DTXJAD",2400,"m"
"5332","5EPF77",2400,"f"
"5333","RBWAXG",2370,"f"
"5334","NA75A3",1320,"f"
"5335","ZFASAN",1260,"m"
"5336","UPcFPQ",1170,"f"
"5337","3BJL75",1320,"m"
"5338","L6BNGd",1440,"m"
"5339","4dR3DM",1530,"f"
"5340","FG3c3c",1590,"m"
"5341","3NRZDA",1110,"f"
"5342","cKNVRc",1770,"f"
"5343","KTLJTX",1140,"f"
"5344","QZ77BB",1500,"m"
"5345","DEH3SW",1230,"f"
"5346","CFZAdK",1230,"m"
"5347","223QZT",1590,"f"
"5348","C2PTE3",1380,"f"
"5349","RTVEE7",1560,"m"
"5350","XUYCHN",1170,"f"
"5351","CFGJVV",1140,"f"
"5352","6RYcKQ",1260,"f"
"5353","NX5FLF",1110,"f"
"5354","ZP3B3N",1110,"f"
"5355","RJ5WYZ",1290,"f"
"5356","A5ZcC2",1140,"m"
"5357","LFC354",1110,"f"
"5358","FdK67M",1200,"f"
"5359","K6SSNX",1110,"f"
"5360","QEQAZZ",1440,"f"
"5361","E5EL7R",5520,"f"
"5362","AVEH25",5280,"f"
"5363","5CETCY",5520,"m"
"5364","KdTKRC",5730,"m"
"5365","XQc656",2490,"m"
"5366","3QARD5",2250,"m"
"5367","BAA7SE",2310,"f"
"5368","DRTVFR",2190,"f"
"5369","X3U2KL",3300,"m"
"5370","ZdWJU6",1200,"f"
"5371","DZEEEQ",1140,"m"
"5372","cLWD7X",1260,"m"
"5373","VVcSLZ",1170,"m"
"5374","YQXHAZ",1260,"m"
"5375","A5ZcC2",1110,"m"
"5376","4SGNPS",3780,"m"
"5377","77P6BR",3300,"f"
"5378","DJKFNX",3600,"m"
"5379","EM566H",3480,"m"
"5380","VHTSRV",3390,"m"
"5381","UFEZMT",3870,"f"
"5382","UNVGH4",3390,"f"
"5383","G64NX2",3300,"f"
"5384","UEXRGR",3300,"m"
"5385","2RT5YX",3750,"f"
"5386","5Hd5XN",3930,"m"
"5387","M2VDRX",3390,"f"
"5388","ALGACP",3630,"m"
"5389","6VQ5NV",3330,"f"
"5390","QE3QBc",3270,"m"
"5391","RF7BV6",3030,"f"
"5392","ZADALH",3630,"f"
"5393","UDVQ7Y",3330,"m"
"5394","ZU2PLS",3270,"f"
"5395","H7RFHM",3030,"f"
"5396","3NJBME",3360,"m"
"5397","2cLdd2",3180,"f"
"5398","U2YQXC",3870,"m"
"5399","U2YQXC",3870,"m"
"5400","VAKJdV",2940,"m"
"5401","WDNHcd",3990,"f"
"5402","cZVLcN",2970,"m"
"5403","LdNK4E",3090,"m"
"5404","5CZXYC",3240,"m"
"5405","MATGdB",3150,"f"
"5406","NBR2LE",3660,"m"
"5407","MM7MHD",3090,"m"
"5408","XQJNFQ",3510,"m"
"5409","J3RPUM",3930,"m"
"5410","J6GS2X",5820,"m"
"5411","QDLBWP",4500,"f"
"5412","36TYFV",4830,"f"
"5413","46GXRG",4890,"m"
"5414","WUCdQ6",4830,"m"
"5415","K7GP2d",5340,"f"
"5416","EcQK3N",5130,"m"
"5417","cMD6FQ",4980,"m"
"5418","EKACME",4740,"m"
"5419","K7GP2d",5340,"f"
"5420","7GKV4Y",5670,"m"
"5421","F7J6RM",4770,"m"
"5422","PU2VcV",4740,"o"
"5423","C5HA27",4740,"f"
"5424","USPAM2",4920,"f"
"5425","USPAM2",4920,"f"
"5426","CYHPFL",4950,"m"
"5427","SHWDdD",5310,"m"
"5428","27NPYH",4890,"f"
"5429","3EXKKV",4950,"m"
"5430","cMD6FQ",4920,"m"
"5431","LRCNHV",5430,"m"
"5432","PF76LW",5100,"m"
"5433","N2ZVC6",5280,"m"
"5434","B7TKT6",5040,"f"
"5435","7GdZTX",5190,"m"
"5436","735EB3",5250,"f"
"5437","RHTVQE",5010,"m"
"5438","VR4LYE",4500,"m"
"5439","543XTU",5280,"m"
"5440","775VNH",4890,"m"
"5441","N54WCV",5760,"f"
"5442","YAEUF5",5670,"m"
"5443","WQU6QW",5190,"f"
"5444","KRLDTE",4410,"m"
"5445","V3dN5D",4890,"m"
"5446","U32dEc",4950,"m"
"5447","JD34YF",4530,"m"
"5448","WYSHT3",4980,"m"
"5449","MNMX4S",5370,"m"
"5450","cX2D7c",4410,"f"
"5451","UYRcFH",4650,"f"
"5452","UKBcFN",4440,"m"
"5453","DEJDGM",4440,"m"
"5454","4URBHK",5070,"f"
"5455","YKUEcM",4170,"f"
"5456","P7Md7Y",4230,"f"
"5457","6VN3FP",4980,"m"
"5458","E5VGcY",4320,"f"
"5459","NcPKdR",4740,"m"
"5460","5C4cLF",4260,"m"
"5461","YKVL6Y",4020,"m"
"5462","LA3QLT",4770,"f"
"5463","3EXKKV",4860,"m"
"5464","4UTJ5C",4650,"f"
"5465","Z46DHN",4140,"m"
"5466","Rc27L6",5250,"f"
"5467","T7C2LP",4950,"f"
"5468","PCWHCD",4080,"m"
"5469","YSMZLG",4530,"m"
"5470","CJ2JZ3",4590,"m"
"5471","VB2XLF",4110,"m"
"5472","BVZU4W",4140,"m"
"5473","LZWTJC",4140,"m"
"5474","NN3UDW",4440,"m"
"5475","7DNGNA",5070,"m"
"5476","MQ5dCM",4260,"f"
"5477","G3BWNN",4440,"m"
"5478","J7d7Ed",4560,"m"
"5479","6LXAJD",4350,"f"
"5480","FEYCW6",4410,"m"
"5481","W3c3ZK",5580,"m"
"5482","BDKZEN",4050,"m"
"5483","ZQ3TTU",4710,"m"
"5484","XYX3RT",4680,"m"
"5485","JKQG2U",4740,"f"
"5486","VX7XXc",5040,"m"
"5487","26TBKA",4080,"m"
"5488","VMHNQA",4350,"f"
"5489","cYHPQ5",4140,"m"
"5490","KLdCX3",4260,"m"
"5491","SL5H56",4260,"f"
"5492","2CKBJK",4050,"m"
"5493","P7Md7Y",4200,"f"
"5494","VJ5H2T",5160,"o"
"5495","VJ5H2T",5160,"o"
"5496","B47FdD",3990,"m"
"5497","J6DT2K",4560,"m"
"5498","Vc73T7",4110,"m"
"5499","2D2Pd2",5190,"f"
"5500","AHG2DK",5700,"m"
"5501","ERC7YR",3870,"f"
"5502","QCPV75",4500,"m"
"5503","CTJFJ4",4950,"m"
"5504","FQNNUZ",5130,"f"
"5505","J6GS2X",5640,"m"
"5506","c3dQ5P",3720,"m"
"5507","AVEH25",5070,"f"
"5508","HMdQVZ",3870,"m"
"5509","FBSJTZ",5820,"f"
"5510","DHLRUE",4560,"m"
"5511","CRAcZd",5430,"f"
"5512","TDSRAc",4770,"f"
"5513","RV46G2",4260,"m"
"5514","2UMdLC",4170,"m"
"5515","c53NTX",3870,"m"
"5516","G5dAEK",4230,"m"
"5517","G36QUX",3840,"m"
"5518","Ddd43L",4500,"f"
"5519","2MNUcZ",5460,"f"
"5520","NSYUD6",3930,"f"
"5521","F7J6RM",4620,"m"
"5522","XKdc35",4170,"f"
"5523","2HPcJ3",4980,"m"
"5524","LN6TPF",4350,"f"
"5525","5WcVK4",5160,"f"
"5526","4BAHDN",3780,"m"
"5527","cFCZPK",4950,"m"
"5528","NKAPDd",5520,"m"
"5529","H5HUVK",5250,"f"
"5530","M6LdNB",4620,"m"
"5531","5MGCBZ",4050,"m"
"5532","ECZKcH",3090,"f"
"5533","FXKXTL",4290,"f"
"5534","4HBDTF",3840,"m"
"5535","d2RNVQ",3090,"f"
"5536","AZQZZJ",3480,"f"
"5537","KYNWJ7",3420,"f"
"5538","PWRD2W",3240,"f"
"5539","THHUXY",2790,"f"
"5540","CcXK5V",3630,"f"
"5541","226DPJ",3870,"m"
"5542","CT6TE2",2280,"f"
"5543","dJUH64",2610,"m"
"5544","MM7MHD",2910,"m"
"5545","TRMZMN",2400,"f"
"5546","DUJVEL",3150,"m"
"5547","GE4NBT",5640,"m"
"5548","XdAMGC",2550,"f"
"5549","GLQULU",2640,"f"
"5550","ADcDUM",3330,"m"
"5551","dB3YRD",4290,"f"
"5552","CACCCP",2880,"m"
"5553","BJZGD2",3270,"f"
"5554","SQPHC7",2310,"f"
"5555","Kc6RMY",3330,"m"
"5556","PBLZWN",5190,"f"
"5557","VZ53KA",4110,"f"
"5558","WUBBEK",2640,"m"
"5559","XS57KJ",2190,"m"
"5560","d3R2U4",3060,"f"
"5561","RCAU4S",1980,"f"
"5562","UGcYTS",2970,"f"
"5563","LXRCcF",1980,"f"
"5564","6WDXTc",2160,"m"
"5565","37LAQX",2910,"m"
"5566","YLJTKQ",1950,"f"
"5567","KPRDT6",3480,"m"
"5568","BVA42Y",1950,"f"
"5569","KBQDD5",2700,"m"
"5570","4QcY5E",2070,"f"
"5571","4d2CPG",3000,"m"
"5572","SDF2YR",2490,"m"
"5573","7YdT45",2550,"f"
"5574","ZALG7S",3570,"f"
"5575","FJZ4BR",4530,"m"
"5576","BZVQUN",3840,"f"
"5577","BNXB5D",2640,"f"
"5578","NDM42C",2220,"f"
"5579","YM2G5C",1380,"f"
"5580","747d4U",2040,"f"
"5581","VEYGC2",3840,"m"
"5582","6RDT55",4920,"f"
"5583","c6dNFC",1500,"f"
"5584","FW72XL",3150,"f"
"5585","DY7SUJ",3870,"f"
"5586","VdM6UX",2880,"m"
"5587","4XE3KX",3600,"f"
"5588","QdRUdL",4170,"m"
"5589","VGGS3V",3480,"m"
"5590","3STC7T",1500,"f"
"5591","7W2BAS",3000,"f"
"5592","CPcQFY",4470,"f"
"5593","K6FCZV",3540,"m"
"5594","QMLL2R",1530,"m"
"5595","3ADQJK",1170,"m"
"5596","YPMRcS",1710,"f"
"5597","K7YdLP",5640,"f"
"5598","DBFU24",4290,"f"
"5599","KE6McV",4020,"f"
"5600","Y5C3MY",2880,"m"
"5601","VdA4LW",1290,"f"
"5602","SCHcHE",3450,"m"
"5603","GFRFTR",1920,"f"
"5604","AF6JVZ",2490,"m"
"5605","dADL67",1890,"f"
"5606","4NJCTY",1590,"m"
"5607","7JUJPC",2790,"m"
"5608","Y2M3FQ",4230,"f"
"5609","WDY6c7",2550,"f"
"5610","C5HA27",4620,"f"
"5611","PU2VcV",4620,"o"
"5612","YFE323",2040,"m"
"5613","GXJBPE",1170,"m"
"5614","VRRTXM",3540,"f"
"5615","65LC6N",1200,"m"
"5616","EHPQXP",2670,"f"
"5617","KN4QXT",1890,"m"
"5618","5Q24K5",1290,"f"
"5619","AEVA5R",2610,"f"
"5620","PZ5DPJ",1170,"f"
"5621","RL56d4",3060,"m"
"5622","VRHSL4",3450,"f"
"5623","SEAHSd",2100,"m"
"5624","NSQ3X6",3420,"f"
"5625","4VHdUK",5040,"m"
"5626","AS4P67",2040,"f"
"5627","Xd7JWC",2010,"m"
"5628","PcR4BM",1980,"m"
"5629","UPTL7Y",3720,"m"
"5630","DHZ3NG",3600,"f"
"5631","YLAdC4",1830,"f"
"5632","PRPWZF",2220,"f"
"5633","NMW7J7",1500,"f"
"5634","MBCA5E",2730,"f"
"5635","NPVQNQ",1740,"m"
"5636","NEQP2Q",1860,"f"
"5637","44WWDL",1890,"f"
"5638","dMcX57",1650,"m"
"5639","P2JCDF",1740,"m"
"5640","XEKPSB",1980,"f"
"5641","dJPCR7",2610,"m"
"5642","QVDCEG",2760,"f"
"5643","TJAT32",1260,"m"
"5644","V5REVB",1500,"m"
"5645","S7FVQH",2070,"m"
"5646","347dJH",1800,"f"
"5647","SCMMCA",3150,"f"
"5648","J33Q67",1440,"m"
"5649","PK2YGJ",4200,"m"
"5650","3G522Y",2460,"f"
"5651","W575AK",2790,"f"
"5652","WQGT5Y",1200,"m"
"5653","d6RFVM",4110,"m"
"5654","GYU46J",4140,"f"
"5655","2cLdd2",2970,"f"
"5656","6FL4TM",2550,"f"
"5657","QVSRQC",1980,"f"
"5658","DKUY4F",1290,"f"
"5659","XAVQXc",2100,"f"
"5660","UZG2dX",2940,"m"
"5661","KHRJM7",3810,"m"
"5662","UAPd65",3060,"m"
"5663","3XcSJ2",3810,"f"
"5664","dR3ZQW",3240,"m"
"5665","LUQK5d",1350,"f"
"5666","KE3Z6Z",3810,"f"
"5667","FVTKHG",2790,"f"
"5668","5HHGcY",2640,"m"
"5669","Fc7UHG",3270,"m"
"5670","Q4EEd6",2460,"f"
"5671","Ddd42B",4590,"m"
"5672","cFJCJK",2490,"f"
"5673","RL5F7C",1590,"m"
"5674","QARBCD",3690,"m"
"5675","c2DEY3",1200,"m"
"5676","LKJRX3",2970,"f"
"5677","7R4XY2",1350,"f"
"5678","MR5MAH",2700,"f"
"5679","Z6JWFD",3000,"m"
"5680","FG5XVM",2550,"m"
"5681","BLMEUH",1560,"f"
"5682","XC7SMU",4050,"m"
"5683","MBSYFS",1740,"m"
"5684","2N2GAd",3060,"f"
"5685","YPNJKP",1740,"f"
"5686","BdHTN4",3420,"m"
"5687","4JccdB",2820,"m"
"5688","XQS345",1140,"f"
"5689","EG4DM2",1680,"m"
"5690","ZPAG2A",2400,"f"
"5691","NBXP7N",3390,"m"
"5692","cE3WXc",1530,"m"
"5693","KRLDTE",4320,"m"
"5694","NY2cZA",3510,"f"
"5695","CUCSW3",2880,"m"
"5696","CUCSW3",2880,"m"
"5697","NZKdcH",1530,"f"
"5698","5Hd5XN",3720,"m"
"5699","JFd4LQ",3120,"f"
"5700","V6JVMB",2700,"m"
"5701","WGSZS6",1920,"m"
"5702","UQYP3K",2160,"f"
"5703","P3MYF5",3300,"f"
"5704","dcddCF",1770,"f"
"5705","CAECUF",3870,"f"
"5706","NZcKZR",2490,"m"
"5707","3MGZ2D",1620,"f"
"5708","Y324M2",4710,"m"
"5709","RKKSJM",3030,"f"
"5710","4ABCC4",1320,"f"
"5711","K73D3S",1860,"f"
"5712","5d3X5S",1620,"f"
"5713","WDETH6",2670,"m"
"5714","dZUWST",2340,"f"
"5715","cYGACQ",1890,"f"
"5716","dXAQG4",2760,"m"
"5717","5WHcX5",3750,"m"
"5718","K7R7CV",2550,"f"
"5719","FG2KCN",1440,"f"
"5720","YHGER6",3660,"f"
"5721","XUUFNU",2460,"f"
"5722","WPK4FZ",2760,"m"
"5723","Q4cDH5",2310,"f"
"5724","CXMSKS",2730,"f"
"5725","EZ6FZQ",1650,"m"
"5726","LCDQES",1530,"f"
"5727","LKKFPd",2400,"f"
"5728","Y4MHXV",2160,"m"
"5729","2ZPdLJ",1500,"f"
"5730","RC5T3R",3480,"f"
"5731","6c4MZT",2850,"f"
"5732","2ZBH3d",4020,"f"
"5733","d44R4W",4110,"f"
"5734","ZEYSWL",1560,"f"
"5735","33NPWV",1380,"m"
"5736","YMH4W3",1650,"f"
"5737","PXBcNU",1500,"m"
"5738","C2J3Kd",1350,"f"
"5739","7UQ674",1200,"f"
"5740","dJZ5QE",2850,"f"
"5741","H3HBTJ",1380,"f"
"5742","AEL3EQ",1200,"m"
"5743","3BMEHF",2130,"m"
"5744","HBWDcR",3210,"m"
"5745","ARMW2Y",3900,"m"
"5746","KMUTBA",2790,"f"
"5747","SCHcHE",3420,"m"
"5748","PXXPWV",2010,"m"
"5749","GCCDGU",1200,"f"
"5750","7EBDYc",3270,"f"
"5751","4P2QUV",1860,"m"
"5752","Z6D7dB",2220,"f"
"5753","75ZW26",1620,"m"
"5754","BC76CA",3780,"m"
"5755","WMJVGR",3000,"m"
"5756","dVMXCc",1770,"f"
"5757","d5Ud2c",1920,"f"
"5758","4VCRcA",2520,"f"
"5759","CQKHMP",4980,"f"
"5760","QRZ4QE",1530,"f"
"5761","EFYJWW",2010,"f"
"5762","LRAUYL",2010,"f"
"5763","AWZXWB",1290,"f"
"5764","R27BW6",5130,"m"
"5765","PHK3XR",2610,"f"
"5766","N4N6Q2",1890,"m"
"5767","YFLMKE",2490,"m"
"5768","5c5BKL",2400,"m"
"5769","VDGZL2",1680,"m"
"5770","cMD6FQ",5220,"m"
"5771","GXGSFD",5640,"f"
"5772","SJQQ2J",5130,"f"
"5773","5WN27N",5250,"f"
"5774","P3EcYE",5130,"f"
"5775","AVEH25",5460,"f"
"5776","MLH6HJ",5610,"f"
"5777","42LZDc",5280,"f"
"5778","FFZF7X",5160,"f"
"5779","LRCNHV",5700,"m"
"5780","F5REDH",5520,"m"
"5781","7GdZTX",5460,"m"
"5782","D7cM6P",5790,"f"
"5783","JE64ZK",5460,"m"
"5784","2dBUQX",5310,"f"
"5785","Yd7WPT",5250,"f"
"5786","735EB3",5460,"f"
"5787","cG6dWL",5430,"m"
"5788","ENUBED",5130,"m"
"5789","J4S4Nd",5310,"f"
"5790","RQXQ37",5610,"f"
"5791","TDYH5c",5250,"f"
"5792","H5HUVK",5520,"f"
"5793","A3HVZU",5490,"m"
"5794","Q5ZTWH",5130,"m"
"5795","CPLE3C",5220,"m"
"5796","VdRXdD",1350,"f"
"5797","DGH6Ld",1440,"f"
"5798","KTLJTX",1140,"f"
"5799","5A2Y2B",1170,"f"
"5800","GRLVFF",1230,"m"
"5801","4Lc7HB",1110,"m"
"5802","5TDN53",1350,"f"
"5803","F5QMEJ",1320,"m"
"5804","KU6RG5",2460,"m"
"5805","B5SScH",2520,"f"
"5806","XFMJ2D",2400,"m"
"5807","XNAGCD",2310,"f"
"5808","CTDG73",2490,"m"
"5809","GQYEcF",2340,"f"
"5810","DTXJAD",2400,"m"
"5811","5EPF77",2400,"f"
"5812","RBWAXG",2370,"f"
"5813","NA75A3",1320,"f"
"5814","ZFASAN",1260,"m"
"5815","UPcFPQ",1170,"f"
"5816","3BJL75",1320,"m"
"5817","L6BNGd",1440,"m"
"5818","4dR3DM",1530,"f"
"5819","FG3c3c",1590,"m"
"5820","3NRZDA",1110,"f"
"5821","cKNVRc",1770,"f"
"5822","KTLJTX",1140,"f"
"5823","QZ77BB",1500,"m"
"5824","DEH3SW",1230,"f"
"5825","CFZAdK",1230,"m"
"5826","223QZT",1590,"f"
"5827","C2PTE3",1380,"f"
"5828","RTVEE7",1560,"m"
"5829","XUYCHN",1170,"f"
"5830","CFGJVV",1140,"f"
"5831","6RYcKQ",1260,"f"
"5832","NX5FLF",1110,"f"
"5833","ZP3B3N",1110,"f"
"5834","RJ5WYZ",1290,"f"
"5835","A5ZcC2",1140,"m"
"5836","LFC354",1110,"f"
"5837","FdK67M",1200,"f"
"5838","K6SSNX",1110,"f"
"5839","QEQAZZ",1440,"f"
"5840","E5EL7R",5520,"f"
"5841","AVEH25",5280,"f"
"5842","5CETCY",5520,"m"
"5843","KdTKRC",5730,"m"
"5844","XQc656",2490,"m"
"5845","3QARD5",2250,"m"
"5846","BAA7SE",2310,"f"
"5847","DRTVFR",2190,"f"
"5848","X3U2KL",3300,"m"
"5849","ZdWJU6",1200,"f"
"5850","DZEEEQ",1140,"m"
"5851","cLWD7X",1260,"m"
"5852","VVcSLZ",1170,"m"
"5853","YQXHAZ",1260,"m"
"5854","A5ZcC2",1110,"m"
"5855","4SGNPS",3780,"m"
"5856","77P6BR",3300,"f"
"5857","DJKFNX",3600,"m"
"5858","EM566H",3480,"m"
"5859","VHTSRV",3390,"m"
"5860","UFEZMT",3870,"f"
"5861","UNVGH4",3390,"f"
"5862","G64NX2",3300,"f"
"5863","UEXRGR",3300,"m"
"5864","2RT5YX",3750,"f"
"5865","5Hd5XN",3930,"m"
"5866","M2VDRX",3390,"f"
"5867","ALGACP",3630,"m"
"5868","6VQ5NV",3330,"f"
"5869","QE3QBc",3270,"m"
"5870","RF7BV6",3030,"f"
"5871","ZADALH",3630,"f"
"5872","UDVQ7Y",3330,"m"
"5873","ZU2PLS",3270,"f"
"5874","H7RFHM",3030,"f"
"5875","3NJBME",3360,"m"
"5876","2cLdd2",3180,"f"
"5877","U2YQXC",3870,"m"
"5878","U2YQXC",3870,"m"
"5879","VAKJdV",2940,"m"
"5880","WDNHcd",3990,"f"
"5881","cZVLcN",2970,"m"
"5882","LdNK4E",3090,"m"
"5883","5CZXYC",3240,"m"
"5884","MATGdB",3150,"f"
"5885","NBR2LE",3660,"m"
"5886","MM7MHD",3090,"m"
"5887","XQJNFQ",3510,"m"
"5888","J3RPUM",3930,"m"
"5889","J6GS2X",5820,"m"
"5890","QDLBWP",4500,"f"
"5891","36TYFV",4830,"f"
"5892","46GXRG",4890,"m"
"5893","WUCdQ6",4830,"m"
"5894","K7GP2d",5340,"f"
"5895","EcQK3N",5130,"m"
"5896","cMD6FQ",4980,"m"
"5897","EKACME",4740,"m"
"5898","K7GP2d",5340,"f"
"5899","7GKV4Y",5670,"m"
"5900","F7J6RM",4770,"m"
"5901","PU2VcV",4740,"o"
"5902","C5HA27",4740,"f"
"5903","USPAM2",4920,"f"
"5904","USPAM2",4920,"f"
"5905","CYHPFL",4950,"m"
"5906","SHWDdD",5310,"m"
"5907","27NPYH",4890,"f"
"5908","3EXKKV",4950,"m"
"5909","cMD6FQ",4920,"m"
"5910","LRCNHV",5430,"m"
"5911","PF76LW",5100,"m"
"5912","N2ZVC6",5280,"m"
"5913","B7TKT6",5040,"f"
"5914","7GdZTX",5190,"m"
"5915","735EB3",5250,"f"
"5916","RHTVQE",5010,"m"
"5917","VR4LYE",4500,"m"
"5918","543XTU",5280,"m"
"5919","775VNH",4890,"m"
"5920","N54WCV",5760,"f"
"5921","YAEUF5",5670,"m"
"5922","WQU6QW",5190,"f"
"5923","KRLDTE",4410,"m"
"5924","V3dN5D",4890,"m"
"5925","U32dEc",4950,"m"
"5926","JD34YF",4530,"m"
"5927","WYSHT3",4980,"m"
"5928","MNMX4S",5370,"m"
"5929","cX2D7c",4410,"f"
"5930","UYRcFH",4650,"f"
"5931","UKBcFN",4440,"m"
"5932","DEJDGM",4440,"m"
"5933","4URBHK",5070,"f"
"5934","YKUEcM",4170,"f"
"5935","P7Md7Y",4230,"f"
"5936","6VN3FP",4980,"m"
"5937","E5VGcY",4320,"f"
"5938","NcPKdR",4740,"m"
"5939","5C4cLF",4260,"m"
"5940","YKVL6Y",4020,"m"
"5941","LA3QLT",4770,"f"
"5942","3EXKKV",4860,"m"
"5943","4UTJ5C",4650,"f"
"5944","Z46DHN",4140,"m"
"5945","Rc27L6",5250,"f"
"5946","T7C2LP",4950,"f"
"5947","PCWHCD",4080,"m"
"5948","YSMZLG",4530,"m"
"5949","CJ2JZ3",4590,"m"
"5950","VB2XLF",4110,"m"
"5951","BVZU4W",4140,"m"
"5952","LZWTJC",4140,"m"
"5953","NN3UDW",4440,"m"
"5954","7DNGNA",5070,"m"
"5955","MQ5dCM",4260,"f"
"5956","G3BWNN",4440,"m"
"5957","J7d7Ed",4560,"m"
"5958","6LXAJD",4350,"f"
"5959","FEYCW6",4410,"m"
"5960","W3c3ZK",5580,"m"
"5961","BDKZEN",4050,"m"
"5962","ZQ3TTU",4710,"m"
"5963","XYX3RT",4680,"m"
"5964","JKQG2U",4740,"f"
"5965","VX7XXc",5040,"m"
"5966","26TBKA",4080,"m"
"5967","VMHNQA",4350,"f"
"5968","cYHPQ5",4140,"m"
"5969","KLdCX3",4260,"m"
"5970","SL5H56",4260,"f"
"5971","2CKBJK",4050,"m"
"5972","P7Md7Y",4200,"f"
"5973","VJ5H2T",5160,"o"
"5974","B47FdD",3990,"m"
"5975","J6DT2K",4560,"m"
"5976","Vc73T7",4110,"m"
"5977","2D2Pd2",5190,"f"
"5978","AHG2DK",5700,"m"
"5979","ERC7YR",3870,"f"
"5980","QCPV75",4500,"m"
"5981","CTJFJ4",4950,"m"
"5982","FQNNUZ",5130,"f"
"5983","J6GS2X",5640,"m"
"5984","c3dQ5P",3720,"m"
"5985","AVEH25",5070,"f"
"5986","HMdQVZ",3870,"m"
"5987","FBSJTZ",5820,"f"
"5988","DHLRUE",4560,"m"
"5989","CRAcZd",5430,"f"
"5990","TDSRAc",4770,"f"
"5991","RV46G2",4260,"m"
"5992","2UMdLC",4170,"m"
"5993","c53NTX",3870,"m"
"5994","G5dAEK",4230,"m"
"5995","G36QUX",3840,"m"
"5996","Ddd43L",4500,"f"
"5997","2MNUcZ",5460,"f"
"5998","NSYUD6",3930,"f"
"5999","F7J6RM",4620,"m"
"6000","XKdc35",4170,"f"
"6001","2HPcJ3",4980,"m"
"6002","LN6TPF",4350,"f"
"6003","5WcVK4",5160,"f"
"6004","4BAHDN",3780,"m"
"6005","cFCZPK",4950,"m"
"6006","NKAPDd",5520,"m"
"6007","H5HUVK",5250,"f"
"6008","M6LdNB",4620,"m"
"6009","5MGCBZ",4050,"m"
"6010","ECZKcH",3090,"f"
"6011","FXKXTL",4290,"f"
"6012","4HBDTF",3840,"m"
"6013","d2RNVQ",3090,"f"
"6014","AZQZZJ",3480,"f"
"6015","KYNWJ7",3420,"f"
"6016","PWRD2W",3240,"f"
"6017","THHUXY",2790,"f"
"6018","CcXK5V",3630,"f"
"6019","226DPJ",3870,"m"
"6020","CT6TE2",2280,"f"
"6021","dJUH64",2610,"m"
"6022","MM7MHD",2910,"m"
"6023","TRMZMN",2400,"f"
"6024","DUJVEL",3150,"m"
"6025","GE4NBT",5640,"m"
"6026","XdAMGC",2550,"f"
"6027","GLQULU",2640,"f"
"6028","ADcDUM",3330,"m"
"6029","dB3YRD",4290,"f"
"6030","CACCCP",2880,"m"
"6031","BJZGD2",3270,"f"
"6032","SQPHC7",2310,"f"
"6033","Kc6RMY",3330,"m"
"6034","PBLZWN",5190,"f"
"6035","VZ53KA",4110,"f"
"6036","WUBBEK",2640,"m"
"6037","XS57KJ",2190,"m"
"6038","d3R2U4",3060,"f"
"6039","RCAU4S",1980,"f"
"6040","UGcYTS",2970,"f"
"6041","LXRCcF",1980,"f"
"6042","6WDXTc",2160,"m"
"6043","37LAQX",2910,"m"
"6044","YLJTKQ",1950,"f"
"6045","KPRDT6",3480,"m"
"6046","BVA42Y",1950,"f"
"6047","KBQDD5",2700,"m"
"6048","4QcY5E",2070,"f"
"6049","4d2CPG",3000,"m"
"6050","SDF2YR",2490,"m"
"6051","7YdT45",2550,"f"
"6052","ZALG7S",3570,"f"
"6053","FJZ4BR",4530,"m"
"6054","BZVQUN",3840,"f"
"6055","BNXB5D",2640,"f"
"6056","NDM42C",2220,"f"
"6057","YM2G5C",1380,"f"
"6058","747d4U",2040,"f"
"6059","VEYGC2",3840,"m"
"6060","6RDT55",4920,"f"
"6061","c6dNFC",1500,"f"
"6062","FW72XL",3150,"f"
"6063","DY7SUJ",3870,"f"
"6064","VdM6UX",2880,"m"
"6065","4XE3KX",3600,"f"
"6066","QdRUdL",4170,"m"
"6067","VGGS3V",3480,"m"
"6068","3STC7T",1500,"f"
"6069","7W2BAS",3000,"f"
"6070","CPcQFY",4470,"f"
"6071","K6FCZV",3540,"m"
"6072","QMLL2R",1530,"m"
"6073","3ADQJK",1170,"m"
"6074","YPMRcS",1710,"f"
"6075","K7YdLP",5640,"f"
"6076","DBFU24",4290,"f"
"6077","KE6McV",4020,"f"
"6078","Y5C3MY",2880,"m"
"6079","VdA4LW",1290,"f"
"6080","SCHcHE",3450,"m"
"6081","GFRFTR",1920,"f"
"6082","AF6JVZ",2490,"m"
"6083","dADL67",1890,"f"
"6084","4NJCTY",1590,"m"
"6085","7JUJPC",2790,"m"
"6086","Y2M3FQ",4230,"f"
"6087","WDY6c7",2550,"f"
"6088","C5HA27",4620,"f"
"6089","PU2VcV",4620,"o"
"6090","YFE323",2040,"m"
"6091","GXJBPE",1170,"m"
"6092","VRRTXM",3540,"f"
"6093","65LC6N",1200,"m"
"6094","EHPQXP",2670,"f"
"6095","KN4QXT",1890,"m"
"6096","5Q24K5",1290,"f"
"6097","AEVA5R",2610,"f"
"6098","PZ5DPJ",1170,"f"
"6099","RL56d4",3060,"m"
"6100","VRHSL4",3450,"f"
"6101","SEAHSd",2100,"m"
"6102","NSQ3X6",3420,"f"
"6103","4VHdUK",5040,"m"
"6104","AS4P67",2040,"f"
"6105","Xd7JWC",2010,"m"
"6106","PcR4BM",1980,"m"
"6107","UPTL7Y",3720,"m"
"6108","DHZ3NG",3600,"f"
"6109","YLAdC4",1830,"f"
"6110","PRPWZF",2220,"f"
"6111","NMW7J7",1500,"f"
"6112","MBCA5E",2730,"f"
"6113","NPVQNQ",1740,"m"
"6114","NEQP2Q",1860,"f"
"6115","44WWDL",1890,"f"
"6116","dMcX57",1650,"m"
"6117","P2JCDF",1740,"m"
"6118","XEKPSB",1980,"f"
"6119","dJPCR7",2610,"m"
"6120","QVDCEG",2760,"f"
"6121","TJAT32",1260,"m"
"6122","V5REVB",1500,"m"
"6123","S7FVQH",2070,"m"
"6124","347dJH",1800,"f"
"6125","SCMMCA",3150,"f"
"6126","J33Q67",1440,"m"
"6127","PK2YGJ",4200,"m"
"6128","3G522Y",2460,"f"
"6129","W575AK",2790,"f"
"6130","WQGT5Y",1200,"m"
"6131","d6RFVM",4110,"m"
"6132","GYU46J",4140,"f"
"6133","2cLdd2",2970,"f"
"6134","6FL4TM",2550,"f"
"6135","QVSRQC",1980,"f"
"6136","DKUY4F",1290,"f"
"6137","XAVQXc",2100,"f"
"6138","UZG2dX",2940,"m"
"6139","KHRJM7",3810,"m"
"6140","UAPd65",3060,"m"
"6141","3XcSJ2",3810,"f"
"6142","dR3ZQW",3240,"m"
"6143","LUQK5d",1350,"f"
"6144","KE3Z6Z",3810,"f"
"6145","FVTKHG",2790,"f"
"6146","5HHGcY",2640,"m"
"6147","Fc7UHG",3270,"m"
"6148","Q4EEd6",2460,"f"
"6149","Ddd42B",4590,"m"
"6150","cFJCJK",2490,"f"
"6151","RL5F7C",1590,"m"
"6152","QARBCD",3690,"m"
"6153","c2DEY3",1200,"m"
"6154","LKJRX3",2970,"f"
"6155","7R4XY2",1350,"f"
"6156","MR5MAH",2700,"f"
"6157","Z6JWFD",3000,"m"
"6158","FG5XVM",2550,"m"
"6159","BLMEUH",1560,"f"
"6160","XC7SMU",4050,"m"
"6161","MBSYFS",1740,"m"
"6162","2N2GAd",3060,"f"
"6163","YPNJKP",1740,"f"
"6164","BdHTN4",3420,"m"
"6165","4JccdB",2820,"m"
"6166","XQS345",1140,"f"
"6167","EG4DM2",1680,"m"
"6168","ZPAG2A",2400,"f"
"6169","NBXP7N",3390,"m"
"6170","cE3WXc",1530,"m"
"6171","KRLDTE",4320,"m"
"6172","NY2cZA",3510,"f"
"6173","CUCSW3",2880,"m"
"6174","NZKdcH",1530,"f"
"6175","5Hd5XN",3720,"m"
"6176","JFd4LQ",3120,"f"
"6177","V6JVMB",2700,"m"
"6178","WGSZS6",1920,"m"
"6179","UQYP3K",2160,"f"
"6180","P3MYF5",3300,"f"
"6181","dcddCF",1770,"f"
"6182","CAECUF",3870,"f"
"6183","NZcKZR",2490,"m"
"6184","3MGZ2D",1620,"f"
"6185","Y324M2",4710,"m"
"6186","RKKSJM",3030,"f"
"6187","4ABCC4",1320,"f"
"6188","K73D3S",1860,"f"
"6189","5d3X5S",1620,"f"
"6190","WDETH6",2670,"m"
"6191","dZUWST",2340,"f"
"6192","cYGACQ",1890,"f"
"6193","dXAQG4",2760,"m"
"6194","5WHcX5",3750,"m"
"6195","K7R7CV",2550,"f"
"6196","FG2KCN",1440,"f"
"6197","YHGER6",3660,"f"
"6198","XUUFNU",2460,"f"
"6199","WPK4FZ",2760,"m"
"6200","Q4cDH5",2310,"f"
"6201","CXMSKS",2730,"f"
"6202","EZ6FZQ",1650,"m"
"6203","LCDQES",1530,"f"
"6204","LKKFPd",2400,"f"
"6205","Y4MHXV",2160,"m"
"6206","2ZPdLJ",1500,"f"
"6207","RC5T3R",3480,"f"
"6208","6c4MZT",2850,"f"
"6209","2ZBH3d",4020,"f"
"6210","d44R4W",4110,"f"
"6211","ZEYSWL",1560,"f"
"6212","33NPWV",1380,"m"
"6213","YMH4W3",1650,"f"
"6214","PXBcNU",1500,"m"
"6215","C2J3Kd",1350,"f"
"6216","7UQ674",1200,"f"
"6217","dJZ5QE",2850,"f"
"6218","H3HBTJ",1380,"f"
"6219","AEL3EQ",1200,"m"
"6220","3BMEHF",2130,"m"
"6221","HBWDcR",3210,"m"
"6222","ARMW2Y",3900,"m"
"6223","KMUTBA",2790,"f"
"6224","SCHcHE",3420,"m"
"6225","PXXPWV",2010,"m"
"6226","GCCDGU",1200,"f"
"6227","7EBDYc",3270,"f"
"6228","4P2QUV",1860,"m"
"6229","Z6D7dB",2220,"f"
"6230","75ZW26",1620,"m"
"6231","BC76CA",3780,"m"
"6232","WMJVGR",3000,"m"
"6233","dVMXCc",1770,"f"
"6234","d5Ud2c",1920,"f"
"6235","4VCRcA",2520,"f"
"6236","CQKHMP",4980,"f"
"6237","QRZ4QE",1530,"f"
"6238","EFYJWW",2010,"f"
"6239","LRAUYL",2010,"f"
"6240","AWZXWB",1290,"f"
"6241","R27BW6",5130,"m"
"6242","PHK3XR",2610,"f"
"6243","N4N6Q2",1890,"m"
"6244","YFLMKE",2490,"m"
"6245","5c5BKL",2400,"m"
"6246","VDGZL2",1680,"m"
"6247","cMD6FQ",5220,"m"
"6248","GXGSFD",5640,"f"
"6249","SJQQ2J",5130,"f"
"6250","5WN27N",5250,"f"
"6251","P3EcYE",5130,"f"
"6252","AVEH25",5460,"f"
"6253","MLH6HJ",5610,"f"
"6254","42LZDc",5280,"f"
"6255","FFZF7X",5160,"f"
"6256","LRCNHV",5700,"m"
"6257","F5REDH",5520,"m"
"6258","7GdZTX",5460,"m"
"6259","D7cM6P",5790,"f"
"6260","JE64ZK",5460,"m"
"6261","2dBUQX",5310,"f"
"6262","Yd7WPT",5250,"f"
"6263","735EB3",5460,"f"
"6264","cG6dWL",5430,"m"
"6265","ENUBED",5130,"m"
"6266","J4S4Nd",5310,"f"
"6267","RQXQ37",5610,"f"
"6268","TDYH5c",5250,"f"
"6269","H5HUVK",5520,"f"
"6270","A3HVZU",5490,"m"
"6271","Q5ZTWH",5130,"m"
"6272","CPLE3C",5220,"m"
"6273","VdRXdD",1350,"f"
"6274","DGH6Ld",1440,"f"
"6275","KTLJTX",1140,"f"
"6276","5A2Y2B",1170,"f"
"6277","GRLVFF",1230,"m"
"6278","4Lc7HB",1110,"m"
"6279","5TDN53",1350,"f"
"6280","F5QMEJ",1320,"m"
"6281","KU6RG5",2460,"m"
"6282","B5SScH",2520,"f"
"6283","XFMJ2D",2400,"m"
"6284","XNAGCD",2310,"f"
"6285","CTDG73",2490,"m"
"6286","GQYEcF",2340,"f"
"6287","DTXJAD",2400,"m"
"6288","5EPF77",2400,"f"
"6289","RBWAXG",2370,"f"
"6290","NA75A3",1320,"f"
"6291","ZFASAN",1260,"m"
"6292","UPcFPQ",1170,"f"
"6293","3BJL75",1320,"m"
"6294","L6BNGd",1440,"m"
"6295","4dR3DM",1530,"f"
"6296","FG3c3c",1590,"m"
"6297","3NRZDA",1110,"f"
"6298","cKNVRc",1770,"f"
"6299","KTLJTX",1140,"f"
"6300","QZ77BB",1500,"m"
"6301","DEH3SW",1230,"f"
"6302","CFZAdK",1230,"m"
"6303","223QZT",1590,"f"
"6304","C2PTE3",1380,"f"
"6305","RTVEE7",1560,"m"
"6306","XUYCHN",1170,"f"
"6307","CFGJVV",1140,"f"
"6308","6RYcKQ",1260,"f"
"6309","NX5FLF",1110,"f"
"6310","ZP3B3N",1110,"f"
"6311","RJ5WYZ",1290,"f"
"6312","A5ZcC2",1140,"m"
"6313","LFC354",1110,"f"
"6314","FdK67M",1200,"f"
"6315","K6SSNX",1110,"f"
"6316","QEQAZZ",1440,"f"
"6317","E5EL7R",5520,"f"
"6318","AVEH25",5280,"f"
"6319","5CETCY",5520,"m"
"6320","KdTKRC",5730,"m"
"6321","XQc656",2490,"m"
"6322","3QARD5",2250,"m"
"6323","BAA7SE",2310,"f"
"6324","DRTVFR",2190,"f"
"6325","X3U2KL",3300,"m"
"6326","ZdWJU6",1200,"f"
"6327","DZEEEQ",1140,"m"
"6328","cLWD7X",1260,"m"
"6329","VVcSLZ",1170,"m"
"6330","YQXHAZ",1260,"m"
"6331","A5ZcC2",1110,"m"
"6332","4SGNPS",3780,"m"
"6333","77P6BR",3300,"f"
"6334","DJKFNX",3600,"m"
"6335","EM566H",3480,"m"
"6336","VHTSRV",3390,"m"
"6337","UFEZMT",3870,"f"
"6338","UNVGH4",3390,"f"
"6339","G64NX2",3300,"f"
"6340","UEXRGR",3300,"m"
"6341","2RT5YX",3750,"f"
"6342","5Hd5XN",3930,"m"
"6343","M2VDRX",3390,"f"
"6344","ALGACP",3630,"m"
"6345","6VQ5NV",3330,"f"
"6346","QE3QBc",3270,"m"
"6347","RF7BV6",3030,"f"
"6348","ZADALH",3630,"f"
"6349","UDVQ7Y",3330,"m"
"6350","ZU2PLS",3270,"f"
"6351","H7RFHM",3030,"f"
"6352","3NJBME",3360,"m"
"6353","2cLdd2",3180,"f"
"6354","U2YQXC",3870,"m"
"6355","U2YQXC",3870,"m"
"6356","VAKJdV",2940,"m"
"6357","WDNHcd",3990,"f"
"6358","cZVLcN",2970,"m"
"6359","LdNK4E",3090,"m"
"6360","5CZXYC",3240,"m"
"6361","MATGdB",3150,"f"
"6362","NBR2LE",3660,"m"
"6363","MM7MHD",3090,"m"
"6364","XQJNFQ",3510,"m"
"6365","J3RPUM",3930,"m"
"6366","J6GS2X",5820,"m"
"6367","QDLBWP",4500,"f"
"6368","36TYFV",4830,"f"
"6369","46GXRG",4890,"m"
"6370","WUCdQ6",4830,"m"
"6371","K7GP2d",5340,"f"
"6372","EcQK3N",5130,"m"
"6373","cMD6FQ",4980,"m"
"6374","EKACME",4740,"m"
"6375","K7GP2d",5340,"f"
"6376","7GKV4Y",5670,"m"
"6377","F7J6RM",4770,"m"
"6378","PU2VcV",4740,"o"
"6379","C5HA27",4740,"f"
"6380","USPAM2",4920,"f"
"6381","USPAM2",4920,"f"
"6382","CYHPFL",4950,"m"
"6383","SHWDdD",5310,"m"
"6384","27NPYH",4890,"f"
"6385","3EXKKV",4950,"m"
"6386","cMD6FQ",4920,"m"
"6387","LRCNHV",5430,"m"
"6388","PF76LW",5100,"m"
"6389","N2ZVC6",5280,"m"
"6390","B7TKT6",5040,"f"
"6391","7GdZTX",5190,"m"
"6392","735EB3",5250,"f"
"6393","RHTVQE",5010,"m"
"6394","VR4LYE",4500,"m"
"6395","543XTU",5280,"m"
"6396","775VNH",4890,"m"
"6397","N54WCV",5760,"f"
"6398","YAEUF5",5670,"m"
"6399","WQU6QW",5190,"f"
"6400","KRLDTE",4410,"m"
"6401","V3dN5D",4890,"m"
"6402","U32dEc",4950,"m"
"6403","JD34YF",4530,"m"
"6404","WYSHT3",4980,"m"
"6405","MNMX4S",5370,"m"
"6406","cX2D7c",4410,"f"
"6407","UYRcFH",4650,"f"
"6408","UKBcFN",4440,"m"
"6409","DEJDGM",4440,"m"
"6410","4URBHK",5070,"f"
"6411","YKUEcM",4170,"f"
"6412","P7Md7Y",4230,"f"
"6413","6VN3FP",4980,"m"
"6414","E5VGcY",4320,"f"
"6415","NcPKdR",4740,"m"
"6416","5C4cLF",4260,"m"
"6417","YKVL6Y",4020,"m"
"6418","LA3QLT",4770,"f"
"6419","3EXKKV",4860,"m"
"6420","4UTJ5C",4650,"f"
"6421","Z46DHN",4140,"m"
"6422","Rc27L6",5250,"f"
"6423","T7C2LP",4950,"f"
"6424","PCWHCD",4080,"m"
"6425","YSMZLG",4530,"m"
"6426","CJ2JZ3",4590,"m"
"6427","VB2XLF",4110,"m"
"6428","BVZU4W",4140,"m"
"6429","LZWTJC",4140,"m"
"6430","NN3UDW",4440,"m"
"6431","7DNGNA",5070,"m"
"6432","MQ5dCM",4260,"f"
"6433","G3BWNN",4440,"m"
"6434","J7d7Ed",4560,"m"
"6435","6LXAJD",4350,"f"
"6436","FEYCW6",4410,"m"
"6437","W3c3ZK",5580,"m"
"6438","BDKZEN",4050,"m"
"6439","ZQ3TTU",4710,"m"
"6440","XYX3RT",4680,"m"
"6441","JKQG2U",4740,"f"
"6442","VX7XXc",5040,"m"
"6443","26TBKA",4080,"m"
"6444","VMHNQA",4350,"f"
"6445","cYHPQ5",4140,"m"
"6446","KLdCX3",4260,"m"
"6447","SL5H56",4260,"f"
"6448","2CKBJK",4050,"m"
"6449","P7Md7Y",4200,"f"
"6450","VJ5H2T",5160,"o"
"6451","B47FdD",3990,"m"
"6452","J6DT2K",4560,"m"
"6453","Vc73T7",4110,"m"
"6454","2D2Pd2",5190,"f"
"6455","AHG2DK",5700,"m"
"6456","ERC7YR",3870,"f"
"6457","QCPV75",4500,"m"
"6458","CTJFJ4",4950,"m"
"6459","FQNNUZ",5130,"f"
"6460","J6GS2X",5640,"m"
"6461","c3dQ5P",3720,"m"
"6462","AVEH25",5070,"f"
"6463","HMdQVZ",3870,"m"
"6464","FBSJTZ",5820,"f"
"6465","DHLRUE",4560,"m"
"6466","CRAcZd",5430,"f"
"6467","TDSRAc",4770,"f"
"6468","RV46G2",4260,"m"
"6469","2UMdLC",4170,"m"
"6470","c53NTX",3870,"m"
"6471","G5dAEK",4230,"m"
"6472","G36QUX",3840,"m"
"6473","Ddd43L",4500,"f"
"6474","2MNUcZ",5460,"f"
"6475","NSYUD6",3930,"f"
"6476","F7J6RM",4620,"m"
"6477","XKdc35",4170,"f"
"6478","2HPcJ3",4980,"m"
"6479","LN6TPF",4350,"f"
"6480","5WcVK4",5160,"f"
"6481","4BAHDN",3780,"m"
"6482","cFCZPK",4950,"m"
"6483","NKAPDd",5520,"m"
"6484","H5HUVK",5250,"f"
"6485","M6LdNB",4620,"m"
"6486","5MGCBZ",4050,"m"
"6487","ECZKcH",3090,"f"
"6488","FXKXTL",4290,"f"
"6489","4HBDTF",3840,"m"
"6490","d2RNVQ",3090,"f"
"6491","AZQZZJ",3480,"f"
"6492","KYNWJ7",3420,"f"
"6493","PWRD2W",3240,"f"
"6494","THHUXY",2790,"f"
"6495","CcXK5V",3630,"f"
"6496","226DPJ",3870,"m"
"6497","CT6TE2",2280,"f"
"6498","dJUH64",2610,"m"
"6499","MM7MHD",2910,"m"
"6500","TRMZMN",2400,"f"
"6501","DUJVEL",3150,"m"
"6502","GE4NBT",5640,"m"
"6503","XdAMGC",2550,"f"
"6504","GLQULU",2640,"f"
"6505","ADcDUM",3330,"m"
"6506","dB3YRD",4290,"f"
"6507","CACCCP",2880,"m"
"6508","BJZGD2",3270,"f"
"6509","SQPHC7",2310,"f"
"6510","Kc6RMY",3330,"m"
"6511","PBLZWN",5190,"f"
"6512","VZ53KA",4110,"f"
"6513","WUBBEK",2640,"m"
"6514","XS57KJ",2190,"m"
"6515","d3R2U4",3060,"f"
"6516","RCAU4S",1980,"f"
"6517","UGcYTS",2970,"f"
"6518","LXRCcF",1980,"f"
"6519","6WDXTc",2160,"m"
"6520","37LAQX",2910,"m"
"6521","37LAQX",2910,"m"
"6522","YLJTKQ",1950,"f"
"6523","KPRDT6",3480,"m"
"6524","BVA42Y",1950,"f"
"6525","KBQDD5",2700,"m"
"6526","4QcY5E",2070,"f"
"6527","4d2CPG",3000,"m"
"6528","SDF2YR",2490,"m"
"6529","7YdT45",2550,"f"
"6530","ZALG7S",3570,"f"
"6531","FJZ4BR",4530,"m"
"6532","BZVQUN",3840,"f"
"6533","BNXB5D",2640,"f"
"6534","NDM42C",2220,"f"
"6535","YM2G5C",1380,"f"
"6536","747d4U",2040,"f"
"6537","VEYGC2",3840,"m"
"6538","6RDT55",4920,"f"
"6539","c6dNFC",1500,"f"
"6540","FW72XL",3150,"f"
"6541","DY7SUJ",3870,"f"
"6542","VdM6UX",2880,"m"
"6543","4XE3KX",3600,"f"
"6544","QdRUdL",4170,"m"
"6545","VGGS3V",3480,"m"
"6546","3STC7T",1500,"f"
"6547","7W2BAS",3000,"f"
"6548","CPcQFY",4470,"f"
"6549","K6FCZV",3540,"m"
"6550","QMLL2R",1530,"m"
"6551","3ADQJK",1170,"m"
"6552","YPMRcS",1710,"f"
"6553","K7YdLP",5640,"f"
"6554","DBFU24",4290,"f"
"6555","KE6McV",4020,"f"
"6556","Y5C3MY",2880,"m"
"6557","VdA4LW",1290,"f"
"6558","SCHcHE",3450,"m"
"6559","GFRFTR",1920,"f"
"6560","AF6JVZ",2490,"m"
"6561","dADL67",1890,"f"
"6562","4NJCTY",1590,"m"
"6563","7JUJPC",2790,"m"
"6564","Y2M3FQ",4230,"f"
"6565","WDY6c7",2550,"f"
"6566","C5HA27",4620,"f"
"6567","PU2VcV",4620,"o"
"6568","YFE323",2040,"m"
"6569","GXJBPE",1170,"m"
"6570","VRRTXM",3540,"f"
"6571","65LC6N",1200,"m"
"6572","EHPQXP",2670,"f"
"6573","KN4QXT",1890,"m"
"6574","5Q24K5",1290,"f"
"6575","AEVA5R",2610,"f"
"6576","PZ5DPJ",1170,"f"
"6577","RL56d4",3060,"m"
"6578","VRHSL4",3450,"f"
"6579","SEAHSd",2100,"m"
"6580","NSQ3X6",3420,"f"
"6581","4VHdUK",5040,"m"
"6582","AS4P67",2040,"f"
"6583","Xd7JWC",2010,"m"
"6584","PcR4BM",1980,"m"
"6585","UPTL7Y",3720,"m"
"6586","DHZ3NG",3600,"f"
"6587","YLAdC4",1830,"f"
"6588","PRPWZF",2220,"f"
"6589","NMW7J7",1500,"f"
"6590","MBCA5E",2730,"f"
"6591","NPVQNQ",1740,"m"
"6592","NEQP2Q",1860,"f"
"6593","44WWDL",1890,"f"
"6594","dMcX57",1650,"m"
"6595","P2JCDF",1740,"m"
"6596","XEKPSB",1980,"f"
"6597","dJPCR7",2610,"m"
"6598","QVDCEG",2760,"f"
"6599","TJAT32",1260,"m"
"6600","V5REVB",1500,"m"
"6601","S7FVQH",2070,"m"
"6602","347dJH",1800,"f"
"6603","SCMMCA",3150,"f"
"6604","J33Q67",1440,"m"
"6605","PK2YGJ",4200,"m"
"6606","3G522Y",2460,"f"
"6607","W575AK",2790,"f"
"6608","WQGT5Y",1200,"m"
"6609","d6RFVM",4110,"m"
"6610","GYU46J",4140,"f"
"6611","2cLdd2",2970,"f"
"6612","6FL4TM",2550,"f"
"6613","QVSRQC",1980,"f"
"6614","DKUY4F",1290,"f"
"6615","XAVQXc",2100,"f"
"6616","UZG2dX",2940,"m"
"6617","KHRJM7",3810,"m"
"6618","UAPd65",3060,"m"
"6619","3XcSJ2",3810,"f"
"6620","dR3ZQW",3240,"m"
"6621","LUQK5d",1350,"f"
"6622","KE3Z6Z",3810,"f"
"6623","FVTKHG",2790,"f"
"6624","5HHGcY",2640,"m"
"6625","Fc7UHG",3270,"m"
"6626","Q4EEd6",2460,"f"
"6627","Ddd42B",4590,"m"
"6628","cFJCJK",2490,"f"
"6629","RL5F7C",1590,"m"
"6630","QARBCD",3690,"m"
"6631","c2DEY3",1200,"m"
"6632","LKJRX3",2970,"f"
"6633","7R4XY2",1350,"f"
"6634","MR5MAH",2700,"f"
"6635","Z6JWFD",3000,"m"
"6636","FG5XVM",2550,"m"
"6637","BLMEUH",1560,"f"
"6638","XC7SMU",4050,"m"
"6639","MBSYFS",1740,"m"
"6640","2N2GAd",3060,"f"
"6641","YPNJKP",1740,"f"
"6642","BdHTN4",3420,"m"
"6643","4JccdB",2820,"m"
"6644","XQS345",1140,"f"
"6645","EG4DM2",1680,"m"
"6646","ZPAG2A",2400,"f"
"6647","NBXP7N",3390,"m"
"6648","cE3WXc",1530,"m"
"6649","KRLDTE",4320,"m"
"6650","KRLDTE",4320,"m"
"6651","KRLDTE",4320,"m"
"6652","NY2cZA",3510,"f"
"6653","CUCSW3",2880,"m"
"6654","NZKdcH",1530,"f"
"6655","5Hd5XN",3720,"m"
"6656","JFd4LQ",3120,"f"
"6657","V6JVMB",2700,"m"
"6658","WGSZS6",1920,"m"
"6659","UQYP3K",2160,"f"
"6660","P3MYF5",3300,"f"
"6661","dcddCF",1770,"f"
"6662","CAECUF",3870,"f"
"6663","NZcKZR",2490,"m"
"6664","3MGZ2D",1620,"f"
"6665","Y324M2",4710,"m"
"6666","RKKSJM",3030,"f"
"6667","4ABCC4",1320,"f"
"6668","K73D3S",1860,"f"
"6669","5d3X5S",1620,"f"
"6670","WDETH6",2670,"m"
"6671","dZUWST",2340,"f"
"6672","cYGACQ",1890,"f"
"6673","dXAQG4",2760,"m"
"6674","5WHcX5",3750,"m"
"6675","K7R7CV",2550,"f"
"6676","FG2KCN",1440,"f"
"6677","YHGER6",3660,"f"
"6678","XUUFNU",2460,"f"
"6679","WPK4FZ",2760,"m"
"6680","Q4cDH5",2310,"f"
"6681","CXMSKS",2730,"f"
"6682","EZ6FZQ",1650,"m"
"6683","LCDQES",1530,"f"
"6684","LKKFPd",2400,"f"
"6685","Y4MHXV",2160,"m"
"6686","2ZPdLJ",1500,"f"
"6687","RC5T3R",3480,"f"
"6688","6c4MZT",2850,"f"
"6689","2ZBH3d",4020,"f"
"6690","d44R4W",4110,"f"
"6691","ZEYSWL",1560,"f"
"6692","33NPWV",1380,"m"
"6693","YMH4W3",1650,"f"
"6694","PXBcNU",1500,"m"
"6695","C2J3Kd",1350,"f"
"6696","7UQ674",1200,"f"
"6697","dJZ5QE",2850,"f"
"6698","H3HBTJ",1380,"f"
"6699","AEL3EQ",1200,"m"
"6700","3BMEHF",2130,"m"
"6701","HBWDcR",3210,"m"
"6702","ARMW2Y",3900,"m"
"6703","KMUTBA",2790,"f"
"6704","SCHcHE",3420,"m"
"6705","PXXPWV",2010,"m"
"6706","GCCDGU",1200,"f"
"6707","7EBDYc",3270,"f"
"6708","4P2QUV",1860,"m"
"6709","Z6D7dB",2220,"f"
"6710","75ZW26",1620,"m"
"6711","BC76CA",3780,"m"
"6712","WMJVGR",3000,"m"
"6713","dVMXCc",1770,"f"
"6714","d5Ud2c",1920,"f"
"6715","4VCRcA",2520,"f"
"6716","CQKHMP",4980,"f"
"6717","QRZ4QE",1530,"f"
"6718","EFYJWW",2010,"f"
"6719","LRAUYL",2010,"f"
"6720","AWZXWB",1290,"f"
"6721","R27BW6",5130,"m"
"6722","PHK3XR",2610,"f"
"6723","N4N6Q2",1890,"m"
"6724","YFLMKE",2490,"m"
"6725","5c5BKL",2400,"m"
"6726","VDGZL2",1680,"m"
"6727","cMD6FQ",5220,"m"
"6728","GXGSFD",5640,"f"
"6729","SJQQ2J",5130,"f"
"6730","5WN27N",5250,"f"
"6731","P3EcYE",5130,"f"
"6732","AVEH25",5460,"f"
"6733","MLH6HJ",5610,"f"
"6734","42LZDc",5280,"f"
"6735","FFZF7X",5160,"f"
"6736","LRCNHV",5700,"m"
"6737","F5REDH",5520,"m"
"6738","7GdZTX",5460,"m"
"6739","D7cM6P",5790,"f"
"6740","JE64ZK",5460,"m"
"6741","2dBUQX",5310,"f"
"6742","2dBUQX",5310,"f"
"6743","Yd7WPT",5250,"f"
"6744","735EB3",5460,"f"
"6745","cG6dWL",5430,"m"
"6746","ENUBED",5130,"m"
"6747","J4S4Nd",5310,"f"
"6748","RQXQ37",5610,"f"
"6749","TDYH5c",5250,"f"
"6750","H5HUVK",5520,"f"
"6751","A3HVZU",5490,"m"
"6752","Q5ZTWH",5130,"m"
"6753","CPLE3C",5220,"m"
"6754","VdRXdD",1350,"f"
"6755","DGH6Ld",1440,"f"
"6756","KTLJTX",1140,"f"
"6757","5A2Y2B",1170,"f"
"6758","GRLVFF",1230,"m"
"6759","4Lc7HB",1110,"m"
"6760","5TDN53",1350,"f"
"6761","F5QMEJ",1320,"m"
"6762","KU6RG5",2460,"m"
"6763","B5SScH",2520,"f"
"6764","XFMJ2D",2400,"m"
"6765","XNAGCD",2310,"f"
"6766","CTDG73",2490,"m"
"6767","GQYEcF",2340,"f"
"6768","DTXJAD",2400,"m"
"6769","5EPF77",2400,"f"
"6770","RBWAXG",2370,"f"
"6771","NA75A3",1320,"f"
"6772","ZFASAN",1260,"m"
"6773","UPcFPQ",1170,"f"
"6774","3BJL75",1320,"m"
"6775","L6BNGd",1440,"m"
"6776","4dR3DM",1530,"f"
"6777","FG3c3c",1590,"m"
"6778","3NRZDA",1110,"f"
"6779","cKNVRc",1770,"f"
"6780","KTLJTX",1140,"f"
"6781","QZ77BB",1500,"m"
"6782","DEH3SW",1230,"f"
"6783","CFZAdK",1230,"m"
"6784","223QZT",1590,"f"
"6785","C2PTE3",1380,"f"
"6786","RTVEE7",1560,"m"
"6787","XUYCHN",1170,"f"
"6788","CFGJVV",1140,"f"
"6789","6RYcKQ",1260,"f"
"6790","NX5FLF",1110,"f"
"6791","ZP3B3N",1110,"f"
"6792","RJ5WYZ",1290,"f"
"6793","A5ZcC2",1140,"m"
"6794","LFC354",1110,"f"
"6795","FdK67M",1200,"f"
"6796","K6SSNX",1110,"f"
"6797","QEQAZZ",1440,"f"
"6798","E5EL7R",5520,"f"
"6799","AVEH25",5280,"f"
"6800","5CETCY",5520,"m"
"6801","KdTKRC",5730,"m"
"6802","XQc656",2490,"m"
"6803","3QARD5",2250,"m"
"6804","BAA7SE",2310,"f"
"6805","DRTVFR",2190,"f"
"6806","X3U2KL",3300,"m"
"6807","ZdWJU6",1200,"f"
"6808","DZEEEQ",1140,"m"
"6809","cLWD7X",1260,"m"
"6810","VVcSLZ",1170,"m"
"6811","YQXHAZ",1260,"m"
"6812","A5ZcC2",1110,"m"
"6813","4SGNPS",3780,"m"
"6814","77P6BR",3300,"f"
"6815","DJKFNX",3600,"m"
"6816","EM566H",3480,"m"
"6817","VHTSRV",3390,"m"
"6818","UFEZMT",3870,"f"
"6819","UNVGH4",3390,"f"
"6820","G64NX2",3300,"f"
"6821","UEXRGR",3300,"m"
"6822","2RT5YX",3750,"f"
"6823","5Hd5XN",3930,"m"
"6824","M2VDRX",3390,"f"
"6825","ALGACP",3630,"m"
"6826","6VQ5NV",3330,"f"
"6827","QE3QBc",3270,"m"
"6828","RF7BV6",3030,"f"
"6829","ZADALH",3630,"f"
"6830","UDVQ7Y",3330,"m"
"6831","ZU2PLS",3270,"f"
"6832","H7RFHM",3030,"f"
"6833","3NJBME",3360,"m"
"6834","2cLdd2",3180,"f"
"6835","U2YQXC",3870,"m"
"6836","U2YQXC",3870,"m"
"6837","VAKJdV",2940,"m"
"6838","WDNHcd",3990,"f"
"6839","cZVLcN",2970,"m"
"6840","LdNK4E",3090,"m"
"6841","5CZXYC",3240,"m"
"6842","MATGdB",3150,"f"
"6843","NBR2LE",3660,"m"
"6844","MM7MHD",3090,"m"
"6845","XQJNFQ",3510,"m"
"6846","J3RPUM",3930,"m"
"6847","J6GS2X",5820,"m"
"6848","QDLBWP",4500,"f"
"6849","36TYFV",4830,"f"
"6850","46GXRG",4890,"m"
"6851","WUCdQ6",4830,"m"
"6852","K7GP2d",5340,"f"
"6853","EcQK3N",5130,"m"
"6854","cMD6FQ",4980,"m"
"6855","EKACME",4740,"m"
"6856","K7GP2d",5340,"f"
"6857","7GKV4Y",5670,"m"
"6858","F7J6RM",4770,"m"
"6859","PU2VcV",4740,"o"
"6860","C5HA27",4740,"f"
"6861","USPAM2",4920,"f"
"6862","USPAM2",4920,"f"
"6863","CYHPFL",4950,"m"
"6864","SHWDdD",5310,"m"
"6865","27NPYH",4890,"f"
"6866","3EXKKV",4950,"m"
"6867","cMD6FQ",4920,"m"
"6868","LRCNHV",5430,"m"
"6869","PF76LW",5100,"m"
"6870","N2ZVC6",5280,"m"
"6871","B7TKT6",5040,"f"
"6872","7GdZTX",5190,"m"
"6873","735EB3",5250,"f"
"6874","RHTVQE",5010,"m"
"6875","VR4LYE",4500,"m"
"6876","543XTU",5280,"m"
"6877","775VNH",4890,"m"
"6878","N54WCV",5760,"f"
"6879","YAEUF5",5670,"m"
"6880","WQU6QW",5190,"f"
"6881","KRLDTE",4410,"m"
"6882","V3dN5D",4890,"m"
"6883","U32dEc",4950,"m"
"6884","JD34YF",4530,"m"
"6885","WYSHT3",4980,"m"
"6886","MNMX4S",5370,"m"
"6887","cX2D7c",4410,"f"
"6888","UYRcFH",4650,"f"
"6889","UKBcFN",4440,"m"
"6890","DEJDGM",4440,"m"
"6891","4URBHK",5070,"f"
"6892","YKUEcM",4170,"f"
"6893","P7Md7Y",4230,"f"
"6894","6VN3FP",4980,"m"
"6895","E5VGcY",4320,"f"
"6896","NcPKdR",4740,"m"
"6897","5C4cLF",4260,"m"
"6898","YKVL6Y",4020,"m"
"6899","LA3QLT",4770,"f"
"6900","3EXKKV",4860,"m"
"6901","4UTJ5C",4650,"f"
"6902","Z46DHN",4140,"m"
"6903","Rc27L6",5250,"f"
"6904","T7C2LP",4950,"f"
"6905","PCWHCD",4080,"m"
"6906","YSMZLG",4530,"m"
"6907","CJ2JZ3",4590,"m"
"6908","VB2XLF",4110,"m"
"6909","BVZU4W",4140,"m"
"6910","LZWTJC",4140,"m"
"6911","NN3UDW",4440,"m"
"6912","7DNGNA",5070,"m"
"6913","MQ5dCM",4260,"f"
"6914","G3BWNN",4440,"m"
"6915","J7d7Ed",4560,"m"
"6916","6LXAJD",4350,"f"
"6917","FEYCW6",4410,"m"
"6918","W3c3ZK",5580,"m"
"6919","BDKZEN",4050,"m"
"6920","ZQ3TTU",4710,"m"
"6921","XYX3RT",4680,"m"
"6922","JKQG2U",4740,"f"
"6923","VX7XXc",5040,"m"
"6924","26TBKA",4080,"m"
"6925","VMHNQA",4350,"f"
"6926","cYHPQ5",4140,"m"
"6927","KLdCX3",4260,"m"
"6928","SL5H56",4260,"f"
"6929","2CKBJK",4050,"m"
"6930","P7Md7Y",4200,"f"
"6931","VJ5H2T",5160,"o"
"6932","B47FdD",3990,"m"
"6933","J6DT2K",4560,"m"
"6934","Vc73T7",4110,"m"
"6935","2D2Pd2",5190,"f"
"6936","AHG2DK",5700,"m"
"6937","ERC7YR",3870,"f"
"6938","QCPV75",4500,"m"
"6939","CTJFJ4",4950,"m"
"6940","FQNNUZ",5130,"f"
"6941","J6GS2X",5640,"m"
"6942","c3dQ5P",3720,"m"
"6943","AVEH25",5070,"f"
"6944","HMdQVZ",3870,"m"
"6945","FBSJTZ",5820,"f"
"6946","DHLRUE",4560,"m"
"6947","CRAcZd",5430,"f"
"6948","TDSRAc",4770,"f"
"6949","RV46G2",4260,"m"
"6950","2UMdLC",4170,"m"
"6951","c53NTX",3870,"m"
"6952","G5dAEK",4230,"m"
"6953","G36QUX",3840,"m"
"6954","Ddd43L",4500,"f"
"6955","2MNUcZ",5460,"f"
"6956","NSYUD6",3930,"f"
"6957","F7J6RM",4620,"m"
"6958","XKdc35",4170,"f"
"6959","2HPcJ3",4980,"m"
"6960","LN6TPF",4350,"f"
"6961","5WcVK4",5160,"f"
"6962","4BAHDN",3780,"m"
"6963","cFCZPK",4950,"m"
"6964","NKAPDd",5520,"m"
"6965","H5HUVK",5250,"f"
"6966","M6LdNB",4620,"m"
"6967","5MGCBZ",4050,"m"
"6968","ECZKcH",3090,"f"
"6969","FXKXTL",4290,"f"
"6970","4HBDTF",3840,"m"
"6971","d2RNVQ",3090,"f"
"6972","AZQZZJ",3480,"f"
"6973","KYNWJ7",3420,"f"
"6974","PWRD2W",3240,"f"
"6975","THHUXY",2790,"f"
"6976","CcXK5V",3630,"f"
"6977","226DPJ",3870,"m"
"6978","CT6TE2",2280,"f"
"6979","dJUH64",2610,"m"
"6980","MM7MHD",2910,"m"
"6981","TRMZMN",2400,"f"
"6982","DUJVEL",3150,"m"
"6983","GE4NBT",5640,"m"
"6984","XdAMGC",2550,"f"
"6985","GLQULU",2640,"f"
"6986","ADcDUM",3330,"m"
"6987","dB3YRD",4290,"f"
"6988","CACCCP",2880,"m"
"6989","BJZGD2",3270,"f"
"6990","SQPHC7",2310,"f"
"6991","Kc6RMY",3330,"m"
"6992","PBLZWN",5190,"f"
"6993","VZ53KA",4110,"f"
"6994","WUBBEK",2640,"m"
"6995","XS57KJ",2190,"m"
"6996","d3R2U4",3060,"f"
"6997","RCAU4S",1980,"f"
"6998","UGcYTS",2970,"f"
"6999","LXRCcF",1980,"f"
"7000","6WDXTc",2160,"m"
"7001","37LAQX",2910,"m"
"7002","YLJTKQ",1950,"f"
"7003","KPRDT6",3480,"m"
"7004","BVA42Y",1950,"f"
"7005","KBQDD5",2700,"m"
"7006","4QcY5E",2070,"f"
"7007","4d2CPG",3000,"m"
"7008","SDF2YR",2490,"m"
"7009","7YdT45",2550,"f"
"7010","ZALG7S",3570,"f"
"7011","FJZ4BR",4530,"m"
"7012","BZVQUN",3840,"f"
"7013","BNXB5D",2640,"f"
"7014","NDM42C",2220,"f"
"7015","YM2G5C",1380,"f"
"7016","747d4U",2040,"f"
"7017","VEYGC2",3840,"m"
"7018","6RDT55",4920,"f"
"7019","c6dNFC",1500,"f"
"7020","FW72XL",3150,"f"
"7021","DY7SUJ",3870,"f"
"7022","VdM6UX",2880,"m"
"7023","4XE3KX",3600,"f"
"7024","QdRUdL",4170,"m"
"7025","VGGS3V",3480,"m"
"7026","3STC7T",1500,"f"
"7027","7W2BAS",3000,"f"
"7028","CPcQFY",4470,"f"
"7029","K6FCZV",3540,"m"
"7030","QMLL2R",1530,"m"
"7031","3ADQJK",1170,"m"
"7032","YPMRcS",1710,"f"
"7033","K7YdLP",5640,"f"
"7034","DBFU24",4290,"f"
"7035","KE6McV",4020,"f"
"7036","Y5C3MY",2880,"m"
"7037","VdA4LW",1290,"f"
"7038","SCHcHE",3450,"m"
"7039","GFRFTR",1920,"f"
"7040","AF6JVZ",2490,"m"
"7041","dADL67",1890,"f"
"7042","4NJCTY",1590,"m"
"7043","7JUJPC",2790,"m"
"7044","Y2M3FQ",4230,"f"
"7045","WDY6c7",2550,"f"
"7046","C5HA27",4620,"f"
"7047","PU2VcV",4620,"o"
"7048","YFE323",2040,"m"
"7049","GXJBPE",1170,"m"
"7050","VRRTXM",3540,"f"
"7051","65LC6N",1200,"m"
"7052","EHPQXP",2670,"f"
"7053","KN4QXT",1890,"m"
"7054","5Q24K5",1290,"f"
"7055","AEVA5R",2610,"f"
"7056","PZ5DPJ",1170,"f"
"7057","RL56d4",3060,"m"
"7058","VRHSL4",3450,"f"
"7059","SEAHSd",2100,"m"
"7060","NSQ3X6",3420,"f"
"7061","4VHdUK",5040,"m"
"7062","AS4P67",2040,"f"
"7063","Xd7JWC",2010,"m"
"7064","PcR4BM",1980,"m"
"7065","UPTL7Y",3720,"m"
"7066","DHZ3NG",3600,"f"
"7067","YLAdC4",1830,"f"
"7068","PRPWZF",2220,"f"
"7069","NMW7J7",1500,"f"
"7070","MBCA5E",2730,"f"
"7071","NPVQNQ",1740,"m"
"7072","NEQP2Q",1860,"f"
"7073","44WWDL",1890,"f"
"7074","dMcX57",1650,"m"
"7075","P2JCDF",1740,"m"
"7076","XEKPSB",1980,"f"
"7077","dJPCR7",2610,"m"
"7078","QVDCEG",2760,"f"
"7079","TJAT32",1260,"m"
"7080","V5REVB",1500,"m"
"7081","S7FVQH",2070,"m"
"7082","347dJH",1800,"f"
"7083","SCMMCA",3150,"f"
"7084","J33Q67",1440,"m"
"7085","PK2YGJ",4200,"m"
"7086","3G522Y",2460,"f"
"7087","W575AK",2790,"f"
"7088","WQGT5Y",1200,"m"
"7089","d6RFVM",4110,"m"
"7090","GYU46J",4140,"f"
"7091","2cLdd2",2970,"f"
"7092","6FL4TM",2550,"f"
"7093","QVSRQC",1980,"f"
"7094","DKUY4F",1290,"f"
"7095","XAVQXc",2100,"f"
"7096","UZG2dX",2940,"m"
"7097","KHRJM7",3810,"m"
"7098","UAPd65",3060,"m"
"7099","3XcSJ2",3810,"f"
"7100","dR3ZQW",3240,"m"
"7101","LUQK5d",1350,"f"
"7102","KE3Z6Z",3810,"f"
"7103","FVTKHG",2790,"f"
"7104","5HHGcY",2640,"m"
"7105","Fc7UHG",3270,"m"
"7106","Q4EEd6",2460,"f"
"7107","Ddd42B",4590,"m"
"7108","cFJCJK",2490,"f"
"7109","RL5F7C",1590,"m"
"7110","QARBCD",3690,"m"
"7111","c2DEY3",1200,"m"
"7112","LKJRX3",2970,"f"
"7113","7R4XY2",1350,"f"
"7114","MR5MAH",2700,"f"
"7115","Z6JWFD",3000,"m"
"7116","FG5XVM",2550,"m"
"7117","BLMEUH",1560,"f"
"7118","XC7SMU",4050,"m"
"7119","MBSYFS",1740,"m"
"7120","2N2GAd",3060,"f"
"7121","YPNJKP",1740,"f"
"7122","BdHTN4",3420,"m"
"7123","4JccdB",2820,"m"
"7124","XQS345",1140,"f"
"7125","EG4DM2",1680,"m"
"7126","ZPAG2A",2400,"f"
"7127","NBXP7N",3390,"m"
"7128","cE3WXc",1530,"m"
"7129","KRLDTE",4320,"m"
"7130","NY2cZA",3510,"f"
"7131","CUCSW3",2880,"m"
"7132","NZKdcH",1530,"f"
"7133","5Hd5XN",3720,"m"
"7134","JFd4LQ",3120,"f"
"7135","V6JVMB",2700,"m"
"7136","WGSZS6",1920,"m"
"7137","UQYP3K",2160,"f"
"7138","P3MYF5",3300,"f"
"7139","dcddCF",1770,"f"
"7140","CAECUF",3870,"f"
"7141","NZcKZR",2490,"m"
"7142","3MGZ2D",1620,"f"
"7143","Y324M2",4710,"m"
"7144","RKKSJM",3030,"f"
"7145","4ABCC4",1320,"f"
"7146","K73D3S",1860,"f"
"7147","5d3X5S",1620,"f"
"7148","WDETH6",2670,"m"
"7149","dZUWST",2340,"f"
"7150","cYGACQ",1890,"f"
"7151","dXAQG4",2760,"m"
"7152","5WHcX5",3750,"m"
"7153","K7R7CV",2550,"f"
"7154","FG2KCN",1440,"f"
"7155","YHGER6",3660,"f"
"7156","XUUFNU",2460,"f"
"7157","WPK4FZ",2760,"m"
"7158","Q4cDH5",2310,"f"
"7159","CXMSKS",2730,"f"
"7160","EZ6FZQ",1650,"m"
"7161","LCDQES",1530,"f"
"7162","LKKFPd",2400,"f"
"7163","Y4MHXV",2160,"m"
"7164","2ZPdLJ",1500,"f"
"7165","RC5T3R",3480,"f"
"7166","6c4MZT",2850,"f"
"7167","2ZBH3d",4020,"f"
"7168","d44R4W",4110,"f"
"7169","ZEYSWL",1560,"f"
"7170","33NPWV",1380,"m"
"7171","YMH4W3",1650,"f"
"7172","PXBcNU",1500,"m"
"7173","C2J3Kd",1350,"f"
"7174","7UQ674",1200,"f"
"7175","dJZ5QE",2850,"f"
"7176","H3HBTJ",1380,"f"
"7177","AEL3EQ",1200,"m"
"7178","3BMEHF",2130,"m"
"7179","HBWDcR",3210,"m"
"7180","ARMW2Y",3900,"m"
"7181","KMUTBA",2790,"f"
"7182","SCHcHE",3420,"m"
"7183","PXXPWV",2010,"m"
"7184","GCCDGU",1200,"f"
"7185","7EBDYc",3270,"f"
"7186","4P2QUV",1860,"m"
"7187","Z6D7dB",2220,"f"
"7188","75ZW26",1620,"m"
"7189","BC76CA",3780,"m"
"7190","WMJVGR",3000,"m"
"7191","dVMXCc",1770,"f"
"7192","d5Ud2c",1920,"f"
"7193","4VCRcA",2520,"f"
"7194","CQKHMP",4980,"f"
"7195","QRZ4QE",1530,"f"
"7196","EFYJWW",2010,"f"
"7197","LRAUYL",2010,"f"
"7198","AWZXWB",1290,"f"
"7199","R27BW6",5130,"m"
"7200","PHK3XR",2610,"f"
"7201","N4N6Q2",1890,"m"
"7202","YFLMKE",2490,"m"
"7203","5c5BKL",2400,"m"
"7204","VDGZL2",1680,"m"
"7205","cMD6FQ",5220,"m"
"7206","GXGSFD",5640,"f"
"7207","SJQQ2J",5130,"f"
"7208","5WN27N",5250,"f"
"7209","P3EcYE",5130,"f"
"7210","AVEH25",5460,"f"
"7211","MLH6HJ",5610,"f"
"7212","42LZDc",5280,"f"
"7213","FFZF7X",5160,"f"
"7214","LRCNHV",5700,"m"
"7215","F5REDH",5520,"m"
"7216","7GdZTX",5460,"m"
"7217","D7cM6P",5790,"f"
"7218","JE64ZK",5460,"m"
"7219","2dBUQX",5310,"f"
"7220","Yd7WPT",5250,"f"
"7221","735EB3",5460,"f"
"7222","cG6dWL",5430,"m"
"7223","ENUBED",5130,"m"
"7224","J4S4Nd",5310,"f"
"7225","RQXQ37",5610,"f"
"7226","TDYH5c",5250,"f"
"7227","H5HUVK",5520,"f"
"7228","A3HVZU",5490,"m"
"7229","Q5ZTWH",5130,"m"
"7230","CPLE3C",5220,"m"
"7231","VdRXdD",1350,"f"
"7232","DGH6Ld",1440,"f"
"7233","KTLJTX",1140,"f"
"7234","5A2Y2B",1170,"f"
"7235","GRLVFF",1230,"m"
"7236","4Lc7HB",1110,"m"
"7237","5TDN53",1350,"f"
"7238","F5QMEJ",1320,"m"
"7239","KU6RG5",2460,"m"
"7240","B5SScH",2520,"f"
"7241","XFMJ2D",2400,"m"
"7242","XNAGCD",2310,"f"
"7243","CTDG73",2490,"m"
"7244","GQYEcF",2340,"f"
"7245","DTXJAD",2400,"m"
"7246","5EPF77",2400,"f"
"7247","RBWAXG",2370,"f"
"7248","NA75A3",1320,"f"
"7249","ZFASAN",1260,"m"
"7250","UPcFPQ",1170,"f"
"7251","3BJL75",1320,"m"
"7252","L6BNGd",1440,"m"
"7253","4dR3DM",1530,"f"
"7254","FG3c3c",1590,"m"
"7255","3NRZDA",1110,"f"
"7256","cKNVRc",1770,"f"
"7257","KTLJTX",1140,"f"
"7258","QZ77BB",1500,"m"
"7259","DEH3SW",1230,"f"
"7260","CFZAdK",1230,"m"
"7261","223QZT",1590,"f"
"7262","C2PTE3",1380,"f"
"7263","RTVEE7",1560,"m"
"7264","XUYCHN",1170,"f"
"7265","CFGJVV",1140,"f"
"7266","6RYcKQ",1260,"f"
"7267","NX5FLF",1110,"f"
"7268","ZP3B3N",1110,"f"
"7269","RJ5WYZ",1290,"f"
"7270","A5ZcC2",1140,"m"
"7271","LFC354",1110,"f"
"7272","FdK67M",1200,"f"
"7273","K6SSNX",1110,"f"
"7274","QEQAZZ",1440,"f"
"7275","E5EL7R",5520,"f"
"7276","AVEH25",5280,"f"
"7277","5CETCY",5520,"m"
"7278","KdTKRC",5730,"m"
"7279","XQc656",2490,"m"
"7280","3QARD5",2250,"m"
"7281","BAA7SE",2310,"f"
"7282","DRTVFR",2190,"f"
"7283","X3U2KL",3300,"m"
"7284","ZdWJU6",1200,"f"
"7285","DZEEEQ",1140,"m"
"7286","cLWD7X",1260,"m"
"7287","VVcSLZ",1170,"m"
"7288","YQXHAZ",1260,"m"
"7289","A5ZcC2",1110,"m"
"7290","4SGNPS",3780,"m"
"7291","77P6BR",3300,"f"
"7292","DJKFNX",3600,"m"
"7293","EM566H",3480,"m"
"7294","VHTSRV",3390,"m"
"7295","UFEZMT",3870,"f"
"7296","UNVGH4",3390,"f"
"7297","G64NX2",3300,"f"
"7298","UEXRGR",3300,"m"
"7299","2RT5YX",3750,"f"
"7300","5Hd5XN",3930,"m"
"7301","M2VDRX",3390,"f"
"7302","ALGACP",3630,"m"
"7303","6VQ5NV",3330,"f"
"7304","QE3QBc",3270,"m"
"7305","RF7BV6",3030,"f"
"7306","ZADALH",3630,"f"
"7307","UDVQ7Y",3330,"m"
"7308","ZU2PLS",3270,"f"
"7309","H7RFHM",3030,"f"
"7310","3NJBME",3360,"m"
"7311","2cLdd2",3180,"f"
"7312","U2YQXC",3870,"m"
"7313","U2YQXC",3870,"m"
"7314","VAKJdV",2940,"m"
"7315","WDNHcd",3990,"f"
"7316","cZVLcN",2970,"m"
"7317","LdNK4E",3090,"m"
"7318","5CZXYC",3240,"m"
"7319","MATGdB",3150,"f"
"7320","NBR2LE",3660,"m"
"7321","MM7MHD",3090,"m"
"7322","XQJNFQ",3510,"m"
"7323","J3RPUM",3930,"m"
"7324","J6GS2X",5820,"m"
"7325","QDLBWP",4500,"f"
"7326","36TYFV",4830,"f"
"7327","46GXRG",4890,"m"
"7328","WUCdQ6",4830,"m"
"7329","K7GP2d",5340,"f"
"7330","EcQK3N",5130,"m"
"7331","cMD6FQ",4980,"m"
"7332","EKACME",4740,"m"
"7333","K7GP2d",5340,"f"
"7334","7GKV4Y",5670,"m"
"7335","F7J6RM",4770,"m"
"7336","PU2VcV",4740,"o"
"7337","C5HA27",4740,"f"
"7338","USPAM2",4920,"f"
"7339","USPAM2",4920,"f"
"7340","CYHPFL",4950,"m"
"7341","SHWDdD",5310,"m"
"7342","27NPYH",4890,"f"
"7343","3EXKKV",4950,"m"
"7344","cMD6FQ",4920,"m"
"7345","LRCNHV",5430,"m"
"7346","PF76LW",5100,"m"
"7347","N2ZVC6",5280,"m"
"7348","B7TKT6",5040,"f"
"7349","7GdZTX",5190,"m"
"7350","735EB3",5250,"f"
"7351","RHTVQE",5010,"m"
"7352","VR4LYE",4500,"m"
"7353","543XTU",5280,"m"
"7354","775VNH",4890,"m"
"7355","N54WCV",5760,"f"
"7356","YAEUF5",5670,"m"
"7357","WQU6QW",5190,"f"
"7358","KRLDTE",4410,"m"
"7359","V3dN5D",4890,"m"
"7360","U32dEc",4950,"m"
"7361","JD34YF",4530,"m"
"7362","WYSHT3",4980,"m"
"7363","MNMX4S",5370,"m"
"7364","cX2D7c",4410,"f"
"7365","UYRcFH",4650,"f"
"7366","UKBcFN",4440,"m"
"7367","DEJDGM",4440,"m"
"7368","4URBHK",5070,"f"
"7369","YKUEcM",4170,"f"
"7370","P7Md7Y",4230,"f"
"7371","6VN3FP",4980,"m"
"7372","E5VGcY",4320,"f"
"7373","NcPKdR",4740,"m"
"7374","5C4cLF",4260,"m"
"7375","YKVL6Y",4020,"m"
"7376","LA3QLT",4770,"f"
"7377","3EXKKV",4860,"m"
"7378","4UTJ5C",4650,"f"
"7379","Z46DHN",4140,"m"
"7380","Rc27L6",5250,"f"
"7381","T7C2LP",4950,"f"
"7382","PCWHCD",4080,"m"
"7383","YSMZLG",4530,"m"
"7384","CJ2JZ3",4590,"m"
"7385","VB2XLF",4110,"m"
"7386","BVZU4W",4140,"m"
"7387","LZWTJC",4140,"m"
"7388","NN3UDW",4440,"m"
"7389","7DNGNA",5070,"m"
"7390","MQ5dCM",4260,"f"
"7391","G3BWNN",4440,"m"
"7392","J7d7Ed",4560,"m"
"7393","6LXAJD",4350,"f"
"7394","FEYCW6",4410,"m"
"7395","W3c3ZK",5580,"m"
"7396","BDKZEN",4050,"m"
"7397","ZQ3TTU",4710,"m"
"7398","XYX3RT",4680,"m"
"7399","JKQG2U",4740,"f"
"7400","VX7XXc",5040,"m"
"7401","26TBKA",4080,"m"
"7402","VMHNQA",4350,"f"
"7403","cYHPQ5",4140,"m"
"7404","KLdCX3",4260,"m"
"7405","SL5H56",4260,"f"
"7406","2CKBJK",4050,"m"
"7407","P7Md7Y",4200,"f"
"7408","VJ5H2T",5160,"o"
"7409","B47FdD",3990,"m"
"7410","J6DT2K",4560,"m"
"7411","Vc73T7",4110,"m"
"7412","2D2Pd2",5190,"f"
"7413","AHG2DK",5700,"m"
"7414","ERC7YR",3870,"f"
"7415","QCPV75",4500,"m"
"7416","CTJFJ4",4950,"m"
"7417","FQNNUZ",5130,"f"
"7418","J6GS2X",5640,"m"
"7419","c3dQ5P",3720,"m"
"7420","AVEH25",5070,"f"
"7421","HMdQVZ",3870,"m"
"7422","FBSJTZ",5820,"f"
"7423","DHLRUE",4560,"m"
"7424","CRAcZd",5430,"f"
"7425","TDSRAc",4770,"f"
"7426","RV46G2",4260,"m"
"7427","2UMdLC",4170,"m"
"7428","c53NTX",3870,"m"
"7429","G5dAEK",4230,"m"
"7430","G36QUX",3840,"m"
"7431","Ddd43L",4500,"f"
"7432","2MNUcZ",5460,"f"
"7433","NSYUD6",3930,"f"
"7434","F7J6RM",4620,"m"
"7435","XKdc35",4170,"f"
"7436","2HPcJ3",4980,"m"
"7437","LN6TPF",4350,"f"
"7438","5WcVK4",5160,"f"
"7439","4BAHDN",3780,"m"
"7440","cFCZPK",4950,"m"
"7441","NKAPDd",5520,"m"
"7442","H5HUVK",5250,"f"
"7443","M6LdNB",4620,"m"
"7444","5MGCBZ",4050,"m"
"7445","ECZKcH",3090,"f"
"7446","FXKXTL",4290,"f"
"7447","4HBDTF",3840,"m"
"7448","d2RNVQ",3090,"f"
"7449","AZQZZJ",3480,"f"
"7450","KYNWJ7",3420,"f"
"7451","PWRD2W",3240,"f"
"7452","THHUXY",2790,"f"
"7453","CcXK5V",3630,"f"
"7454","226DPJ",3870,"m"
"7455","CT6TE2",2280,"f"
"7456","dJUH64",2610,"m"
"7457","MM7MHD",2910,"m"
"7458","TRMZMN",2400,"f"
"7459","DUJVEL",3150,"m"
"7460","GE4NBT",5640,"m"
"7461","XdAMGC",2550,"f"
"7462","GLQULU",2640,"f"
"7463","ADcDUM",3330,"m"
"7464","dB3YRD",4290,"f"
"7465","CACCCP",2880,"m"
"7466","BJZGD2",3270,"f"
"7467","SQPHC7",2310,"f"
"7468","Kc6RMY",3330,"m"
"7469","PBLZWN",5190,"f"
"7470","VZ53KA",4110,"f"
"7471","WUBBEK",2640,"m"
"7472","XS57KJ",2190,"m"
"7473","d3R2U4",3060,"f"
"7474","RCAU4S",1980,"f"
"7475","UGcYTS",2970,"f"
"7476","LXRCcF",1980,"f"
"7477","6WDXTc",2160,"m"
"7478","37LAQX",2910,"m"
"7479","YLJTKQ",1950,"f"
"7480","KPRDT6",3480,"m"
"7481","BVA42Y",1950,"f"
"7482","KBQDD5",2700,"m"
"7483","4QcY5E",2070,"f"
"7484","4d2CPG",3000,"m"
"7485","SDF2YR",2490,"m"
"7486","7YdT45",2550,"f"
"7487","ZALG7S",3570,"f"
"7488","FJZ4BR",4530,"m"
"7489","BZVQUN",3840,"f"
"7490","BNXB5D",2640,"f"
"7491","NDM42C",2220,"f"
"7492","YM2G5C",1380,"f"
"7493","747d4U",2040,"f"
"7494","VEYGC2",3840,"m"
"7495","6RDT55",4920,"f"
"7496","c6dNFC",1500,"f"
"7497","FW72XL",3150,"f"
"7498","DY7SUJ",3870,"f"
"7499","VdM6UX",2880,"m"
"7500","4XE3KX",3600,"f"
"7501","QdRUdL",4170,"m"
"7502","VGGS3V",3480,"m"
"7503","3STC7T",1500,"f"
"7504","7W2BAS",3000,"f"
"7505","CPcQFY",4470,"f"
"7506","K6FCZV",3540,"m"
"7507","QMLL2R",1530,"m"
"7508","3ADQJK",1170,"m"
"7509","YPMRcS",1710,"f"
"7510","K7YdLP",5640,"f"
"7511","DBFU24",4290,"f"
"7512","KE6McV",4020,"f"
"7513","Y5C3MY",2880,"m"
"7514","VdA4LW",1290,"f"
"7515","SCHcHE",3450,"m"
"7516","GFRFTR",1920,"f"
"7517","AF6JVZ",2490,"m"
"7518","dADL67",1890,"f"
"7519","4NJCTY",1590,"m"
"7520","7JUJPC",2790,"m"
"7521","Y2M3FQ",4230,"f"
"7522","WDY6c7",2550,"f"
"7523","C5HA27",4620,"f"
"7524","PU2VcV",4620,"o"
"7525","YFE323",2040,"m"
"7526","GXJBPE",1170,"m"
"7527","VRRTXM",3540,"f"
"7528","65LC6N",1200,"m"
"7529","EHPQXP",2670,"f"
"7530","KN4QXT",1890,"m"
"7531","5Q24K5",1290,"f"
"7532","AEVA5R",2610,"f"
"7533","PZ5DPJ",1170,"f"
"7534","RL56d4",3060,"m"
"7535","VRHSL4",3450,"f"
"7536","SEAHSd",2100,"m"
"7537","NSQ3X6",3420,"f"
"7538","4VHdUK",5040,"m"
"7539","AS4P67",2040,"f"
"7540","Xd7JWC",2010,"m"
"7541","PcR4BM",1980,"m"
"7542","UPTL7Y",3720,"m"
"7543","DHZ3NG",3600,"f"
"7544","YLAdC4",1830,"f"
"7545","PRPWZF",2220,"f"
"7546","NMW7J7",1500,"f"
"7547","MBCA5E",2730,"f"
"7548","NPVQNQ",1740,"m"
"7549","NEQP2Q",1860,"f"
"7550","44WWDL",1890,"f"
"7551","dMcX57",1650,"m"
"7552","P2JCDF",1740,"m"
"7553","XEKPSB",1980,"f"
"7554","dJPCR7",2610,"m"
"7555","QVDCEG",2760,"f"
"7556","TJAT32",1260,"m"
"7557","V5REVB",1500,"m"
"7558","S7FVQH",2070,"m"
"7559","347dJH",1800,"f"
"7560","SCMMCA",3150,"f"
"7561","J33Q67",1440,"m"
"7562","PK2YGJ",4200,"m"
"7563","3G522Y",2460,"f"
"7564","W575AK",2790,"f"
"7565","WQGT5Y",1200,"m"
"7566","d6RFVM",4110,"m"
"7567","GYU46J",4140,"f"
"7568","2cLdd2",2970,"f"
"7569","6FL4TM",2550,"f"
"7570","QVSRQC",1980,"f"
"7571","DKUY4F",1290,"f"
"7572","XAVQXc",2100,"f"
"7573","UZG2dX",2940,"m"
"7574","KHRJM7",3810,"m"
"7575","UAPd65",3060,"m"
"7576","3XcSJ2",3810,"f"
"7577","dR3ZQW",3240,"m"
"7578","LUQK5d",1350,"f"
"7579","KE3Z6Z",3810,"f"
"7580","FVTKHG",2790,"f"
"7581","5HHGcY",2640,"m"
"7582","Fc7UHG",3270,"m"
"7583","Q4EEd6",2460,"f"
"7584","Ddd42B",4590,"m"
"7585","cFJCJK",2490,"f"
"7586","RL5F7C",1590,"m"
"7587","QARBCD",3690,"m"
"7588","c2DEY3",1200,"m"
"7589","LKJRX3",2970,"f"
"7590","7R4XY2",1350,"f"
"7591","MR5MAH",2700,"f"
"7592","Z6JWFD",3000,"m"
"7593","FG5XVM",2550,"m"
"7594","BLMEUH",1560,"f"
"7595","XC7SMU",4050,"m"
"7596","MBSYFS",1740,"m"
"7597","2N2GAd",3060,"f"
"7598","YPNJKP",1740,"f"
"7599","BdHTN4",3420,"m"
"7600","4JccdB",2820,"m"
"7601","XQS345",1140,"f"
"7602","EG4DM2",1680,"m"
"7603","ZPAG2A",2400,"f"
"7604","NBXP7N",3390,"m"
"7605","cE3WXc",1530,"m"
"7606","KRLDTE",4320,"m"
"7607","NY2cZA",3510,"f"
"7608","CUCSW3",2880,"m"
"7609","NZKdcH",1530,"f"
"7610","5Hd5XN",3720,"m"
"7611","JFd4LQ",3120,"f"
"7612","V6JVMB",2700,"m"
"7613","WGSZS6",1920,"m"
"7614","UQYP3K",2160,"f"
"7615","P3MYF5",3300,"f"
"7616","dcddCF",1770,"f"
"7617","CAECUF",3870,"f"
"7618","NZcKZR",2490,"m"
"7619","3MGZ2D",1620,"f"
"7620","Y324M2",4710,"m"
"7621","RKKSJM",3030,"f"
"7622","4ABCC4",1320,"f"
"7623","K73D3S",1860,"f"
"7624","5d3X5S",1620,"f"
"7625","WDETH6",2670,"m"
"7626","dZUWST",2340,"f"
"7627","cYGACQ",1890,"f"
"7628","dXAQG4",2760,"m"
"7629","5WHcX5",3750,"m"
"7630","K7R7CV",2550,"f"
"7631","FG2KCN",1440,"f"
"7632","YHGER6",3660,"f"
"7633","XUUFNU",2460,"f"
"7634","WPK4FZ",2760,"m"
"7635","Q4cDH5",2310,"f"
"7636","CXMSKS",2730,"f"
"7637","EZ6FZQ",1650,"m"
"7638","LCDQES",1530,"f"
"7639","LKKFPd",2400,"f"
"7640","Y4MHXV",2160,"m"
"7641","2ZPdLJ",1500,"f"
"7642","RC5T3R",3480,"f"
"7643","6c4MZT",2850,"f"
"7644","2ZBH3d",4020,"f"
"7645","d44R4W",4110,"f"
"7646","ZEYSWL",1560,"f"
"7647","33NPWV",1380,"m"
"7648","YMH4W3",1650,"f"
"7649","PXBcNU",1500,"m"
"7650","C2J3Kd",1350,"f"
"7651","7UQ674",1200,"f"
"7652","dJZ5QE",2850,"f"
"7653","H3HBTJ",1380,"f"
"7654","AEL3EQ",1200,"m"
"7655","3BMEHF",2130,"m"
"7656","HBWDcR",3210,"m"
"7657","ARMW2Y",3900,"m"
"7658","KMUTBA",2790,"f"
"7659","SCHcHE",3420,"m"
"7660","PXXPWV",2010,"m"
"7661","GCCDGU",1200,"f"
"7662","7EBDYc",3270,"f"
"7663","4P2QUV",1860,"m"
"7664","Z6D7dB",2220,"f"
"7665","75ZW26",1620,"m"
"7666","BC76CA",3780,"m"
"7667","WMJVGR",3000,"m"
"7668","dVMXCc",1770,"f"
"7669","d5Ud2c",1920,"f"
"7670","4VCRcA",2520,"f"
"7671","CQKHMP",4980,"f"
"7672","QRZ4QE",1530,"f"
"7673","EFYJWW",2010,"f"
"7674","LRAUYL",2010,"f"
"7675","AWZXWB",1290,"f"
"7676","R27BW6",5130,"m"
"7677","PHK3XR",2610,"f"
"7678","N4N6Q2",1890,"m"
"7679","YFLMKE",2490,"m"
"7680","5c5BKL",2400,"m"
"7681","VDGZL2",1680,"m"
"7682","cMD6FQ",5220,"m"
"7683","GXGSFD",5640,"f"
"7684","SJQQ2J",5130,"f"
"7685","5WN27N",5250,"f"
"7686","P3EcYE",5130,"f"
"7687","AVEH25",5460,"f"
"7688","MLH6HJ",5610,"f"
"7689","42LZDc",5280,"f"
"7690","FFZF7X",5160,"f"
"7691","LRCNHV",5700,"m"
"7692","F5REDH",5520,"m"
"7693","7GdZTX",5460,"m"
"7694","D7cM6P",5790,"f"
"7695","JE64ZK",5460,"m"
"7696","2dBUQX",5310,"f"
"7697","Yd7WPT",5250,"f"
"7698","735EB3",5460,"f"
"7699","cG6dWL",5430,"m"
"7700","ENUBED",5130,"m"
"7701","J4S4Nd",5310,"f"
"7702","RQXQ37",5610,"f"
"7703","TDYH5c",5250,"f"
"7704","H5HUVK",5520,"f"
"7705","A3HVZU",5490,"m"
"7706","Q5ZTWH",5130,"m"
"7707","CPLE3C",5220,"m"
"7708","VdRXdD",1350,"f"
"7709","DGH6Ld",1440,"f"
"7710","KTLJTX",1140,"f"
"7711","5A2Y2B",1170,"f"
"7712","GRLVFF",1230,"m"
"7713","4Lc7HB",1110,"m"
"7714","5TDN53",1350,"f"
"7715","5TDN53",1350,"f"
"7716","F5QMEJ",1320,"m"
"7717","KU6RG5",2460,"m"
"7718","B5SScH",2520,"f"
"7719","XFMJ2D",2400,"m"
"7720","XNAGCD",2310,"f"
"7721","CTDG73",2490,"m"
"7722","GQYEcF",2340,"f"
"7723","DTXJAD",2400,"m"
"7724","5EPF77",2400,"f"
"7725","RBWAXG",2370,"f"
"7726","NA75A3",1320,"f"
"7727","ZFASAN",1260,"m"
"7728","UPcFPQ",1170,"f"
"7729","3BJL75",1320,"m"
"7730","L6BNGd",1440,"m"
"7731","4dR3DM",1530,"f"
"7732","FG3c3c",1590,"m"
"7733","3NRZDA",1110,"f"
"7734","cKNVRc",1770,"f"
"7735","KTLJTX",1140,"f"
"7736","QZ77BB",1500,"m"
"7737","DEH3SW",1230,"f"
"7738","CFZAdK",1230,"m"
"7739","223QZT",1590,"f"
"7740","C2PTE3",1380,"f"
"7741","RTVEE7",1560,"m"
"7742","XUYCHN",1170,"f"
"7743","CFGJVV",1140,"f"
"7744","6RYcKQ",1260,"f"
"7745","NX5FLF",1110,"f"
"7746","ZP3B3N",1110,"f"
"7747","RJ5WYZ",1290,"f"
"7748","A5ZcC2",1140,"m"
"7749","LFC354",1110,"f"
"7750","FdK67M",1200,"f"
"7751","K6SSNX",1110,"f"
"7752","QEQAZZ",1440,"f"
"7753","E5EL7R",5520,"f"
"7754","AVEH25",5280,"f"
"7755","5CETCY",5520,"m"
"7756","KdTKRC",5730,"m"
"7757","XQc656",2490,"m"
"7758","XQc656",2490,"m"
"7759","3QARD5",2250,"m"
"7760","BAA7SE",2310,"f"
"7761","DRTVFR",2190,"f"
"7762","X3U2KL",3300,"m"
"7763","ZdWJU6",1200,"f"
"7764","DZEEEQ",1140,"m"
"7765","cLWD7X",1260,"m"
"7766","VVcSLZ",1170,"m"
"7767","YQXHAZ",1260,"m"
"7768","A5ZcC2",1110,"m"
"7769","4SGNPS",3780,"m"
"7770","77P6BR",3300,"f"
"7771","DJKFNX",3600,"m"
"7772","EM566H",3480,"m"
"7773","VHTSRV",3390,"m"
"7774","UFEZMT",3870,"f"
"7775","UNVGH4",3390,"f"
"7776","G64NX2",3300,"f"
"7777","UEXRGR",3300,"m"
"7778","2RT5YX",3750,"f"
"7779","5Hd5XN",3930,"m"
"7780","M2VDRX",3390,"f"
"7781","ALGACP",3630,"m"
"7782","6VQ5NV",3330,"f"
"7783","QE3QBc",3270,"m"
"7784","RF7BV6",3030,"f"
"7785","ZADALH",3630,"f"
"7786","UDVQ7Y",3330,"m"
"7787","ZU2PLS",3270,"f"
"7788","H7RFHM",3030,"f"
"7789","3NJBME",3360,"m"
"7790","2cLdd2",3180,"f"
"7791","U2YQXC",3870,"m"
"7792","U2YQXC",3870,"m"
"7793","VAKJdV",2940,"m"
"7794","WDNHcd",3990,"f"
"7795","cZVLcN",2970,"m"
"7796","LdNK4E",3090,"m"
"7797","5CZXYC",3240,"m"
"7798","MATGdB",3150,"f"
"7799","NBR2LE",3660,"m"
"7800","MM7MHD",3090,"m"
"7801","XQJNFQ",3510,"m"
"7802","J3RPUM",3930,"m"
"7803","J6GS2X",5820,"m"
"7804","QDLBWP",4500,"f"
"7805","36TYFV",4830,"f"
"7806","46GXRG",4890,"m"
"7807","WUCdQ6",4830,"m"
"7808","K7GP2d",5340,"f"
"7809","EcQK3N",5130,"m"
"7810","cMD6FQ",4980,"m"
"7811","EKACME",4740,"m"
"7812","K7GP2d",5340,"f"
"7813","7GKV4Y",5670,"m"
"7814","F7J6RM",4770,"m"
"7815","PU2VcV",4740,"o"
"7816","C5HA27",4740,"f"
"7817","USPAM2",4920,"f"
"7818","USPAM2",4920,"f"
"7819","CYHPFL",4950,"m"
"7820","SHWDdD",5310,"m"
"7821","27NPYH",4890,"f"
"7822","3EXKKV",4950,"m"
"7823","cMD6FQ",4920,"m"
"7824","LRCNHV",5430,"m"
"7825","PF76LW",5100,"m"
"7826","N2ZVC6",5280,"m"
"7827","B7TKT6",5040,"f"
"7828","7GdZTX",5190,"m"
"7829","735EB3",5250,"f"
"7830","RHTVQE",5010,"m"
"7831","VR4LYE",4500,"m"
"7832","543XTU",5280,"m"
"7833","775VNH",4890,"m"
"7834","N54WCV",5760,"f"
"7835","YAEUF5",5670,"m"
"7836","WQU6QW",5190,"f"
"7837","KRLDTE",4410,"m"
"7838","V3dN5D",4890,"m"
"7839","U32dEc",4950,"m"
"7840","JD34YF",4530,"m"
"7841","WYSHT3",4980,"m"
"7842","MNMX4S",5370,"m"
"7843","cX2D7c",4410,"f"
"7844","UYRcFH",4650,"f"
"7845","UKBcFN",4440,"m"
"7846","DEJDGM",4440,"m"
"7847","4URBHK",5070,"f"
"7848","YKUEcM",4170,"f"
"7849","P7Md7Y",4230,"f"
"7850","6VN3FP",4980,"m"
"7851","E5VGcY",4320,"f"
"7852","NcPKdR",4740,"m"
"7853","5C4cLF",4260,"m"
"7854","YKVL6Y",4020,"m"
"7855","LA3QLT",4770,"f"
"7856","3EXKKV",4860,"m"
"7857","4UTJ5C",4650,"f"
"7858","Z46DHN",4140,"m"
"7859","Rc27L6",5250,"f"
"7860","T7C2LP",4950,"f"
"7861","PCWHCD",4080,"m"
"7862","YSMZLG",4530,"m"
"7863","CJ2JZ3",4590,"m"
"7864","VB2XLF",4110,"m"
"7865","BVZU4W",4140,"m"
"7866","LZWTJC",4140,"m"
"7867","NN3UDW",4440,"m"
"7868","7DNGNA",5070,"m"
"7869","MQ5dCM",4260,"f"
"7870","G3BWNN",4440,"m"
"7871","J7d7Ed",4560,"m"
"7872","6LXAJD",4350,"f"
"7873","FEYCW6",4410,"m"
"7874","W3c3ZK",5580,"m"
"7875","BDKZEN",4050,"m"
"7876","ZQ3TTU",4710,"m"
"7877","XYX3RT",4680,"m"
"7878","JKQG2U",4740,"f"
"7879","VX7XXc",5040,"m"
"7880","26TBKA",4080,"m"
"7881","VMHNQA",4350,"f"
"7882","cYHPQ5",4140,"m"
"7883","KLdCX3",4260,"m"
"7884","SL5H56",4260,"f"
"7885","2CKBJK",4050,"m"
"7886","P7Md7Y",4200,"f"
"7887","VJ5H2T",5160,"o"
"7888","B47FdD",3990,"m"
"7889","J6DT2K",4560,"m"
"7890","Vc73T7",4110,"m"
"7891","2D2Pd2",5190,"f"
"7892","AHG2DK",5700,"m"
"7893","ERC7YR",3870,"f"
"7894","QCPV75",4500,"m"
"7895","CTJFJ4",4950,"m"
"7896","FQNNUZ",5130,"f"
"7897","J6GS2X",5640,"m"
"7898","c3dQ5P",3720,"m"
"7899","AVEH25",5070,"f"
"7900","HMdQVZ",3870,"m"
"7901","FBSJTZ",5820,"f"
"7902","DHLRUE",4560,"m"
"7903","CRAcZd",5430,"f"
"7904","TDSRAc",4770,"f"
"7905","RV46G2",4260,"m"
"7906","2UMdLC",4170,"m"
"7907","c53NTX",3870,"m"
"7908","G5dAEK",4230,"m"
"7909","G36QUX",3840,"m"
"7910","Ddd43L",4500,"f"
"7911","2MNUcZ",5460,"f"
"7912","NSYUD6",3930,"f"
"7913","F7J6RM",4620,"m"
"7914","XKdc35",4170,"f"
"7915","2HPcJ3",4980,"m"
"7916","LN6TPF",4350,"f"
"7917","5WcVK4",5160,"f"
"7918","4BAHDN",3780,"m"
"7919","cFCZPK",4950,"m"
"7920","NKAPDd",5520,"m"
"7921","H5HUVK",5250,"f"
"7922","M6LdNB",4620,"m"
"7923","5MGCBZ",4050,"m"
"7924","ECZKcH",3090,"f"
"7925","FXKXTL",4290,"f"
"7926","4HBDTF",3840,"m"
"7927","d2RNVQ",3090,"f"
"7928","AZQZZJ",3480,"f"
"7929","KYNWJ7",3420,"f"
"7930","PWRD2W",3240,"f"
"7931","THHUXY",2790,"f"
"7932","CcXK5V",3630,"f"
"7933","226DPJ",3870,"m"
"7934","CT6TE2",2280,"f"
"7935","dJUH64",2610,"m"
"7936","MM7MHD",2910,"m"
"7937","TRMZMN",2400,"f"
"7938","DUJVEL",3150,"m"
"7939","GE4NBT",5640,"m"
"7940","XdAMGC",2550,"f"
"7941","GLQULU",2640,"f"
"7942","ADcDUM",3330,"m"
"7943","dB3YRD",4290,"f"
"7944","CACCCP",2880,"m"
"7945","BJZGD2",3270,"f"
"7946","SQPHC7",2310,"f"
"7947","Kc6RMY",3330,"m"
"7948","PBLZWN",5190,"f"
"7949","VZ53KA",4110,"f"
"7950","WUBBEK",2640,"m"
"7951","XS57KJ",2190,"m"
"7952","d3R2U4",3060,"f"
"7953","RCAU4S",1980,"f"
"7954","UGcYTS",2970,"f"
"7955","LXRCcF",1980,"f"
"7956","6WDXTc",2160,"m"
"7957","37LAQX",2910,"m"
"7958","YLJTKQ",1950,"f"
"7959","KPRDT6",3480,"m"
"7960","BVA42Y",1950,"f"
"7961","KBQDD5",2700,"m"
"7962","4QcY5E",2070,"f"
"7963","4d2CPG",3000,"m"
"7964","SDF2YR",2490,"m"
"7965","7YdT45",2550,"f"
"7966","ZALG7S",3570,"f"
"7967","FJZ4BR",4530,"m"
"7968","BZVQUN",3840,"f"
"7969","BNXB5D",2640,"f"
"7970","NDM42C",2220,"f"
"7971","YM2G5C",1380,"f"
"7972","747d4U",2040,"f"
"7973","VEYGC2",3840,"m"
"7974","6RDT55",4920,"f"
"7975","c6dNFC",1500,"f"
"7976","FW72XL",3150,"f"
"7977","DY7SUJ",3870,"f"
"7978","VdM6UX",2880,"m"
"7979","4XE3KX",3600,"f"
"7980","QdRUdL",4170,"m"
"7981","VGGS3V",3480,"m"
"7982","3STC7T",1500,"f"
"7983","7W2BAS",3000,"f"
"7984","CPcQFY",4470,"f"
"7985","K6FCZV",3540,"m"
"7986","QMLL2R",1530,"m"
"7987","3ADQJK",1170,"m"
"7988","YPMRcS",1710,"f"
"7989","K7YdLP",5640,"f"
"7990","DBFU24",4290,"f"
"7991","KE6McV",4020,"f"
"7992","Y5C3MY",2880,"m"
"7993","VdA4LW",1290,"f"
"7994","SCHcHE",3450,"m"
"7995","GFRFTR",1920,"f"
"7996","AF6JVZ",2490,"m"
"7997","dADL67",1890,"f"
"7998","4NJCTY",1590,"m"
"7999","7JUJPC",2790,"m"
"8000","Y2M3FQ",4230,"f"
"8001","WDY6c7",2550,"f"
"8002","C5HA27",4620,"f"
"8003","PU2VcV",4620,"o"
"8004","YFE323",2040,"m"
"8005","GXJBPE",1170,"m"
"8006","VRRTXM",3540,"f"
"8007","65LC6N",1200,"m"
"8008","EHPQXP",2670,"f"
"8009","KN4QXT",1890,"m"
"8010","5Q24K5",1290,"f"
"8011","AEVA5R",2610,"f"
"8012","PZ5DPJ",1170,"f"
"8013","RL56d4",3060,"m"
"8014","VRHSL4",3450,"f"
"8015","SEAHSd",2100,"m"
"8016","NSQ3X6",3420,"f"
"8017","4VHdUK",5040,"m"
"8018","AS4P67",2040,"f"
"8019","Xd7JWC",2010,"m"
"8020","PcR4BM",1980,"m"
"8021","UPTL7Y",3720,"m"
"8022","DHZ3NG",3600,"f"
"8023","YLAdC4",1830,"f"
"8024","PRPWZF",2220,"f"
"8025","NMW7J7",1500,"f"
"8026","MBCA5E",2730,"f"
"8027","NPVQNQ",1740,"m"
"8028","NEQP2Q",1860,"f"
"8029","44WWDL",1890,"f"
"8030","dMcX57",1650,"m"
"8031","P2JCDF",1740,"m"
"8032","XEKPSB",1980,"f"
"8033","dJPCR7",2610,"m"
"8034","QVDCEG",2760,"f"
"8035","TJAT32",1260,"m"
"8036","V5REVB",1500,"m"
"8037","S7FVQH",2070,"m"
"8038","347dJH",1800,"f"
"8039","SCMMCA",3150,"f"
"8040","J33Q67",1440,"m"
"8041","PK2YGJ",4200,"m"
"8042","3G522Y",2460,"f"
"8043","W575AK",2790,"f"
"8044","WQGT5Y",1200,"m"
"8045","d6RFVM",4110,"m"
"8046","GYU46J",4140,"f"
"8047","2cLdd2",2970,"f"
"8048","6FL4TM",2550,"f"
"8049","QVSRQC",1980,"f"
"8050","DKUY4F",1290,"f"
"8051","XAVQXc",2100,"f"
"8052","UZG2dX",2940,"m"
"8053","KHRJM7",3810,"m"
"8054","UAPd65",3060,"m"
"8055","3XcSJ2",3810,"f"
"8056","dR3ZQW",3240,"m"
"8057","LUQK5d",1350,"f"
"8058","KE3Z6Z",3810,"f"
"8059","FVTKHG",2790,"f"
"8060","5HHGcY",2640,"m"
"8061","Fc7UHG",3270,"m"
"8062","Q4EEd6",2460,"f"
"8063","Ddd42B",4590,"m"
"8064","cFJCJK",2490,"f"
"8065","RL5F7C",1590,"m"
"8066","QARBCD",3690,"m"
"8067","c2DEY3",1200,"m"
"8068","LKJRX3",2970,"f"
"8069","7R4XY2",1350,"f"
"8070","MR5MAH",2700,"f"
"8071","Z6JWFD",3000,"m"
"8072","FG5XVM",2550,"m"
"8073","BLMEUH",1560,"f"
"8074","XC7SMU",4050,"m"
"8075","MBSYFS",1740,"m"
"8076","2N2GAd",3060,"f"
"8077","YPNJKP",1740,"f"
"8078","BdHTN4",3420,"m"
"8079","4JccdB",2820,"m"
"8080","XQS345",1140,"f"
"8081","EG4DM2",1680,"m"
"8082","ZPAG2A",2400,"f"
"8083","NBXP7N",3390,"m"
"8084","cE3WXc",1530,"m"
"8085","KRLDTE",4320,"m"
"8086","NY2cZA",3510,"f"
"8087","CUCSW3",2880,"m"
"8088","NZKdcH",1530,"f"
"8089","5Hd5XN",3720,"m"
"8090","JFd4LQ",3120,"f"
"8091","V6JVMB",2700,"m"
"8092","WGSZS6",1920,"m"
"8093","UQYP3K",2160,"f"
"8094","P3MYF5",3300,"f"
"8095","dcddCF",1770,"f"
"8096","CAECUF",3870,"f"
"8097","NZcKZR",2490,"m"
"8098","3MGZ2D",1620,"f"
"8099","Y324M2",4710,"m"
"8100","RKKSJM",3030,"f"
"8101","4ABCC4",1320,"f"
"8102","K73D3S",1860,"f"
"8103","5d3X5S",1620,"f"
"8104","WDETH6",2670,"m"
"8105","dZUWST",2340,"f"
"8106","cYGACQ",1890,"f"
"8107","dXAQG4",2760,"m"
"8108","5WHcX5",3750,"m"
"8109","K7R7CV",2550,"f"
"8110","FG2KCN",1440,"f"
"8111","YHGER6",3660,"f"
"8112","XUUFNU",2460,"f"
"8113","WPK4FZ",2760,"m"
"8114","Q4cDH5",2310,"f"
"8115","CXMSKS",2730,"f"
"8116","EZ6FZQ",1650,"m"
"8117","LCDQES",1530,"f"
"8118","LKKFPd",2400,"f"
"8119","Y4MHXV",2160,"m"
"8120","2ZPdLJ",1500,"f"
"8121","RC5T3R",3480,"f"
"8122","6c4MZT",2850,"f"
"8123","2ZBH3d",4020,"f"
"8124","d44R4W",4110,"f"
"8125","ZEYSWL",1560,"f"
"8126","33NPWV",1380,"m"
"8127","YMH4W3",1650,"f"
"8128","PXBcNU",1500,"m"
"8129","C2J3Kd",1350,"f"
"8130","7UQ674",1200,"f"
"8131","dJZ5QE",2850,"f"
"8132","H3HBTJ",1380,"f"
"8133","AEL3EQ",1200,"m"
"8134","3BMEHF",2130,"m"
"8135","HBWDcR",3210,"m"
"8136","ARMW2Y",3900,"m"
"8137","KMUTBA",2790,"f"
"8138","SCHcHE",3420,"m"
"8139","PXXPWV",2010,"m"
"8140","GCCDGU",1200,"f"
"8141","7EBDYc",3270,"f"
"8142","4P2QUV",1860,"m"
"8143","Z6D7dB",2220,"f"
"8144","75ZW26",1620,"m"
"8145","BC76CA",3780,"m"
"8146","WMJVGR",3000,"m"
"8147","dVMXCc",1770,"f"
"8148","d5Ud2c",1920,"f"
"8149","4VCRcA",2520,"f"
"8150","CQKHMP",4980,"f"
"8151","QRZ4QE",1530,"f"
"8152","EFYJWW",2010,"f"
"8153","LRAUYL",2010,"f"
"8154","AWZXWB",1290,"f"
"8155","R27BW6",5130,"m"
"8156","PHK3XR",2610,"f"
"8157","N4N6Q2",1890,"m"
"8158","YFLMKE",2490,"m"
"8159","5c5BKL",2400,"m"
"8160","VDGZL2",1680,"m"
"8161","cMD6FQ",5220,"m"
"8162","GXGSFD",5640,"f"
"8163","SJQQ2J",5130,"f"
"8164","5WN27N",5250,"f"
"8165","P3EcYE",5130,"f"
"8166","AVEH25",5460,"f"
"8167","MLH6HJ",5610,"f"
"8168","42LZDc",5280,"f"
"8169","FFZF7X",5160,"f"
"8170","LRCNHV",5700,"m"
"8171","F5REDH",5520,"m"
"8172","7GdZTX",5460,"m"
"8173","D7cM6P",5790,"f"
"8174","JE64ZK",5460,"m"
"8175","2dBUQX",5310,"f"
"8176","Yd7WPT",5250,"f"
"8177","735EB3",5460,"f"
"8178","cG6dWL",5430,"m"
"8179","ENUBED",5130,"m"
"8180","J4S4Nd",5310,"f"
"8181","RQXQ37",5610,"f"
"8182","TDYH5c",5250,"f"
"8183","H5HUVK",5520,"f"
"8184","A3HVZU",5490,"m"
"8185","Q5ZTWH",5130,"m"
"8186","CPLE3C",5220,"m"
"8187","VdRXdD",1350,"f"
"8188","DGH6Ld",1440,"f"
"8189","KTLJTX",1140,"f"
"8190","5A2Y2B",1170,"f"
"8191","GRLVFF",1230,"m"
"8192","4Lc7HB",1110,"m"
"8193","5TDN53",1350,"f"
"8194","F5QMEJ",1320,"m"
"8195","KU6RG5",2460,"m"
"8196","B5SScH",2520,"f"
"8197","XFMJ2D",2400,"m"
"8198","XNAGCD",2310,"f"
"8199","CTDG73",2490,"m"
"8200","GQYEcF",2340,"f"
"8201","DTXJAD",2400,"m"
"8202","5EPF77",2400,"f"
"8203","RBWAXG",2370,"f"
"8204","NA75A3",1320,"f"
"8205","ZFASAN",1260,"m"
"8206","UPcFPQ",1170,"f"
"8207","3BJL75",1320,"m"
"8208","L6BNGd",1440,"m"
"8209","4dR3DM",1530,"f"
"8210","FG3c3c",1590,"m"
"8211","3NRZDA",1110,"f"
"8212","cKNVRc",1770,"f"
"8213","KTLJTX",1140,"f"
"8214","QZ77BB",1500,"m"
"8215","DEH3SW",1230,"f"
"8216","CFZAdK",1230,"m"
"8217","223QZT",1590,"f"
"8218","C2PTE3",1380,"f"
"8219","RTVEE7",1560,"m"
"8220","XUYCHN",1170,"f"
"8221","CFGJVV",1140,"f"
"8222","6RYcKQ",1260,"f"
"8223","NX5FLF",1110,"f"
"8224","ZP3B3N",1110,"f"
"8225","RJ5WYZ",1290,"f"
"8226","A5ZcC2",1140,"m"
"8227","LFC354",1110,"f"
"8228","FdK67M",1200,"f"
"8229","K6SSNX",1110,"f"
"8230","QEQAZZ",1440,"f"
"8231","E5EL7R",5520,"f"
"8232","AVEH25",5280,"f"
"8233","5CETCY",5520,"m"
"8234","KdTKRC",5730,"m"
"8235","XQc656",2490,"m"
"8236","3QARD5",2250,"m"
"8237","BAA7SE",2310,"f"
"8238","DRTVFR",2190,"f"
"8239","X3U2KL",3300,"m"
"8240","ZdWJU6",1200,"f"
"8241","DZEEEQ",1140,"m"
"8242","cLWD7X",1260,"m"
"8243","VVcSLZ",1170,"m"
"8244","YQXHAZ",1260,"m"
"8245","A5ZcC2",1110,"m"
"8246","4SGNPS",3780,"m"
"8247","77P6BR",3300,"f"
"8248","DJKFNX",3600,"m"
"8249","EM566H",3480,"m"
"8250","VHTSRV",3390,"m"
"8251","UFEZMT",3870,"f"
"8252","UNVGH4",3390,"f"
"8253","G64NX2",3300,"f"
"8254","UEXRGR",3300,"m"
"8255","2RT5YX",3750,"f"
"8256","5Hd5XN",3930,"m"
"8257","M2VDRX",3390,"f"
"8258","ALGACP",3630,"m"
"8259","6VQ5NV",3330,"f"
"8260","QE3QBc",3270,"m"
"8261","RF7BV6",3030,"f"
"8262","ZADALH",3630,"f"
"8263","UDVQ7Y",3330,"m"
"8264","ZU2PLS",3270,"f"
"8265","H7RFHM",3030,"f"
"8266","3NJBME",3360,"m"
"8267","2cLdd2",3180,"f"
"8268","U2YQXC",3870,"m"
"8269","U2YQXC",3870,"m"
"8270","VAKJdV",2940,"m"
"8271","WDNHcd",3990,"f"
"8272","cZVLcN",2970,"m"
"8273","LdNK4E",3090,"m"
"8274","5CZXYC",3240,"m"
"8275","MATGdB",3150,"f"
"8276","NBR2LE",3660,"m"
"8277","MM7MHD",3090,"m"
"8278","XQJNFQ",3510,"m"
"8279","J3RPUM",3930,"m"
"8280","J6GS2X",5820,"m"
"8281","QDLBWP",4500,"f"
"8282","36TYFV",4830,"f"
"8283","46GXRG",4890,"m"
"8284","WUCdQ6",4830,"m"
"8285","K7GP2d",5340,"f"
"8286","EcQK3N",5130,"m"
"8287","cMD6FQ",4980,"m"
"8288","EKACME",4740,"m"
"8289","K7GP2d",5340,"f"
"8290","7GKV4Y",5670,"m"
"8291","F7J6RM",4770,"m"
"8292","PU2VcV",4740,"o"
"8293","C5HA27",4740,"f"
"8294","USPAM2",4920,"f"
"8295","USPAM2",4920,"f"
"8296","CYHPFL",4950,"m"
"8297","SHWDdD",5310,"m"
"8298","27NPYH",4890,"f"
"8299","3EXKKV",4950,"m"
"8300","cMD6FQ",4920,"m"
"8301","LRCNHV",5430,"m"
"8302","PF76LW",5100,"m"
"8303","N2ZVC6",5280,"m"
"8304","B7TKT6",5040,"f"
"8305","7GdZTX",5190,"m"
"8306","735EB3",5250,"f"
"8307","RHTVQE",5010,"m"
"8308","VR4LYE",4500,"m"
"8309","543XTU",5280,"m"
"8310","775VNH",4890,"m"
"8311","N54WCV",5760,"f"
"8312","YAEUF5",5670,"m"
"8313","WQU6QW",5190,"f"
"8314","KRLDTE",4410,"m"
"8315","V3dN5D",4890,"m"
"8316","U32dEc",4950,"m"
"8317","JD34YF",4530,"m"
"8318","WYSHT3",4980,"m"
"8319","MNMX4S",5370,"m"
"8320","cX2D7c",4410,"f"
"8321","UYRcFH",4650,"f"
"8322","UKBcFN",4440,"m"
"8323","DEJDGM",4440,"m"
"8324","4URBHK",5070,"f"
"8325","YKUEcM",4170,"f"
"8326","P7Md7Y",4230,"f"
"8327","6VN3FP",4980,"m"
"8328","E5VGcY",4320,"f"
"8329","NcPKdR",4740,"m"
"8330","5C4cLF",4260,"m"
"8331","YKVL6Y",4020,"m"
"8332","LA3QLT",4770,"f"
"8333","3EXKKV",4860,"m"
"8334","4UTJ5C",4650,"f"
"8335","Z46DHN",4140,"m"
"8336","Rc27L6",5250,"f"
"8337","T7C2LP",4950,"f"
"8338","PCWHCD",4080,"m"
"8339","YSMZLG",4530,"m"
"8340","CJ2JZ3",4590,"m"
"8341","VB2XLF",4110,"m"
"8342","BVZU4W",4140,"m"
"8343","LZWTJC",4140,"m"
"8344","NN3UDW",4440,"m"
"8345","7DNGNA",5070,"m"
"8346","MQ5dCM",4260,"f"
"8347","G3BWNN",4440,"m"
"8348","J7d7Ed",4560,"m"
"8349","6LXAJD",4350,"f"
"8350","FEYCW6",4410,"m"
"8351","FEYCW6",4410,"m"
"8352","W3c3ZK",5580,"m"
"8353","BDKZEN",4050,"m"
"8354","ZQ3TTU",4710,"m"
"8355","XYX3RT",4680,"m"
"8356","JKQG2U",4740,"f"
"8357","VX7XXc",5040,"m"
"8358","26TBKA",4080,"m"
"8359","VMHNQA",4350,"f"
"8360","cYHPQ5",4140,"m"
"8361","KLdCX3",4260,"m"
"8362","SL5H56",4260,"f"
"8363","2CKBJK",4050,"m"
"8364","P7Md7Y",4200,"f"
"8365","VJ5H2T",5160,"o"
"8366","B47FdD",3990,"m"
"8367","J6DT2K",4560,"m"
"8368","Vc73T7",4110,"m"
"8369","2D2Pd2",5190,"f"
"8370","AHG2DK",5700,"m"
"8371","ERC7YR",3870,"f"
"8372","QCPV75",4500,"m"
"8373","CTJFJ4",4950,"m"
"8374","FQNNUZ",5130,"f"
"8375","J6GS2X",5640,"m"
"8376","c3dQ5P",3720,"m"
"8377","AVEH25",5070,"f"
"8378","HMdQVZ",3870,"m"
"8379","FBSJTZ",5820,"f"
"8380","DHLRUE",4560,"m"
"8381","CRAcZd",5430,"f"
"8382","TDSRAc",4770,"f"
"8383","RV46G2",4260,"m"
"8384","2UMdLC",4170,"m"
"8385","c53NTX",3870,"m"
"8386","G5dAEK",4230,"m"
"8387","G36QUX",3840,"m"
"8388","Ddd43L",4500,"f"
"8389","2MNUcZ",5460,"f"
"8390","NSYUD6",3930,"f"
"8391","F7J6RM",4620,"m"
"8392","XKdc35",4170,"f"
"8393","2HPcJ3",4980,"m"
"8394","LN6TPF",4350,"f"
"8395","5WcVK4",5160,"f"
"8396","4BAHDN",3780,"m"
"8397","cFCZPK",4950,"m"
"8398","NKAPDd",5520,"m"
"8399","H5HUVK",5250,"f"
"8400","M6LdNB",4620,"m"
"8401","5MGCBZ",4050,"m"
"8402","ECZKcH",3090,"f"
"8403","FXKXTL",4290,"f"
"8404","4HBDTF",3840,"m"
"8405","d2RNVQ",3090,"f"
"8406","AZQZZJ",3480,"f"
"8407","KYNWJ7",3420,"f"
"8408","PWRD2W",3240,"f"
"8409","THHUXY",2790,"f"
"8410","CcXK5V",3630,"f"
"8411","226DPJ",3870,"m"
"8412","CT6TE2",2280,"f"
"8413","dJUH64",2610,"m"
"8414","MM7MHD",2910,"m"
"8415","TRMZMN",2400,"f"
"8416","DUJVEL",3150,"m"
"8417","GE4NBT",5640,"m"
"8418","XdAMGC",2550,"f"
"8419","GLQULU",2640,"f"
"8420","ADcDUM",3330,"m"
"8421","dB3YRD",4290,"f"
"8422","CACCCP",2880,"m"
"8423","BJZGD2",3270,"f"
"8424","SQPHC7",2310,"f"
"8425","Kc6RMY",3330,"m"
"8426","PBLZWN",5190,"f"
"8427","VZ53KA",4110,"f"
"8428","WUBBEK",2640,"m"
"8429","XS57KJ",2190,"m"
"8430","d3R2U4",3060,"f"
"8431","RCAU4S",1980,"f"
"8432","UGcYTS",2970,"f"
"8433","LXRCcF",1980,"f"
"8434","6WDXTc",2160,"m"
"8435","37LAQX",2910,"m"
"8436","YLJTKQ",1950,"f"
"8437","KPRDT6",3480,"m"
"8438","BVA42Y",1950,"f"
"8439","KBQDD5",2700,"m"
"8440","4QcY5E",2070,"f"
"8441","4d2CPG",3000,"m"
"8442","SDF2YR",2490,"m"
"8443","7YdT45",2550,"f"
"8444","ZALG7S",3570,"f"
"8445","FJZ4BR",4530,"m"
"8446","BZVQUN",3840,"f"
"8447","BNXB5D",2640,"f"
"8448","NDM42C",2220,"f"
"8449","YM2G5C",1380,"f"
"8450","747d4U",2040,"f"
"8451","VEYGC2",3840,"m"
"8452","6RDT55",4920,"f"
"8453","c6dNFC",1500,"f"
"8454","FW72XL",3150,"f"
"8455","DY7SUJ",3870,"f"
"8456","VdM6UX",2880,"m"
"8457","4XE3KX",3600,"f"
"8458","QdRUdL",4170,"m"
"8459","VGGS3V",3480,"m"
"8460","3STC7T",1500,"f"
"8461","7W2BAS",3000,"f"
"8462","CPcQFY",4470,"f"
"8463","K6FCZV",3540,"m"
"8464","QMLL2R",1530,"m"
"8465","3ADQJK",1170,"m"
"8466","YPMRcS",1710,"f"
"8467","K7YdLP",5640,"f"
"8468","DBFU24",4290,"f"
"8469","KE6McV",4020,"f"
"8470","Y5C3MY",2880,"m"
"8471","VdA4LW",1290,"f"
"8472","SCHcHE",3450,"m"
"8473","GFRFTR",1920,"f"
"8474","AF6JVZ",2490,"m"
"8475","dADL67",1890,"f"
"8476","4NJCTY",1590,"m"
"8477","7JUJPC",2790,"m"
"8478","Y2M3FQ",4230,"f"
"8479","WDY6c7",2550,"f"
"8480","C5HA27",4620,"f"
"8481","PU2VcV",4620,"o"
"8482","YFE323",2040,"m"
"8483","GXJBPE",1170,"m"
"8484","VRRTXM",3540,"f"
"8485","65LC6N",1200,"m"
"8486","EHPQXP",2670,"f"
"8487","KN4QXT",1890,"m"
"8488","5Q24K5",1290,"f"
"8489","AEVA5R",2610,"f"
"8490","PZ5DPJ",1170,"f"
"8491","RL56d4",3060,"m"
"8492","VRHSL4",3450,"f"
"8493","SEAHSd",2100,"m"
"8494","NSQ3X6",3420,"f"
"8495","4VHdUK",5040,"m"
"8496","AS4P67",2040,"f"
"8497","Xd7JWC",2010,"m"
"8498","PcR4BM",1980,"m"
"8499","UPTL7Y",3720,"m"
"8500","DHZ3NG",3600,"f"
"8501","YLAdC4",1830,"f"
"8502","PRPWZF",2220,"f"
"8503","NMW7J7",1500,"f"
"8504","MBCA5E",2730,"f"
"8505","NPVQNQ",1740,"m"
"8506","NEQP2Q",1860,"f"
"8507","44WWDL",1890,"f"
"8508","dMcX57",1650,"m"
"8509","P2JCDF",1740,"m"
"8510","XEKPSB",1980,"f"
"8511","dJPCR7",2610,"m"
"8512","QVDCEG",2760,"f"
"8513","TJAT32",1260,"m"
"8514","V5REVB",1500,"m"
"8515","S7FVQH",2070,"m"
"8516","347dJH",1800,"f"
"8517","SCMMCA",3150,"f"
"8518","J33Q67",1440,"m"
"8519","PK2YGJ",4200,"m"
"8520","3G522Y",2460,"f"
"8521","W575AK",2790,"f"
"8522","WQGT5Y",1200,"m"
"8523","d6RFVM",4110,"m"
"8524","GYU46J",4140,"f"
"8525","2cLdd2",2970,"f"
"8526","6FL4TM",2550,"f"
"8527","QVSRQC",1980,"f"
"8528","DKUY4F",1290,"f"
"8529","XAVQXc",2100,"f"
"8530","UZG2dX",2940,"m"
"8531","KHRJM7",3810,"m"
"8532","UAPd65",3060,"m"
"8533","3XcSJ2",3810,"f"
"8534","dR3ZQW",3240,"m"
"8535","LUQK5d",1350,"f"
"8536","KE3Z6Z",3810,"f"
"8537","FVTKHG",2790,"f"
"8538","5HHGcY",2640,"m"
"8539","Fc7UHG",3270,"m"
"8540","Q4EEd6",2460,"f"
"8541","Ddd42B",4590,"m"
"8542","cFJCJK",2490,"f"
"8543","RL5F7C",1590,"m"
"8544","QARBCD",3690,"m"
"8545","c2DEY3",1200,"m"
"8546","LKJRX3",2970,"f"
"8547","7R4XY2",1350,"f"
"8548","MR5MAH",2700,"f"
"8549","Z6JWFD",3000,"m"
"8550","FG5XVM",2550,"m"
"8551","BLMEUH",1560,"f"
"8552","XC7SMU",4050,"m"
"8553","MBSYFS",1740,"m"
"8554","2N2GAd",3060,"f"
"8555","YPNJKP",1740,"f"
"8556","BdHTN4",3420,"m"
"8557","4JccdB",2820,"m"
"8558","XQS345",1140,"f"
"8559","EG4DM2",1680,"m"
"8560","ZPAG2A",2400,"f"
"8561","NBXP7N",3390,"m"
"8562","cE3WXc",1530,"m"
"8563","KRLDTE",4320,"m"
"8564","NY2cZA",3510,"f"
"8565","CUCSW3",2880,"m"
"8566","NZKdcH",1530,"f"
"8567","5Hd5XN",3720,"m"
"8568","JFd4LQ",3120,"f"
"8569","V6JVMB",2700,"m"
"8570","WGSZS6",1920,"m"
"8571","UQYP3K",2160,"f"
"8572","P3MYF5",3300,"f"
"8573","dcddCF",1770,"f"
"8574","CAECUF",3870,"f"
"8575","NZcKZR",2490,"m"
"8576","3MGZ2D",1620,"f"
"8577","Y324M2",4710,"m"
"8578","RKKSJM",3030,"f"
"8579","4ABCC4",1320,"f"
"8580","K73D3S",1860,"f"
"8581","5d3X5S",1620,"f"
"8582","WDETH6",2670,"m"
"8583","dZUWST",2340,"f"
"8584","cYGACQ",1890,"f"
"8585","dXAQG4",2760,"m"
"8586","5WHcX5",3750,"m"
"8587","K7R7CV",2550,"f"
"8588","FG2KCN",1440,"f"
"8589","YHGER6",3660,"f"
"8590","XUUFNU",2460,"f"
"8591","WPK4FZ",2760,"m"
"8592","Q4cDH5",2310,"f"
"8593","CXMSKS",2730,"f"
"8594","EZ6FZQ",1650,"m"
"8595","LCDQES",1530,"f"
"8596","LKKFPd",2400,"f"
"8597","Y4MHXV",2160,"m"
"8598","2ZPdLJ",1500,"f"
"8599","RC5T3R",3480,"f"
"8600","6c4MZT",2850,"f"
"8601","2ZBH3d",4020,"f"
"8602","d44R4W",4110,"f"
"8603","ZEYSWL",1560,"f"
"8604","33NPWV",1380,"m"
"8605","YMH4W3",1650,"f"
"8606","PXBcNU",1500,"m"
"8607","C2J3Kd",1350,"f"
"8608","7UQ674",1200,"f"
"8609","dJZ5QE",2850,"f"
"8610","H3HBTJ",1380,"f"
"8611","AEL3EQ",1200,"m"
"8612","3BMEHF",2130,"m"
"8613","HBWDcR",3210,"m"
"8614","ARMW2Y",3900,"m"
"8615","KMUTBA",2790,"f"
"8616","SCHcHE",3420,"m"
"8617","PXXPWV",2010,"m"
"8618","GCCDGU",1200,"f"
"8619","7EBDYc",3270,"f"
"8620","4P2QUV",1860,"m"
"8621","Z6D7dB",2220,"f"
"8622","75ZW26",1620,"m"
"8623","BC76CA",3780,"m"
"8624","WMJVGR",3000,"m"
"8625","dVMXCc",1770,"f"
"8626","d5Ud2c",1920,"f"
"8627","4VCRcA",2520,"f"
"8628","CQKHMP",4980,"f"
"8629","QRZ4QE",1530,"f"
"8630","EFYJWW",2010,"f"
"8631","LRAUYL",2010,"f"
"8632","AWZXWB",1290,"f"
"8633","R27BW6",5130,"m"
"8634","PHK3XR",2610,"f"
"8635","N4N6Q2",1890,"m"
"8636","YFLMKE",2490,"m"
"8637","5c5BKL",2400,"m"
"8638","VDGZL2",1680,"m"
"8639","cMD6FQ",5220,"m"
"8640","GXGSFD",5640,"f"
"8641","SJQQ2J",5130,"f"
"8642","5WN27N",5250,"f"
"8643","P3EcYE",5130,"f"
"8644","AVEH25",5460,"f"
"8645","MLH6HJ",5610,"f"
"8646","42LZDc",5280,"f"
"8647","FFZF7X",5160,"f"
"8648","LRCNHV",5700,"m"
"8649","F5REDH",5520,"m"
"8650","7GdZTX",5460,"m"
"8651","D7cM6P",5790,"f"
"8652","JE64ZK",5460,"m"
"8653","2dBUQX",5310,"f"
"8654","Yd7WPT",5250,"f"
"8655","735EB3",5460,"f"
"8656","cG6dWL",5430,"m"
"8657","ENUBED",5130,"m"
"8658","J4S4Nd",5310,"f"
"8659","RQXQ37",5610,"f"
"8660","TDYH5c",5250,"f"
"8661","H5HUVK",5520,"f"
"8662","A3HVZU",5490,"m"
"8663","Q5ZTWH",5130,"m"
"8664","CPLE3C",5220,"m"
"8665","VdRXdD",1350,"f"
"8666","DGH6Ld",1440,"f"
"8667","KTLJTX",1140,"f"
"8668","5A2Y2B",1170,"f"
"8669","GRLVFF",1230,"m"
"8670","4Lc7HB",1110,"m"
"8671","5TDN53",1350,"f"
"8672","F5QMEJ",1320,"m"
"8673","KU6RG5",2460,"m"
"8674","B5SScH",2520,"f"
"8675","XFMJ2D",2400,"m"
"8676","XNAGCD",2310,"f"
"8677","CTDG73",2490,"m"
"8678","GQYEcF",2340,"f"
"8679","DTXJAD",2400,"m"
"8680","5EPF77",2400,"f"
"8681","RBWAXG",2370,"f"
"8682","NA75A3",1320,"f"
"8683","ZFASAN",1260,"m"
"8684","UPcFPQ",1170,"f"
"8685","3BJL75",1320,"m"
"8686","L6BNGd",1440,"m"
"8687","4dR3DM",1530,"f"
"8688","FG3c3c",1590,"m"
"8689","3NRZDA",1110,"f"
"8690","cKNVRc",1770,"f"
"8691","KTLJTX",1140,"f"
"8692","QZ77BB",1500,"m"
"8693","DEH3SW",1230,"f"
"8694","CFZAdK",1230,"m"
"8695","223QZT",1590,"f"
"8696","C2PTE3",1380,"f"
"8697","RTVEE7",1560,"m"
"8698","XUYCHN",1170,"f"
"8699","CFGJVV",1140,"f"
"8700","6RYcKQ",1260,"f"
"8701","NX5FLF",1110,"f"
"8702","ZP3B3N",1110,"f"
"8703","RJ5WYZ",1290,"f"
"8704","A5ZcC2",1140,"m"
"8705","LFC354",1110,"f"
"8706","FdK67M",1200,"f"
"8707","K6SSNX",1110,"f"
"8708","QEQAZZ",1440,"f"
"8709","E5EL7R",5520,"f"
"8710","AVEH25",5280,"f"
"8711","5CETCY",5520,"m"
"8712","KdTKRC",5730,"m"
"8713","XQc656",2490,"m"
"8714","3QARD5",2250,"m"
"8715","BAA7SE",2310,"f"
"8716","DRTVFR",2190,"f"
"8717","X3U2KL",3300,"m"
"8718","ZdWJU6",1200,"f"
"8719","DZEEEQ",1140,"m"
"8720","cLWD7X",1260,"m"
"8721","VVcSLZ",1170,"m"
"8722","YQXHAZ",1260,"m"
"8723","A5ZcC2",1110,"m"
"8724","4SGNPS",3780,"m"
"8725","77P6BR",3300,"f"
"8726","DJKFNX",3600,"m"
"8727","EM566H",3480,"m"
"8728","VHTSRV",3390,"m"
"8729","UFEZMT",3870,"f"
"8730","UNVGH4",3390,"f"
"8731","G64NX2",3300,"f"
"8732","UEXRGR",3300,"m"
"8733","2RT5YX",3750,"f"
"8734","5Hd5XN",3930,"m"
"8735","M2VDRX",3390,"f"
"8736","ALGACP",3630,"m"
"8737","6VQ5NV",3330,"f"
"8738","QE3QBc",3270,"m"
"8739","RF7BV6",3030,"f"
"8740","ZADALH",3630,"f"
"8741","UDVQ7Y",3330,"m"
"8742","ZU2PLS",3270,"f"
"8743","H7RFHM",3030,"f"
"8744","3NJBME",3360,"m"
"8745","2cLdd2",3180,"f"
"8746","U2YQXC",3870,"m"
"8747","U2YQXC",3870,"m"
"8748","VAKJdV",2940,"m"
"8749","WDNHcd",3990,"f"
"8750","cZVLcN",2970,"m"
"8751","LdNK4E",3090,"m"
"8752","5CZXYC",3240,"m"
"8753","MATGdB",3150,"f"
"8754","NBR2LE",3660,"m"
"8755","MM7MHD",3090,"m"
"8756","XQJNFQ",3510,"m"
"8757","J3RPUM",3930,"m"
"8758","J6GS2X",5820,"m"
"8759","QDLBWP",4500,"f"
"8760","36TYFV",4830,"f"
"8761","46GXRG",4890,"m"
"8762","WUCdQ6",4830,"m"
"8763","K7GP2d",5340,"f"
"8764","EcQK3N",5130,"m"
"8765","cMD6FQ",4980,"m"
"8766","EKACME",4740,"m"
"8767","K7GP2d",5340,"f"
"8768","7GKV4Y",5670,"m"
"8769","F7J6RM",4770,"m"
"8770","PU2VcV",4740,"o"
"8771","C5HA27",4740,"f"
"8772","USPAM2",4920,"f"
"8773","USPAM2",4920,"f"
"8774","CYHPFL",4950,"m"
"8775","SHWDdD",5310,"m"
"8776","27NPYH",4890,"f"
"8777","3EXKKV",4950,"m"
"8778","cMD6FQ",4920,"m"
"8779","LRCNHV",5430,"m"
"8780","PF76LW",5100,"m"
"8781","N2ZVC6",5280,"m"
"8782","B7TKT6",5040,"f"
"8783","7GdZTX",5190,"m"
"8784","735EB3",5250,"f"
"8785","RHTVQE",5010,"m"
"8786","VR4LYE",4500,"m"
"8787","543XTU",5280,"m"
"8788","775VNH",4890,"m"
"8789","N54WCV",5760,"f"
"8790","YAEUF5",5670,"m"
"8791","WQU6QW",5190,"f"
"8792","KRLDTE",4410,"m"
"8793","V3dN5D",4890,"m"
"8794","U32dEc",4950,"m"
"8795","JD34YF",4530,"m"
"8796","WYSHT3",4980,"m"
"8797","MNMX4S",5370,"m"
"8798","cX2D7c",4410,"f"
"8799","UYRcFH",4650,"f"
"8800","UKBcFN",4440,"m"
"8801","DEJDGM",4440,"m"
"8802","4URBHK",5070,"f"
"8803","YKUEcM",4170,"f"
"8804","P7Md7Y",4230,"f"
"8805","6VN3FP",4980,"m"
"8806","E5VGcY",4320,"f"
"8807","NcPKdR",4740,"m"
"8808","5C4cLF",4260,"m"
"8809","YKVL6Y",4020,"m"
"8810","LA3QLT",4770,"f"
"8811","3EXKKV",4860,"m"
"8812","4UTJ5C",4650,"f"
"8813","Z46DHN",4140,"m"
"8814","Rc27L6",5250,"f"
"8815","T7C2LP",4950,"f"
"8816","PCWHCD",4080,"m"
"8817","YSMZLG",4530,"m"
"8818","CJ2JZ3",4590,"m"
"8819","VB2XLF",4110,"m"
"8820","BVZU4W",4140,"m"
"8821","LZWTJC",4140,"m"
"8822","NN3UDW",4440,"m"
"8823","7DNGNA",5070,"m"
"8824","MQ5dCM",4260,"f"
"8825","G3BWNN",4440,"m"
"8826","J7d7Ed",4560,"m"
"8827","6LXAJD",4350,"f"
"8828","FEYCW6",4410,"m"
"8829","W3c3ZK",5580,"m"
"8830","BDKZEN",4050,"m"
"8831","ZQ3TTU",4710,"m"
"8832","XYX3RT",4680,"m"
"8833","JKQG2U",4740,"f"
"8834","VX7XXc",5040,"m"
"8835","26TBKA",4080,"m"
"8836","VMHNQA",4350,"f"
"8837","cYHPQ5",4140,"m"
"8838","KLdCX3",4260,"m"
"8839","SL5H56",4260,"f"
"8840","2CKBJK",4050,"m"
"8841","P7Md7Y",4200,"f"
"8842","VJ5H2T",5160,"o"
"8843","B47FdD",3990,"m"
"8844","J6DT2K",4560,"m"
"8845","Vc73T7",4110,"m"
"8846","2D2Pd2",5190,"f"
"8847","AHG2DK",5700,"m"
"8848","ERC7YR",3870,"f"
"8849","QCPV75",4500,"m"
"8850","CTJFJ4",4950,"m"
"8851","FQNNUZ",5130,"f"
"8852","J6GS2X",5640,"m"
"8853","c3dQ5P",3720,"m"
"8854","AVEH25",5070,"f"
"8855","HMdQVZ",3870,"m"
"8856","FBSJTZ",5820,"f"
"8857","DHLRUE",4560,"m"
"8858","CRAcZd",5430,"f"
"8859","TDSRAc",4770,"f"
"8860","RV46G2",4260,"m"
"8861","2UMdLC",4170,"m"
"8862","c53NTX",3870,"m"
"8863","G5dAEK",4230,"m"
"8864","G36QUX",3840,"m"
"8865","Ddd43L",4500,"f"
"8866","2MNUcZ",5460,"f"
"8867","NSYUD6",3930,"f"
"8868","F7J6RM",4620,"m"
"8869","XKdc35",4170,"f"
"8870","2HPcJ3",4980,"m"
"8871","LN6TPF",4350,"f"
"8872","5WcVK4",5160,"f"
"8873","4BAHDN",3780,"m"
"8874","cFCZPK",4950,"m"
"8875","NKAPDd",5520,"m"
"8876","H5HUVK",5250,"f"
"8877","M6LdNB",4620,"m"
"8878","5MGCBZ",4050,"m"
"8879","ECZKcH",3090,"f"
"8880","FXKXTL",4290,"f"
"8881","4HBDTF",3840,"m"
"8882","d2RNVQ",3090,"f"
"8883","AZQZZJ",3480,"f"
"8884","KYNWJ7",3420,"f"
"8885","PWRD2W",3240,"f"
"8886","THHUXY",2790,"f"
"8887","CcXK5V",3630,"f"
"8888","226DPJ",3870,"m"
"8889","CT6TE2",2280,"f"
"8890","dJUH64",2610,"m"
"8891","MM7MHD",2910,"m"
"8892","TRMZMN",2400,"f"
"8893","DUJVEL",3150,"m"
"8894","GE4NBT",5640,"m"
"8895","XdAMGC",2550,"f"
"8896","GLQULU",2640,"f"
"8897","ADcDUM",3330,"m"
"8898","dB3YRD",4290,"f"
"8899","CACCCP",2880,"m"
"8900","BJZGD2",3270,"f"
"8901","SQPHC7",2310,"f"
"8902","SQPHC7",2310,"f"
"8903","Kc6RMY",3330,"m"
"8904","PBLZWN",5190,"f"
"8905","VZ53KA",4110,"f"
"8906","WUBBEK",2640,"m"
"8907","XS57KJ",2190,"m"
"8908","d3R2U4",3060,"f"
"8909","RCAU4S",1980,"f"
"8910","UGcYTS",2970,"f"
"8911","LXRCcF",1980,"f"
"8912","6WDXTc",2160,"m"
"8913","37LAQX",2910,"m"
"8914","YLJTKQ",1950,"f"
"8915","KPRDT6",3480,"m"
"8916","BVA42Y",1950,"f"
"8917","KBQDD5",2700,"m"
"8918","4QcY5E",2070,"f"
"8919","4d2CPG",3000,"m"
"8920","SDF2YR",2490,"m"
"8921","7YdT45",2550,"f"
"8922","ZALG7S",3570,"f"
"8923","FJZ4BR",4530,"m"
"8924","BZVQUN",3840,"f"
"8925","BNXB5D",2640,"f"
"8926","NDM42C",2220,"f"
"8927","YM2G5C",1380,"f"
"8928","747d4U",2040,"f"
"8929","VEYGC2",3840,"m"
"8930","6RDT55",4920,"f"
"8931","c6dNFC",1500,"f"
"8932","FW72XL",3150,"f"
"8933","DY7SUJ",3870,"f"
"8934","VdM6UX",2880,"m"
"8935","4XE3KX",3600,"f"
"8936","QdRUdL",4170,"m"
"8937","VGGS3V",3480,"m"
"8938","3STC7T",1500,"f"
"8939","7W2BAS",3000,"f"
"8940","CPcQFY",4470,"f"
"8941","K6FCZV",3540,"m"
"8942","QMLL2R",1530,"m"
"8943","3ADQJK",1170,"m"
"8944","YPMRcS",1710,"f"
"8945","K7YdLP",5640,"f"
"8946","DBFU24",4290,"f"
"8947","KE6McV",4020,"f"
"8948","Y5C3MY",2880,"m"
"8949","VdA4LW",1290,"f"
"8950","SCHcHE",3450,"m"
"8951","GFRFTR",1920,"f"
"8952","AF6JVZ",2490,"m"
"8953","dADL67",1890,"f"
"8954","4NJCTY",1590,"m"
"8955","7JUJPC",2790,"m"
"8956","Y2M3FQ",4230,"f"
"8957","WDY6c7",2550,"f"
"8958","C5HA27",4620,"f"
"8959","PU2VcV",4620,"o"
"8960","YFE323",2040,"m"
"8961","GXJBPE",1170,"m"
"8962","VRRTXM",3540,"f"
"8963","65LC6N",1200,"m"
"8964","EHPQXP",2670,"f"
"8965","KN4QXT",1890,"m"
"8966","5Q24K5",1290,"f"
"8967","AEVA5R",2610,"f"
"8968","PZ5DPJ",1170,"f"
"8969","RL56d4",3060,"m"
"8970","VRHSL4",3450,"f"
"8971","SEAHSd",2100,"m"
"8972","NSQ3X6",3420,"f"
"8973","4VHdUK",5040,"m"
"8974","AS4P67",2040,"f"
"8975","Xd7JWC",2010,"m"
"8976","PcR4BM",1980,"m"
"8977","UPTL7Y",3720,"m"
"8978","DHZ3NG",3600,"f"
"8979","YLAdC4",1830,"f"
"8980","PRPWZF",2220,"f"
"8981","NMW7J7",1500,"f"
"8982","MBCA5E",2730,"f"
"8983","NPVQNQ",1740,"m"
"8984","NEQP2Q",1860,"f"
"8985","44WWDL",1890,"f"
"8986","dMcX57",1650,"m"
"8987","P2JCDF",1740,"m"
"8988","XEKPSB",1980,"f"
"8989","dJPCR7",2610,"m"
"8990","QVDCEG",2760,"f"
"8991","TJAT32",1260,"m"
"8992","V5REVB",1500,"m"
"8993","S7FVQH",2070,"m"
"8994","347dJH",1800,"f"
"8995","SCMMCA",3150,"f"
"8996","J33Q67",1440,"m"
"8997","PK2YGJ",4200,"m"
"8998","3G522Y",2460,"f"
"8999","W575AK",2790,"f"
"9000","WQGT5Y",1200,"m"
"9001","d6RFVM",4110,"m"
"9002","GYU46J",4140,"f"
"9003","2cLdd2",2970,"f"
"9004","6FL4TM",2550,"f"
"9005","QVSRQC",1980,"f"
"9006","DKUY4F",1290,"f"
"9007","XAVQXc",2100,"f"
"9008","UZG2dX",2940,"m"
"9009","KHRJM7",3810,"m"
"9010","UAPd65",3060,"m"
"9011","3XcSJ2",3810,"f"
"9012","dR3ZQW",3240,"m"
"9013","LUQK5d",1350,"f"
"9014","KE3Z6Z",3810,"f"
"9015","FVTKHG",2790,"f"
"9016","5HHGcY",2640,"m"
"9017","Fc7UHG",3270,"m"
"9018","Q4EEd6",2460,"f"
"9019","Ddd42B",4590,"m"
"9020","cFJCJK",2490,"f"
"9021","RL5F7C",1590,"m"
"9022","QARBCD",3690,"m"
"9023","c2DEY3",1200,"m"
"9024","LKJRX3",2970,"f"
"9025","7R4XY2",1350,"f"
"9026","MR5MAH",2700,"f"
"9027","Z6JWFD",3000,"m"
"9028","FG5XVM",2550,"m"
"9029","BLMEUH",1560,"f"
"9030","XC7SMU",4050,"m"
"9031","MBSYFS",1740,"m"
"9032","2N2GAd",3060,"f"
"9033","YPNJKP",1740,"f"
"9034","BdHTN4",3420,"m"
"9035","4JccdB",2820,"m"
"9036","XQS345",1140,"f"
"9037","EG4DM2",1680,"m"
"9038","ZPAG2A",2400,"f"
"9039","NBXP7N",3390,"m"
"9040","cE3WXc",1530,"m"
"9041","KRLDTE",4320,"m"
"9042","NY2cZA",3510,"f"
"9043","CUCSW3",2880,"m"
"9044","NZKdcH",1530,"f"
"9045","5Hd5XN",3720,"m"
"9046","JFd4LQ",3120,"f"
"9047","V6JVMB",2700,"m"
"9048","WGSZS6",1920,"m"
"9049","UQYP3K",2160,"f"
"9050","P3MYF5",3300,"f"
"9051","dcddCF",1770,"f"
"9052","CAECUF",3870,"f"
"9053","NZcKZR",2490,"m"
"9054","3MGZ2D",1620,"f"
"9055","Y324M2",4710,"m"
"9056","RKKSJM",3030,"f"
"9057","4ABCC4",1320,"f"
"9058","K73D3S",1860,"f"
"9059","5d3X5S",1620,"f"
"9060","WDETH6",2670,"m"
"9061","dZUWST",2340,"f"
"9062","cYGACQ",1890,"f"
"9063","dXAQG4",2760,"m"
"9064","5WHcX5",3750,"m"
"9065","K7R7CV",2550,"f"
"9066","FG2KCN",1440,"f"
"9067","YHGER6",3660,"f"
"9068","XUUFNU",2460,"f"
"9069","WPK4FZ",2760,"m"
"9070","Q4cDH5",2310,"f"
"9071","CXMSKS",2730,"f"
"9072","EZ6FZQ",1650,"m"
"9073","LCDQES",1530,"f"
"9074","LKKFPd",2400,"f"
"9075","Y4MHXV",2160,"m"
"9076","2ZPdLJ",1500,"f"
"9077","RC5T3R",3480,"f"
"9078","6c4MZT",2850,"f"
"9079","2ZBH3d",4020,"f"
"9080","d44R4W",4110,"f"
"9081","ZEYSWL",1560,"f"
"9082","33NPWV",1380,"m"
"9083","YMH4W3",1650,"f"
"9084","PXBcNU",1500,"m"
"9085","C2J3Kd",1350,"f"
"9086","7UQ674",1200,"f"
"9087","dJZ5QE",2850,"f"
"9088","H3HBTJ",1380,"f"
"9089","AEL3EQ",1200,"m"
"9090","3BMEHF",2130,"m"
"9091","HBWDcR",3210,"m"
"9092","ARMW2Y",3900,"m"
"9093","KMUTBA",2790,"f"
"9094","SCHcHE",3420,"m"
"9095","PXXPWV",2010,"m"
"9096","GCCDGU",1200,"f"
"9097","7EBDYc",3270,"f"
"9098","4P2QUV",1860,"m"
"9099","Z6D7dB",2220,"f"
"9100","75ZW26",1620,"m"
"9101","BC76CA",3780,"m"
"9102","WMJVGR",3000,"m"
"9103","dVMXCc",1770,"f"
"9104","d5Ud2c",1920,"f"
"9105","4VCRcA",2520,"f"
"9106","CQKHMP",4980,"f"
"9107","QRZ4QE",1530,"f"
"9108","EFYJWW",2010,"f"
"9109","LRAUYL",2010,"f"
"9110","AWZXWB",1290,"f"
"9111","R27BW6",5130,"m"
"9112","PHK3XR",2610,"f"
"9113","N4N6Q2",1890,"m"
"9114","YFLMKE",2490,"m"
"9115","5c5BKL",2400,"m"
"9116","VDGZL2",1680,"m"
"9117","cMD6FQ",5220,"m"
"9118","GXGSFD",5640,"f"
"9119","SJQQ2J",5130,"f"
"9120","5WN27N",5250,"f"
"9121","P3EcYE",5130,"f"
"9122","AVEH25",5460,"f"
"9123","MLH6HJ",5610,"f"
"9124","42LZDc",5280,"f"
"9125","FFZF7X",5160,"f"
"9126","LRCNHV",5700,"m"
"9127","F5REDH",5520,"m"
"9128","7GdZTX",5460,"m"
"9129","D7cM6P",5790,"f"
"9130","JE64ZK",5460,"m"
"9131","2dBUQX",5310,"f"
"9132","Yd7WPT",5250,"f"
"9133","735EB3",5460,"f"
"9134","cG6dWL",5430,"m"
"9135","ENUBED",5130,"m"
"9136","J4S4Nd",5310,"f"
"9137","RQXQ37",5610,"f"
"9138","TDYH5c",5250,"f"
"9139","H5HUVK",5520,"f"
"9140","A3HVZU",5490,"m"
"9141","Q5ZTWH",5130,"m"
"9142","CPLE3C",5220,"m"
"9143","VdRXdD",1350,"f"
"9144","DGH6Ld",1440,"f"
"9145","5A2Y2B",1170,"f"
"9146","GRLVFF",1230,"m"
"9147","4Lc7HB",1110,"m"
"9148","5TDN53",1350,"f"
"9149","F5QMEJ",1320,"m"
"9150","KU6RG5",2460,"m"
"9151","B5SScH",2520,"f"
"9152","XFMJ2D",2400,"m"
"9153","XNAGCD",2310,"f"
"9154","CTDG73",2490,"m"
"9155","GQYEcF",2340,"f"
"9156","DTXJAD",2400,"m"
"9157","5EPF77",2400,"f"
"9158","RBWAXG",2370,"f"
"9159","NA75A3",1320,"f"
"9160","ZFASAN",1260,"m"
"9161","UPcFPQ",1170,"f"
"9162","3BJL75",1320,"m"
"9163","L6BNGd",1440,"m"
"9164","4dR3DM",1530,"f"
"9165","FG3c3c",1590,"m"
"9166","3NRZDA",1110,"f"
"9167","cKNVRc",1770,"f"
"9168","KTLJTX",1140,"f"
"9169","QZ77BB",1500,"m"
"9170","DEH3SW",1230,"f"
"9171","CFZAdK",1230,"m"
"9172","223QZT",1590,"f"
"9173","C2PTE3",1380,"f"
"9174","RTVEE7",1560,"m"
"9175","XUYCHN",1170,"f"
"9176","CFGJVV",1140,"f"
"9177","6RYcKQ",1260,"f"
"9178","NX5FLF",1110,"f"
"9179","ZP3B3N",1110,"f"
"9180","RJ5WYZ",1290,"f"
"9181","A5ZcC2",1140,"m"
"9182","LFC354",1110,"f"
"9183","FdK67M",1200,"f"
"9184","K6SSNX",1110,"f"
"9185","QEQAZZ",1440,"f"
"9186","E5EL7R",5520,"f"
"9187","AVEH25",5280,"f"
"9188","5CETCY",5520,"m"
"9189","KdTKRC",5730,"m"
"9190","XQc656",2490,"m"
"9191","3QARD5",2250,"m"
"9192","BAA7SE",2310,"f"
"9193","DRTVFR",2190,"f"
"9194","X3U2KL",3300,"m"
"9195","ZdWJU6",1200,"f"
"9196","DZEEEQ",1140,"m"
"9197","cLWD7X",1260,"m"
"9198","VVcSLZ",1170,"m"
"9199","YQXHAZ",1260,"m"
"9200","A5ZcC2",1110,"m"
"9201","4SGNPS",3780,"m"
"9202","77P6BR",3300,"f"
"9203","DJKFNX",3600,"m"
"9204","EM566H",3480,"m"
"9205","VHTSRV",3390,"m"
"9206","UFEZMT",3870,"f"
"9207","UNVGH4",3390,"f"
"9208","G64NX2",3300,"f"
"9209","UEXRGR",3300,"m"
"9210","2RT5YX",3750,"f"
"9211","5Hd5XN",3930,"m"
"9212","M2VDRX",3390,"f"
"9213","ALGACP",3630,"m"
"9214","6VQ5NV",3330,"f"
"9215","QE3QBc",3270,"m"
"9216","RF7BV6",3030,"f"
"9217","ZADALH",3630,"f"
"9218","UDVQ7Y",3330,"m"
"9219","ZU2PLS",3270,"f"
"9220","H7RFHM",3030,"f"
"9221","3NJBME",3360,"m"
"9222","2cLdd2",3180,"f"
"9223","U2YQXC",3870,"m"
"9224","U2YQXC",3870,"m"
"9225","VAKJdV",2940,"m"
"9226","WDNHcd",3990,"f"
"9227","cZVLcN",2970,"m"
"9228","LdNK4E",3090,"m"
"9229","5CZXYC",3240,"m"
"9230","MATGdB",3150,"f"
"9231","NBR2LE",3660,"m"
"9232","MM7MHD",3090,"m"
"9233","XQJNFQ",3510,"m"
"9234","J3RPUM",3930,"m"
"9235","J6GS2X",5820,"m"
"9236","QDLBWP",4500,"f"
"9237","36TYFV",4830,"f"
"9238","46GXRG",4890,"m"
"9239","WUCdQ6",4830,"m"
"9240","K7GP2d",5340,"f"
"9241","EcQK3N",5130,"m"
"9242","cMD6FQ",4980,"m"
"9243","EKACME",4740,"m"
"9244","K7GP2d",5340,"f"
"9245","7GKV4Y",5670,"m"
"9246","F7J6RM",4770,"m"
"9247","PU2VcV",4740,"o"
"9248","C5HA27",4740,"f"
"9249","USPAM2",4920,"f"
"9250","USPAM2",4920,"f"
"9251","CYHPFL",4950,"m"
"9252","SHWDdD",5310,"m"
"9253","27NPYH",4890,"f"
"9254","3EXKKV",4950,"m"
"9255","cMD6FQ",4920,"m"
"9256","LRCNHV",5430,"m"
"9257","PF76LW",5100,"m"
"9258","N2ZVC6",5280,"m"
"9259","B7TKT6",5040,"f"
"9260","7GdZTX",5190,"m"
"9261","735EB3",5250,"f"
"9262","RHTVQE",5010,"m"
"9263","VR4LYE",4500,"m"
"9264","543XTU",5280,"m"
"9265","775VNH",4890,"m"
"9266","N54WCV",5760,"f"
"9267","YAEUF5",5670,"m"
"9268","WQU6QW",5190,"f"
"9269","KRLDTE",4410,"m"
"9270","V3dN5D",4890,"m"
"9271","U32dEc",4950,"m"
"9272","JD34YF",4530,"m"
"9273","WYSHT3",4980,"m"
"9274","MNMX4S",5370,"m"
"9275","cX2D7c",4410,"f"
"9276","UYRcFH",4650,"f"
"9277","UKBcFN",4440,"m"
"9278","DEJDGM",4440,"m"
"9279","4URBHK",5070,"f"
"9280","YKUEcM",4170,"f"
"9281","P7Md7Y",4230,"f"
"9282","6VN3FP",4980,"m"
"9283","E5VGcY",4320,"f"
"9284","NcPKdR",4740,"m"
"9285","5C4cLF",4260,"m"
"9286","YKVL6Y",4020,"m"
"9287","LA3QLT",4770,"f"
"9288","3EXKKV",4860,"m"
"9289","4UTJ5C",4650,"f"
"9290","Z46DHN",4140,"m"
"9291","Rc27L6",5250,"f"
"9292","T7C2LP",4950,"f"
"9293","PCWHCD",4080,"m"
"9294","YSMZLG",4530,"m"
"9295","CJ2JZ3",4590,"m"
"9296","VB2XLF",4110,"m"
"9297","BVZU4W",4140,"m"
"9298","LZWTJC",4140,"m"
"9299","NN3UDW",4440,"m"
"9300","7DNGNA",5070,"m"
"9301","MQ5dCM",4260,"f"
"9302","G3BWNN",4440,"m"
"9303","J7d7Ed",4560,"m"
"9304","6LXAJD",4350,"f"
"9305","FEYCW6",4410,"m"
"9306","W3c3ZK",5580,"m"
"9307","BDKZEN",4050,"m"
"9308","ZQ3TTU",4710,"m"
"9309","XYX3RT",4680,"m"
"9310","JKQG2U",4740,"f"
"9311","VX7XXc",5040,"m"
"9312","26TBKA",4080,"m"
"9313","VMHNQA",4350,"f"
"9314","cYHPQ5",4140,"m"
"9315","KLdCX3",4260,"m"
"9316","SL5H56",4260,"f"
"9317","2CKBJK",4050,"m"
"9318","P7Md7Y",4200,"f"
"9319","VJ5H2T",5160,"o"
"9320","B47FdD",3990,"m"
"9321","J6DT2K",4560,"m"
"9322","Vc73T7",4110,"m"
"9323","2D2Pd2",5190,"f"
"9324","AHG2DK",5700,"m"
"9325","ERC7YR",3870,"f"
"9326","QCPV75",4500,"m"
"9327","CTJFJ4",4950,"m"
"9328","FQNNUZ",5130,"f"
"9329","J6GS2X",5640,"m"
"9330","c3dQ5P",3720,"m"
"9331","AVEH25",5070,"f"
"9332","HMdQVZ",3870,"m"
"9333","FBSJTZ",5820,"f"
"9334","DHLRUE",4560,"m"
"9335","CRAcZd",5430,"f"
"9336","TDSRAc",4770,"f"
"9337","RV46G2",4260,"m"
"9338","2UMdLC",4170,"m"
"9339","c53NTX",3870,"m"
"9340","G5dAEK",4230,"m"
"9341","G36QUX",3840,"m"
"9342","Ddd43L",4500,"f"
"9343","2MNUcZ",5460,"f"
"9344","NSYUD6",3930,"f"
"9345","F7J6RM",4620,"m"
"9346","XKdc35",4170,"f"
"9347","2HPcJ3",4980,"m"
"9348","LN6TPF",4350,"f"
"9349","5WcVK4",5160,"f"
"9350","4BAHDN",3780,"m"
"9351","cFCZPK",4950,"m"
"9352","NKAPDd",5520,"m"
"9353","H5HUVK",5250,"f"
"9354","M6LdNB",4620,"m"
"9355","5MGCBZ",4050,"m"
"9356","ECZKcH",3090,"f"
"9357","FXKXTL",4290,"f"
"9358","4HBDTF",3840,"m"
"9359","d2RNVQ",3090,"f"
"9360","AZQZZJ",3480,"f"
"9361","KYNWJ7",3420,"f"
"9362","PWRD2W",3240,"f"
"9363","THHUXY",2790,"f"
"9364","CcXK5V",3630,"f"
"9365","226DPJ",3870,"m"
"9366","CT6TE2",2280,"f"
"9367","dJUH64",2610,"m"
"9368","MM7MHD",2910,"m"
"9369","TRMZMN",2400,"f"
"9370","DUJVEL",3150,"m"
"9371","GE4NBT",5640,"m"
"9372","XdAMGC",2550,"f"
"9373","GLQULU",2640,"f"
"9374","ADcDUM",3330,"m"
"9375","dB3YRD",4290,"f"
"9376","CACCCP",2880,"m"
"9377","BJZGD2",3270,"f"
"9378","SQPHC7",2310,"f"
"9379","SQPHC7",2310,"f"
"9380","Kc6RMY",3330,"m"
"9381","PBLZWN",5190,"f"
"9382","VZ53KA",4110,"f"
"9383","WUBBEK",2640,"m"
"9384","XS57KJ",2190,"m"
"9385","d3R2U4",3060,"f"
"9386","RCAU4S",1980,"f"
"9387","UGcYTS",2970,"f"
"9388","LXRCcF",1980,"f"
"9389","6WDXTc",2160,"m"
"9390","37LAQX",2910,"m"
"9391","YLJTKQ",1950,"f"
"9392","KPRDT6",3480,"m"
"9393","BVA42Y",1950,"f"
"9394","KBQDD5",2700,"m"
"9395","4QcY5E",2070,"f"
"9396","4d2CPG",3000,"m"
"9397","SDF2YR",2490,"m"
"9398","7YdT45",2550,"f"
"9399","ZALG7S",3570,"f"
"9400","FJZ4BR",4530,"m"
"9401","BZVQUN",3840,"f"
"9402","BNXB5D",2640,"f"
"9403","NDM42C",2220,"f"
"9404","YM2G5C",1380,"f"
"9405","747d4U",2040,"f"
"9406","VEYGC2",3840,"m"
"9407","6RDT55",4920,"f"
"9408","c6dNFC",1500,"f"
"9409","FW72XL",3150,"f"
"9410","DY7SUJ",3870,"f"
"9411","VdM6UX",2880,"m"
"9412","4XE3KX",3600,"f"
"9413","QdRUdL",4170,"m"
"9414","VGGS3V",3480,"m"
"9415","3STC7T",1500,"f"
"9416","7W2BAS",3000,"f"
"9417","CPcQFY",4470,"f"
"9418","K6FCZV",3540,"m"
"9419","QMLL2R",1530,"m"
"9420","3ADQJK",1170,"m"
"9421","YPMRcS",1710,"f"
"9422","K7YdLP",5640,"f"
"9423","DBFU24",4290,"f"
"9424","KE6McV",4020,"f"
"9425","Y5C3MY",2880,"m"
"9426","VdA4LW",1290,"f"
"9427","SCHcHE",3450,"m"
"9428","GFRFTR",1920,"f"
"9429","AF6JVZ",2490,"m"
"9430","dADL67",1890,"f"
"9431","4NJCTY",1590,"m"
"9432","7JUJPC",2790,"m"
"9433","Y2M3FQ",4230,"f"
"9434","WDY6c7",2550,"f"
"9435","C5HA27",4620,"f"
"9436","PU2VcV",4620,"o"
"9437","YFE323",2040,"m"
"9438","GXJBPE",1170,"m"
"9439","VRRTXM",3540,"f"
"9440","65LC6N",1200,"m"
"9441","EHPQXP",2670,"f"
"9442","KN4QXT",1890,"m"
"9443","5Q24K5",1290,"f"
"9444","AEVA5R",2610,"f"
"9445","PZ5DPJ",1170,"f"
"9446","RL56d4",3060,"m"
"9447","VRHSL4",3450,"f"
"9448","SEAHSd",2100,"m"
"9449","NSQ3X6",3420,"f"
"9450","4VHdUK",5040,"m"
"9451","AS4P67",2040,"f"
"9452","Xd7JWC",2010,"m"
"9453","PcR4BM",1980,"m"
"9454","UPTL7Y",3720,"m"
"9455","DHZ3NG",3600,"f"
"9456","YLAdC4",1830,"f"
"9457","PRPWZF",2220,"f"
"9458","NMW7J7",1500,"f"
"9459","MBCA5E",2730,"f"
"9460","NPVQNQ",1740,"m"
"9461","NEQP2Q",1860,"f"
"9462","44WWDL",1890,"f"
"9463","dMcX57",1650,"m"
"9464","P2JCDF",1740,"m"
"9465","XEKPSB",1980,"f"
"9466","dJPCR7",2610,"m"
"9467","QVDCEG",2760,"f"
"9468","TJAT32",1260,"m"
"9469","V5REVB",1500,"m"
"9470","S7FVQH",2070,"m"
"9471","347dJH",1800,"f"
"9472","SCMMCA",3150,"f"
"9473","J33Q67",1440,"m"
"9474","PK2YGJ",4200,"m"
"9475","3G522Y",2460,"f"
"9476","W575AK",2790,"f"
"9477","WQGT5Y",1200,"m"
"9478","d6RFVM",4110,"m"
"9479","GYU46J",4140,"f"
"9480","2cLdd2",2970,"f"
"9481","6FL4TM",2550,"f"
"9482","QVSRQC",1980,"f"
"9483","DKUY4F",1290,"f"
"9484","XAVQXc",2100,"f"
"9485","UZG2dX",2940,"m"
"9486","KHRJM7",3810,"m"
"9487","UAPd65",3060,"m"
"9488","3XcSJ2",3810,"f"
"9489","dR3ZQW",3240,"m"
"9490","LUQK5d",1350,"f"
"9491","KE3Z6Z",3810,"f"
"9492","FVTKHG",2790,"f"
"9493","5HHGcY",2640,"m"
"9494","Fc7UHG",3270,"m"
"9495","Q4EEd6",2460,"f"
"9496","Ddd42B",4590,"m"
"9497","cFJCJK",2490,"f"
"9498","RL5F7C",1590,"m"
"9499","QARBCD",3690,"m"
"9500","c2DEY3",1200,"m"
"9501","LKJRX3",2970,"f"
"9502","7R4XY2",1350,"f"
"9503","MR5MAH",2700,"f"
"9504","Z6JWFD",3000,"m"
"9505","FG5XVM",2550,"m"
"9506","BLMEUH",1560,"f"
"9507","XC7SMU",4050,"m"
"9508","MBSYFS",1740,"m"
"9509","2N2GAd",3060,"f"
"9510","YPNJKP",1740,"f"
"9511","BdHTN4",3420,"m"
"9512","4JccdB",2820,"m"
"9513","XQS345",1140,"f"
"9514","EG4DM2",1680,"m"
"9515","ZPAG2A",2400,"f"
"9516","NBXP7N",3390,"m"
"9517","cE3WXc",1530,"m"
"9518","KRLDTE",4320,"m"
"9519","NY2cZA",3510,"f"
"9520","CUCSW3",2880,"m"
"9521","NZKdcH",1530,"f"
"9522","5Hd5XN",3720,"m"
"9523","JFd4LQ",3120,"f"
"9524","V6JVMB",2700,"m"
"9525","WGSZS6",1920,"m"
"9526","UQYP3K",2160,"f"
"9527","P3MYF5",3300,"f"
"9528","dcddCF",1770,"f"
"9529","CAECUF",3870,"f"
"9530","NZcKZR",2490,"m"
"9531","3MGZ2D",1620,"f"
"9532","Y324M2",4710,"m"
"9533","RKKSJM",3030,"f"
"9534","4ABCC4",1320,"f"
"9535","K73D3S",1860,"f"
"9536","5d3X5S",1620,"f"
"9537","WDETH6",2670,"m"
"9538","dZUWST",2340,"f"
"9539","cYGACQ",1890,"f"
"9540","dXAQG4",2760,"m"
"9541","5WHcX5",3750,"m"
"9542","K7R7CV",2550,"f"
"9543","FG2KCN",1440,"f"
"9544","YHGER6",3660,"f"
"9545","XUUFNU",2460,"f"
"9546","WPK4FZ",2760,"m"
"9547","Q4cDH5",2310,"f"
"9548","CXMSKS",2730,"f"
"9549","EZ6FZQ",1650,"m"
"9550","LCDQES",1530,"f"
"9551","LKKFPd",2400,"f"
"9552","Y4MHXV",2160,"m"
"9553","2ZPdLJ",1500,"f"
"9554","RC5T3R",3480,"f"
"9555","6c4MZT",2850,"f"
"9556","2ZBH3d",4020,"f"
"9557","d44R4W",4110,"f"
"9558","ZEYSWL",1560,"f"
"9559","33NPWV",1380,"m"
"9560","YMH4W3",1650,"f"
"9561","PXBcNU",1500,"m"
"9562","C2J3Kd",1350,"f"
"9563","7UQ674",1200,"f"
"9564","dJZ5QE",2850,"f"
"9565","H3HBTJ",1380,"f"
"9566","AEL3EQ",1200,"m"
"9567","3BMEHF",2130,"m"
"9568","HBWDcR",3210,"m"
"9569","ARMW2Y",3900,"m"
"9570","KMUTBA",2790,"f"
"9571","SCHcHE",3420,"m"
"9572","PXXPWV",2010,"m"
"9573","GCCDGU",1200,"f"
"9574","7EBDYc",3270,"f"
"9575","4P2QUV",1860,"m"
"9576","Z6D7dB",2220,"f"
"9577","75ZW26",1620,"m"
"9578","BC76CA",3780,"m"
"9579","WMJVGR",3000,"m"
"9580","dVMXCc",1770,"f"
"9581","d5Ud2c",1920,"f"
"9582","4VCRcA",2520,"f"
"9583","CQKHMP",4980,"f"
"9584","QRZ4QE",1530,"f"
"9585","EFYJWW",2010,"f"
"9586","LRAUYL",2010,"f"
"9587","AWZXWB",1290,"f"
"9588","R27BW6",5130,"m"
"9589","PHK3XR",2610,"f"
"9590","N4N6Q2",1890,"m"
"9591","YFLMKE",2490,"m"
"9592","5c5BKL",2400,"m"
"9593","VDGZL2",1680,"m"
"9594","cMD6FQ",5220,"m"
"9595","GXGSFD",5640,"f"
"9596","SJQQ2J",5130,"f"
"9597","5WN27N",5250,"f"
"9598","P3EcYE",5130,"f"
"9599","AVEH25",5460,"f"
"9600","MLH6HJ",5610,"f"
"9601","42LZDc",5280,"f"
"9602","FFZF7X",5160,"f"
"9603","LRCNHV",5700,"m"
"9604","F5REDH",5520,"m"
"9605","7GdZTX",5460,"m"
"9606","D7cM6P",5790,"f"
"9607","JE64ZK",5460,"m"
"9608","2dBUQX",5310,"f"
"9609","Yd7WPT",5250,"f"
"9610","735EB3",5460,"f"
"9611","cG6dWL",5430,"m"
"9612","ENUBED",5130,"m"
"9613","J4S4Nd",5310,"f"
"9614","RQXQ37",5610,"f"
"9615","TDYH5c",5250,"f"
"9616","H5HUVK",5520,"f"
"9617","A3HVZU",5490,"m"
"9618","Q5ZTWH",5130,"m"
"9619","CPLE3C",5220,"m"
"9620","VdRXdD",1350,"f"
"9621","DGH6Ld",1440,"f"
"9622","5A2Y2B",1170,"f"
"9623","GRLVFF",1230,"m"
"9624","4Lc7HB",1110,"m"
"9625","5TDN53",1350,"f"
"9626","F5QMEJ",1320,"m"
"9627","KU6RG5",2460,"m"
"9628","B5SScH",2520,"f"
"9629","XFMJ2D",2400,"m"
"9630","XNAGCD",2310,"f"
"9631","CTDG73",2490,"m"
"9632","GQYEcF",2340,"f"
"9633","DTXJAD",2400,"m"
"9634","5EPF77",2400,"f"
"9635","RBWAXG",2370,"f"
"9636","NA75A3",1320,"f"
"9637","ZFASAN",1260,"m"
"9638","UPcFPQ",1170,"f"
"9639","3BJL75",1320,"m"
"9640","L6BNGd",1440,"m"
"9641","4dR3DM",1530,"f"
"9642","FG3c3c",1590,"m"
"9643","3NRZDA",1110,"f"
"9644","cKNVRc",1770,"f"
"9645","KTLJTX",1140,"f"
"9646","QZ77BB",1500,"m"
"9647","DEH3SW",1230,"f"
"9648","CFZAdK",1230,"m"
"9649","223QZT",1590,"f"
"9650","C2PTE3",1380,"f"
"9651","RTVEE7",1560,"m"
"9652","XUYCHN",1170,"f"
"9653","CFGJVV",1140,"f"
"9654","6RYcKQ",1260,"f"
"9655","NX5FLF",1110,"f"
"9656","ZP3B3N",1110,"f"
"9657","RJ5WYZ",1290,"f"
"9658","A5ZcC2",1140,"m"
"9659","LFC354",1110,"f"
"9660","FdK67M",1200,"f"
"9661","K6SSNX",1110,"f"
"9662","QEQAZZ",1440,"f"
"9663","E5EL7R",5520,"f"
"9664","AVEH25",5280,"f"
"9665","5CETCY",5520,"m"
"9666","KdTKRC",5730,"m"
"9667","XQc656",2490,"m"
"9668","3QARD5",2250,"m"
"9669","BAA7SE",2310,"f"
"9670","DRTVFR",2190,"f"
"9671","X3U2KL",3300,"m"
"9672","ZdWJU6",1200,"f"
"9673","DZEEEQ",1140,"m"
"9674","cLWD7X",1260,"m"
"9675","VVcSLZ",1170,"m"
"9676","YQXHAZ",1260,"m"
"9677","A5ZcC2",1110,"m"
"9678","4SGNPS",3780,"m"
"9679","77P6BR",3300,"f"
"9680","DJKFNX",3600,"m"
"9681","EM566H",3480,"m"
"9682","VHTSRV",3390,"m"
"9683","UFEZMT",3870,"f"
"9684","UNVGH4",3390,"f"
"9685","G64NX2",3300,"f"
"9686","UEXRGR",3300,"m"
"9687","2RT5YX",3750,"f"
"9688","5Hd5XN",3930,"m"
"9689","M2VDRX",3390,"f"
"9690","ALGACP",3630,"m"
"9691","6VQ5NV",3330,"f"
"9692","QE3QBc",3270,"m"
"9693","RF7BV6",3030,"f"
"9694","ZADALH",3630,"f"
"9695","UDVQ7Y",3330,"m"
"9696","ZU2PLS",3270,"f"
"9697","H7RFHM",3030,"f"
"9698","3NJBME",3360,"m"
"9699","2cLdd2",3180,"f"
"9700","U2YQXC",3870,"m"
"9701","U2YQXC",3870,"m"
"9702","VAKJdV",2940,"m"
"9703","WDNHcd",3990,"f"
"9704","cZVLcN",2970,"m"
"9705","LdNK4E",3090,"m"
"9706","5CZXYC",3240,"m"
"9707","MATGdB",3150,"f"
"9708","NBR2LE",3660,"m"
"9709","MM7MHD",3090,"m"
"9710","XQJNFQ",3510,"m"
"9711","J3RPUM",3930,"m"
"9712","J6GS2X",5820,"m"
"9713","QDLBWP",4500,"f"
"9714","36TYFV",4830,"f"
"9715","46GXRG",4890,"m"
"9716","WUCdQ6",4830,"m"
"9717","K7GP2d",5340,"f"
"9718","EcQK3N",5130,"m"
"9719","cMD6FQ",4980,"m"
"9720","EKACME",4740,"m"
"9721","K7GP2d",5340,"f"
"9722","7GKV4Y",5670,"m"
"9723","F7J6RM",4770,"m"
"9724","PU2VcV",4740,"o"
"9725","C5HA27",4740,"f"
"9726","USPAM2",4920,"f"
"9727","USPAM2",4920,"f"
"9728","CYHPFL",4950,"m"
"9729","SHWDdD",5310,"m"
"9730","27NPYH",4890,"f"
"9731","3EXKKV",4950,"m"
"9732","cMD6FQ",4920,"m"
"9733","LRCNHV",5430,"m"
"9734","PF76LW",5100,"m"
"9735","N2ZVC6",5280,"m"
"9736","B7TKT6",5040,"f"
"9737","7GdZTX",5190,"m"
"9738","735EB3",5250,"f"
"9739","RHTVQE",5010,"m"
"9740","VR4LYE",4500,"m"
"9741","543XTU",5280,"m"
"9742","775VNH",4890,"m"
"9743","N54WCV",5760,"f"
"9744","YAEUF5",5670,"m"
"9745","WQU6QW",5190,"f"
"9746","KRLDTE",4410,"m"
"9747","V3dN5D",4890,"m"
"9748","U32dEc",4950,"m"
"9749","JD34YF",4530,"m"
"9750","WYSHT3",4980,"m"
"9751","MNMX4S",5370,"m"
"9752","cX2D7c",4410,"f"
"9753","UYRcFH",4650,"f"
"9754","UKBcFN",4440,"m"
"9755","DEJDGM",4440,"m"
"9756","4URBHK",5070,"f"
"9757","YKUEcM",4170,"f"
"9758","P7Md7Y",4230,"f"
"9759","6VN3FP",4980,"m"
"9760","E5VGcY",4320,"f"
"9761","NcPKdR",4740,"m"
"9762","5C4cLF",4260,"m"
"9763","YKVL6Y",4020,"m"
"9764","LA3QLT",4770,"f"
"9765","3EXKKV",4860,"m"
"9766","4UTJ5C",4650,"f"
"9767","Z46DHN",4140,"m"
"9768","Rc27L6",5250,"f"
"9769","T7C2LP",4950,"f"
"9770","PCWHCD",4080,"m"
"9771","YSMZLG",4530,"m"
"9772","CJ2JZ3",4590,"m"
"9773","VB2XLF",4110,"m"
"9774","BVZU4W",4140,"m"
"9775","LZWTJC",4140,"m"
"9776","NN3UDW",4440,"m"
"9777","7DNGNA",5070,"m"
"9778","MQ5dCM",4260,"f"
"9779","G3BWNN",4440,"m"
"9780","J7d7Ed",4560,"m"
"9781","6LXAJD",4350,"f"
"9782","FEYCW6",4410,"m"
"9783","W3c3ZK",5580,"m"
"9784","BDKZEN",4050,"m"
"9785","ZQ3TTU",4710,"m"
"9786","XYX3RT",4680,"m"
"9787","JKQG2U",4740,"f"
"9788","VX7XXc",5040,"m"
"9789","26TBKA",4080,"m"
"9790","VMHNQA",4350,"f"
"9791","cYHPQ5",4140,"m"
"9792","KLdCX3",4260,"m"
"9793","SL5H56",4260,"f"
"9794","2CKBJK",4050,"m"
"9795","P7Md7Y",4200,"f"
"9796","VJ5H2T",5160,"o"
"9797","B47FdD",3990,"m"
"9798","J6DT2K",4560,"m"
"9799","Vc73T7",4110,"m"
"9800","2D2Pd2",5190,"f"
"9801","AHG2DK",5700,"m"
"9802","ERC7YR",3870,"f"
"9803","QCPV75",4500,"m"
"9804","CTJFJ4",4950,"m"
"9805","FQNNUZ",5130,"f"
"9806","J6GS2X",5640,"m"
"9807","c3dQ5P",3720,"m"
"9808","AVEH25",5070,"f"
"9809","HMdQVZ",3870,"m"
"9810","FBSJTZ",5820,"f"
"9811","DHLRUE",4560,"m"
"9812","CRAcZd",5430,"f"
"9813","TDSRAc",4770,"f"
"9814","RV46G2",4260,"m"
"9815","2UMdLC",4170,"m"
"9816","c53NTX",3870,"m"
"9817","G5dAEK",4230,"m"
"9818","G36QUX",3840,"m"
"9819","Ddd43L",4500,"f"
"9820","2MNUcZ",5460,"f"
"9821","NSYUD6",3930,"f"
"9822","F7J6RM",4620,"m"
"9823","XKdc35",4170,"f"
"9824","2HPcJ3",4980,"m"
"9825","LN6TPF",4350,"f"
"9826","5WcVK4",5160,"f"
"9827","4BAHDN",3780,"m"
"9828","cFCZPK",4950,"m"
"9829","NKAPDd",5520,"m"
"9830","H5HUVK",5250,"f"
"9831","M6LdNB",4620,"m"
"9832","5MGCBZ",4050,"m"
"9833","ECZKcH",3090,"f"
"9834","FXKXTL",4290,"f"
"9835","4HBDTF",3840,"m"
"9836","d2RNVQ",3090,"f"
"9837","AZQZZJ",3480,"f"
"9838","KYNWJ7",3420,"f"
"9839","PWRD2W",3240,"f"
"9840","THHUXY",2790,"f"
"9841","CcXK5V",3630,"f"
"9842","226DPJ",3870,"m"
"9843","CT6TE2",2280,"f"
"9844","dJUH64",2610,"m"
"9845","MM7MHD",2910,"m"
"9846","TRMZMN",2400,"f"
"9847","DUJVEL",3150,"m"
"9848","GE4NBT",5640,"m"
"9849","XdAMGC",2550,"f"
"9850","GLQULU",2640,"f"
"9851","ADcDUM",3330,"m"
"9852","dB3YRD",4290,"f"
"9853","CACCCP",2880,"m"
"9854","BJZGD2",3270,"f"
"9855","SQPHC7",2310,"f"
"9856","Kc6RMY",3330,"m"
"9857","PBLZWN",5190,"f"
"9858","VZ53KA",4110,"f"
"9859","WUBBEK",2640,"m"
"9860","XS57KJ",2190,"m"
"9861","d3R2U4",3060,"f"
"9862","RCAU4S",1980,"f"
"9863","UGcYTS",2970,"f"
"9864","LXRCcF",1980,"f"
"9865","6WDXTc",2160,"m"
"9866","37LAQX",2910,"m"
"9867","YLJTKQ",1950,"f"
"9868","KPRDT6",3480,"m"
"9869","BVA42Y",1950,"f"
"9870","KBQDD5",2700,"m"
"9871","4QcY5E",2070,"f"
"9872","4d2CPG",3000,"m"
"9873","SDF2YR",2490,"m"
"9874","7YdT45",2550,"f"
"9875","ZALG7S",3570,"f"
"9876","FJZ4BR",4530,"m"
"9877","BZVQUN",3840,"f"
"9878","BNXB5D",2640,"f"
"9879","NDM42C",2220,"f"
"9880","YM2G5C",1380,"f"
"9881","747d4U",2040,"f"
"9882","VEYGC2",3840,"m"
"9883","6RDT55",4920,"f"
"9884","c6dNFC",1500,"f"
"9885","FW72XL",3150,"f"
"9886","DY7SUJ",3870,"f"
"9887","VdM6UX",2880,"m"
"9888","4XE3KX",3600,"f"
"9889","QdRUdL",4170,"m"
"9890","VGGS3V",3480,"m"
"9891","3STC7T",1500,"f"
"9892","7W2BAS",3000,"f"
"9893","CPcQFY",4470,"f"
"9894","K6FCZV",3540,"m"
"9895","QMLL2R",1530,"m"
"9896","3ADQJK",1170,"m"
"9897","YPMRcS",1710,"f"
"9898","K7YdLP",5640,"f"
"9899","DBFU24",4290,"f"
"9900","KE6McV",4020,"f"
"9901","Y5C3MY",2880,"m"
"9902","VdA4LW",1290,"f"
"9903","SCHcHE",3450,"m"
"9904","GFRFTR",1920,"f"
"9905","AF6JVZ",2490,"m"
"9906","dADL67",1890,"f"
"9907","4NJCTY",1590,"m"
"9908","7JUJPC",2790,"m"
"9909","Y2M3FQ",4230,"f"
"9910","WDY6c7",2550,"f"
"9911","C5HA27",4620,"f"
"9912","PU2VcV",4620,"o"
"9913","YFE323",2040,"m"
"9914","GXJBPE",1170,"m"
"9915","VRRTXM",3540,"f"
"9916","65LC6N",1200,"m"
"9917","EHPQXP",2670,"f"
"9918","KN4QXT",1890,"m"
"9919","5Q24K5",1290,"f"
"9920","AEVA5R",2610,"f"
"9921","PZ5DPJ",1170,"f"
"9922","RL56d4",3060,"m"
"9923","VRHSL4",3450,"f"
"9924","SEAHSd",2100,"m"
"9925","NSQ3X6",3420,"f"
"9926","4VHdUK",5040,"m"
"9927","AS4P67",2040,"f"
"9928","Xd7JWC",2010,"m"
"9929","PcR4BM",1980,"m"
"9930","UPTL7Y",3720,"m"
"9931","DHZ3NG",3600,"f"
"9932","YLAdC4",1830,"f"
"9933","PRPWZF",2220,"f"
"9934","NMW7J7",1500,"f"
"9935","MBCA5E",2730,"f"
"9936","NPVQNQ",1740,"m"
"9937","NEQP2Q",1860,"f"
"9938","44WWDL",1890,"f"
"9939","dMcX57",1650,"m"
"9940","P2JCDF",1740,"m"
"9941","XEKPSB",1980,"f"
"9942","dJPCR7",2610,"m"
"9943","QVDCEG",2760,"f"
"9944","TJAT32",1260,"m"
"9945","V5REVB",1500,"m"
"9946","S7FVQH",2070,"m"
"9947","347dJH",1800,"f"
"9948","SCMMCA",3150,"f"
"9949","J33Q67",1440,"m"
"9950","PK2YGJ",4200,"m"
"9951","3G522Y",2460,"f"
"9952","W575AK",2790,"f"
"9953","WQGT5Y",1200,"m"
"9954","d6RFVM",4110,"m"
"9955","GYU46J",4140,"f"
"9956","2cLdd2",2970,"f"
"9957","6FL4TM",2550,"f"
"9958","QVSRQC",1980,"f"
"9959","DKUY4F",1290,"f"
"9960","XAVQXc",2100,"f"
"9961","UZG2dX",2940,"m"
"9962","KHRJM7",3810,"m"
"9963","UAPd65",3060,"m"
"9964","3XcSJ2",3810,"f"
"9965","dR3ZQW",3240,"m"
"9966","LUQK5d",1350,"f"
"9967","KE3Z6Z",3810,"f"
"9968","FVTKHG",2790,"f"
"9969","5HHGcY",2640,"m"
"9970","Fc7UHG",3270,"m"
"9971","Q4EEd6",2460,"f"
"9972","Ddd42B",4590,"m"
"9973","cFJCJK",2490,"f"
"9974","RL5F7C",1590,"m"
"9975","QARBCD",3690,"m"
"9976","c2DEY3",1200,"m"
"9977","LKJRX3",2970,"f"
"9978","7R4XY2",1350,"f"
"9979","MR5MAH",2700,"f"
"9980","Z6JWFD",3000,"m"
"9981","FG5XVM",2550,"m"
"9982","BLMEUH",1560,"f"
"9983","XC7SMU",4050,"m"
"9984","MBSYFS",1740,"m"
"9985","2N2GAd",3060,"f"
"9986","YPNJKP",1740,"f"
"9987","BdHTN4",3420,"m"
"9988","4JccdB",2820,"m"
"9989","XQS345",1140,"f"
"9990","EG4DM2",1680,"m"
"9991","ZPAG2A",2400,"f"
"9992","NBXP7N",3390,"m"
"9993","cE3WXc",1530,"m"
"9994","KRLDTE",4320,"m"
"9995","NY2cZA",3510,"f"
"9996","CUCSW3",2880,"m"
"9997","NZKdcH",1530,"f"
"9998","5Hd5XN",3720,"m"
"9999","JFd4LQ",3120,"f"
"10000","V6JVMB",2700,"m"
"10001","WGSZS6",1920,"m"
"10002","UQYP3K",2160,"f"
"10003","P3MYF5",3300,"f"
"10004","dcddCF",1770,"f"
"10005","CAECUF",3870,"f"
"10006","NZcKZR",2490,"m"
"10007","3MGZ2D",1620,"f"
"10008","Y324M2",4710,"m"
"10009","RKKSJM",3030,"f"
"10010","4ABCC4",1320,"f"
"10011","4ABCC4",1320,"f"
"10012","K73D3S",1860,"f"
"10013","5d3X5S",1620,"f"
"10014","WDETH6",2670,"m"
"10015","dZUWST",2340,"f"
"10016","cYGACQ",1890,"f"
"10017","dXAQG4",2760,"m"
"10018","5WHcX5",3750,"m"
"10019","K7R7CV",2550,"f"
"10020","FG2KCN",1440,"f"
"10021","YHGER6",3660,"f"
"10022","XUUFNU",2460,"f"
"10023","WPK4FZ",2760,"m"
"10024","Q4cDH5",2310,"f"
"10025","CXMSKS",2730,"f"
"10026","EZ6FZQ",1650,"m"
"10027","LCDQES",1530,"f"
"10028","LKKFPd",2400,"f"
"10029","Y4MHXV",2160,"m"
"10030","2ZPdLJ",1500,"f"
"10031","RC5T3R",3480,"f"
"10032","6c4MZT",2850,"f"
"10033","2ZBH3d",4020,"f"
"10034","d44R4W",4110,"f"
"10035","ZEYSWL",1560,"f"
"10036","33NPWV",1380,"m"
"10037","YMH4W3",1650,"f"
"10038","PXBcNU",1500,"m"
"10039","C2J3Kd",1350,"f"
"10040","7UQ674",1200,"f"
"10041","dJZ5QE",2850,"f"
"10042","H3HBTJ",1380,"f"
"10043","AEL3EQ",1200,"m"
"10044","3BMEHF",2130,"m"
"10045","HBWDcR",3210,"m"
"10046","ARMW2Y",3900,"m"
"10047","KMUTBA",2790,"f"
"10048","SCHcHE",3420,"m"
"10049","PXXPWV",2010,"m"
"10050","GCCDGU",1200,"f"
"10051","7EBDYc",3270,"f"
"10052","4P2QUV",1860,"m"
"10053","Z6D7dB",2220,"f"
"10054","75ZW26",1620,"m"
"10055","BC76CA",3780,"m"
"10056","WMJVGR",3000,"m"
"10057","dVMXCc",1770,"f"
"10058","d5Ud2c",1920,"f"
"10059","4VCRcA",2520,"f"
"10060","CQKHMP",4980,"f"
"10061","QRZ4QE",1530,"f"
"10062","EFYJWW",2010,"f"
"10063","LRAUYL",2010,"f"
"10064","AWZXWB",1290,"f"
"10065","R27BW6",5130,"m"
"10066","PHK3XR",2610,"f"
"10067","N4N6Q2",1890,"m"
"10068","YFLMKE",2490,"m"
"10069","5c5BKL",2400,"m"
"10070","VDGZL2",1680,"m"
"10071","cMD6FQ",5220,"m"
"10072","GXGSFD",5640,"f"
"10073","SJQQ2J",5130,"f"
"10074","5WN27N",5250,"f"
"10075","P3EcYE",5130,"f"
"10076","AVEH25",5460,"f"
"10077","MLH6HJ",5610,"f"
"10078","42LZDc",5280,"f"
"10079","FFZF7X",5160,"f"
"10080","LRCNHV",5700,"m"
"10081","F5REDH",5520,"m"
"10082","7GdZTX",5460,"m"
"10083","D7cM6P",5790,"f"
"10084","JE64ZK",5460,"m"
"10085","2dBUQX",5310,"f"
"10086","Yd7WPT",5250,"f"
"10087","735EB3",5460,"f"
"10088","cG6dWL",5430,"m"
"10089","ENUBED",5130,"m"
"10090","J4S4Nd",5310,"f"
"10091","RQXQ37",5610,"f"
"10092","TDYH5c",5250,"f"
"10093","H5HUVK",5520,"f"
"10094","A3HVZU",5490,"m"
"10095","Q5ZTWH",5130,"m"
"10096","CPLE3C",5220,"m"
"10097","VdRXdD",1350,"f"
"10098","DGH6Ld",1440,"f"
"10099","5A2Y2B",1170,"f"
"10100","GRLVFF",1230,"m"
"10101","4Lc7HB",1110,"m"
"10102","5TDN53",1350,"f"
"10103","F5QMEJ",1320,"m"
"10104","KU6RG5",2460,"m"
"10105","B5SScH",2520,"f"
"10106","XFMJ2D",2400,"m"
"10107","XNAGCD",2310,"f"
"10108","CTDG73",2490,"m"
"10109","GQYEcF",2340,"f"
"10110","DTXJAD",2400,"m"
"10111","5EPF77",2400,"f"
"10112","RBWAXG",2370,"f"
"10113","NA75A3",1320,"f"
"10114","ZFASAN",1260,"m"
"10115","UPcFPQ",1170,"f"
"10116","3BJL75",1320,"m"
"10117","L6BNGd",1440,"m"
"10118","4dR3DM",1530,"f"
"10119","FG3c3c",1590,"m"
"10120","3NRZDA",1110,"f"
"10121","cKNVRc",1770,"f"
"10122","KTLJTX",1140,"f"
"10123","QZ77BB",1500,"m"
"10124","DEH3SW",1230,"f"
"10125","CFZAdK",1230,"m"
"10126","223QZT",1590,"f"
"10127","C2PTE3",1380,"f"
"10128","RTVEE7",1560,"m"
"10129","XUYCHN",1170,"f"
"10130","CFGJVV",1140,"f"
"10131","6RYcKQ",1260,"f"
"10132","NX5FLF",1110,"f"
"10133","ZP3B3N",1110,"f"
"10134","RJ5WYZ",1290,"f"
"10135","A5ZcC2",1140,"m"
"10136","LFC354",1110,"f"
"10137","FdK67M",1200,"f"
"10138","K6SSNX",1110,"f"
"10139","QEQAZZ",1440,"f"
"10140","E5EL7R",5520,"f"
"10141","AVEH25",5280,"f"
"10142","5CETCY",5520,"m"
"10143","KdTKRC",5730,"m"
"10144","KdTKRC",5730,"m"
"10145","XQc656",2490,"m"
"10146","3QARD5",2250,"m"
"10147","BAA7SE",2310,"f"
"10148","DRTVFR",2190,"f"
"10149","X3U2KL",3300,"m"
"10150","ZdWJU6",1200,"f"
"10151","DZEEEQ",1140,"m"
"10152","cLWD7X",1260,"m"
"10153","VVcSLZ",1170,"m"
"10154","YQXHAZ",1260,"m"
"10155","A5ZcC2",1110,"m"
"10156","4SGNPS",3780,"m"
"10157","77P6BR",3300,"f"
"10158","DJKFNX",3600,"m"
"10159","EM566H",3480,"m"
"10160","VHTSRV",3390,"m"
"10161","UFEZMT",3870,"f"
"10162","UNVGH4",3390,"f"
"10163","G64NX2",3300,"f"
"10164","UEXRGR",3300,"m"
"10165","2RT5YX",3750,"f"
"10166","5Hd5XN",3930,"m"
"10167","M2VDRX",3390,"f"
"10168","ALGACP",3630,"m"
"10169","6VQ5NV",3330,"f"
"10170","QE3QBc",3270,"m"
"10171","RF7BV6",3030,"f"
"10172","ZADALH",3630,"f"
"10173","UDVQ7Y",3330,"m"
"10174","ZU2PLS",3270,"f"
"10175","H7RFHM",3030,"f"
"10176","3NJBME",3360,"m"
"10177","2cLdd2",3180,"f"
"10178","U2YQXC",3870,"m"
"10179","U2YQXC",3870,"m"
"10180","VAKJdV",2940,"m"
"10181","WDNHcd",3990,"f"
"10182","cZVLcN",2970,"m"
"10183","LdNK4E",3090,"m"
"10184","5CZXYC",3240,"m"
"10185","MATGdB",3150,"f"
"10186","NBR2LE",3660,"m"
"10187","MM7MHD",3090,"m"
"10188","XQJNFQ",3510,"m"
"10189","J3RPUM",3930,"m"
"10190","J6GS2X",5820,"m"
"10191","QDLBWP",4500,"f"
"10192","36TYFV",4830,"f"
"10193","46GXRG",4890,"m"
"10194","WUCdQ6",4830,"m"
"10195","K7GP2d",5340,"f"
"10196","EcQK3N",5130,"m"
"10197","cMD6FQ",4980,"m"
"10198","EKACME",4740,"m"
"10199","K7GP2d",5340,"f"
"10200","7GKV4Y",5670,"m"
"10201","F7J6RM",4770,"m"
"10202","PU2VcV",4740,"o"
"10203","C5HA27",4740,"f"
"10204","USPAM2",4920,"f"
"10205","USPAM2",4920,"f"
"10206","CYHPFL",4950,"m"
"10207","SHWDdD",5310,"m"
"10208","27NPYH",4890,"f"
"10209","27NPYH",4890,"f"
"10210","3EXKKV",4950,"m"
"10211","cMD6FQ",4920,"m"
"10212","LRCNHV",5430,"m"
"10213","PF76LW",5100,"m"
"10214","N2ZVC6",5280,"m"
"10215","B7TKT6",5040,"f"
"10216","7GdZTX",5190,"m"
"10217","735EB3",5250,"f"
"10218","RHTVQE",5010,"m"
"10219","VR4LYE",4500,"m"
"10220","543XTU",5280,"m"
"10221","775VNH",4890,"m"
"10222","N54WCV",5760,"f"
"10223","YAEUF5",5670,"m"
"10224","WQU6QW",5190,"f"
"10225","KRLDTE",4410,"m"
"10226","V3dN5D",4890,"m"
"10227","U32dEc",4950,"m"
"10228","JD34YF",4530,"m"
"10229","WYSHT3",4980,"m"
"10230","MNMX4S",5370,"m"
"10231","cX2D7c",4410,"f"
"10232","UYRcFH",4650,"f"
"10233","UKBcFN",4440,"m"
"10234","DEJDGM",4440,"m"
"10235","4URBHK",5070,"f"
"10236","YKUEcM",4170,"f"
"10237","P7Md7Y",4230,"f"
"10238","6VN3FP",4980,"m"
"10239","E5VGcY",4320,"f"
"10240","NcPKdR",4740,"m"
"10241","5C4cLF",4260,"m"
"10242","YKVL6Y",4020,"m"
"10243","LA3QLT",4770,"f"
"10244","3EXKKV",4860,"m"
"10245","4UTJ5C",4650,"f"
"10246","Z46DHN",4140,"m"
"10247","Rc27L6",5250,"f"
"10248","T7C2LP",4950,"f"
"10249","PCWHCD",4080,"m"
"10250","YSMZLG",4530,"m"
"10251","CJ2JZ3",4590,"m"
"10252","VB2XLF",4110,"m"
"10253","BVZU4W",4140,"m"
"10254","LZWTJC",4140,"m"
"10255","NN3UDW",4440,"m"
"10256","7DNGNA",5070,"m"
"10257","MQ5dCM",4260,"f"
"10258","G3BWNN",4440,"m"
"10259","J7d7Ed",4560,"m"
"10260","6LXAJD",4350,"f"
"10261","FEYCW6",4410,"m"
"10262","W3c3ZK",5580,"m"
"10263","BDKZEN",4050,"m"
"10264","ZQ3TTU",4710,"m"
"10265","XYX3RT",4680,"m"
"10266","JKQG2U",4740,"f"
"10267","VX7XXc",5040,"m"
"10268","26TBKA",4080,"m"
"10269","VMHNQA",4350,"f"
"10270","cYHPQ5",4140,"m"
"10271","KLdCX3",4260,"m"
"10272","SL5H56",4260,"f"
"10273","2CKBJK",4050,"m"
"10274","P7Md7Y",4200,"f"
"10275","VJ5H2T",5160,"o"
"10276","B47FdD",3990,"m"
"10277","J6DT2K",4560,"m"
"10278","Vc73T7",4110,"m"
"10279","2D2Pd2",5190,"f"
"10280","AHG2DK",5700,"m"
"10281","ERC7YR",3870,"f"
"10282","QCPV75",4500,"m"
"10283","CTJFJ4",4950,"m"
"10284","FQNNUZ",5130,"f"
"10285","J6GS2X",5640,"m"
"10286","c3dQ5P",3720,"m"
"10287","AVEH25",5070,"f"
"10288","HMdQVZ",3870,"m"
"10289","FBSJTZ",5820,"f"
"10290","DHLRUE",4560,"m"
"10291","CRAcZd",5430,"f"
"10292","TDSRAc",4770,"f"
"10293","RV46G2",4260,"m"
"10294","2UMdLC",4170,"m"
"10295","c53NTX",3870,"m"
"10296","G5dAEK",4230,"m"
"10297","G36QUX",3840,"m"
"10298","Ddd43L",4500,"f"
"10299","2MNUcZ",5460,"f"
"10300","NSYUD6",3930,"f"
"10301","F7J6RM",4620,"m"
"10302","XKdc35",4170,"f"
"10303","2HPcJ3",4980,"m"
"10304","LN6TPF",4350,"f"
"10305","5WcVK4",5160,"f"
"10306","4BAHDN",3780,"m"
"10307","cFCZPK",4950,"m"
"10308","NKAPDd",5520,"m"
"10309","H5HUVK",5250,"f"
"10310","M6LdNB",4620,"m"
"10311","5MGCBZ",4050,"m"
"10312","ECZKcH",3090,"f"
"10313","FXKXTL",4290,"f"
"10314","4HBDTF",3840,"m"
"10315","d2RNVQ",3090,"f"
"10316","AZQZZJ",3480,"f"
"10317","KYNWJ7",3420,"f"
"10318","PWRD2W",3240,"f"
"10319","THHUXY",2790,"f"
"10320","CcXK5V",3630,"f"
"10321","226DPJ",3870,"m"
"10322","CT6TE2",2280,"f"
"10323","dJUH64",2610,"m"
"10324","MM7MHD",2910,"m"
"10325","TRMZMN",2400,"f"
"10326","DUJVEL",3150,"m"
"10327","GE4NBT",5640,"m"
"10328","XdAMGC",2550,"f"
"10329","GLQULU",2640,"f"
"10330","ADcDUM",3330,"m"
"10331","dB3YRD",4290,"f"
"10332","CACCCP",2880,"m"
"10333","BJZGD2",3270,"f"
"10334","SQPHC7",2310,"f"
"10335","Kc6RMY",3330,"m"
"10336","PBLZWN",5190,"f"
"10337","VZ53KA",4110,"f"
"10338","WUBBEK",2640,"m"
"10339","XS57KJ",2190,"m"
"10340","d3R2U4",3060,"f"
"10341","RCAU4S",1980,"f"
"10342","UGcYTS",2970,"f"
"10343","LXRCcF",1980,"f"
"10344","6WDXTc",2160,"m"
"10345","37LAQX",2910,"m"
"10346","YLJTKQ",1950,"f"
"10347","KPRDT6",3480,"m"
"10348","BVA42Y",1950,"f"
"10349","KBQDD5",2700,"m"
"10350","4QcY5E",2070,"f"
"10351","4d2CPG",3000,"m"
"10352","SDF2YR",2490,"m"
"10353","7YdT45",2550,"f"
"10354","ZALG7S",3570,"f"
"10355","FJZ4BR",4530,"m"
"10356","BZVQUN",3840,"f"
"10357","BNXB5D",2640,"f"
"10358","NDM42C",2220,"f"
"10359","YM2G5C",1380,"f"
"10360","747d4U",2040,"f"
"10361","VEYGC2",3840,"m"
"10362","6RDT55",4920,"f"
"10363","c6dNFC",1500,"f"
"10364","FW72XL",3150,"f"
"10365","DY7SUJ",3870,"f"
"10366","VdM6UX",2880,"m"
"10367","4XE3KX",3600,"f"
"10368","QdRUdL",4170,"m"
"10369","VGGS3V",3480,"m"
"10370","3STC7T",1500,"f"
"10371","7W2BAS",3000,"f"
"10372","CPcQFY",4470,"f"
"10373","K6FCZV",3540,"m"
"10374","QMLL2R",1530,"m"
"10375","3ADQJK",1170,"m"
"10376","YPMRcS",1710,"f"
"10377","K7YdLP",5640,"f"
"10378","DBFU24",4290,"f"
"10379","KE6McV",4020,"f"
"10380","Y5C3MY",2880,"m"
"10381","VdA4LW",1290,"f"
"10382","SCHcHE",3450,"m"
"10383","GFRFTR",1920,"f"
"10384","AF6JVZ",2490,"m"
"10385","dADL67",1890,"f"
"10386","4NJCTY",1590,"m"
"10387","7JUJPC",2790,"m"
"10388","Y2M3FQ",4230,"f"
"10389","WDY6c7",2550,"f"
"10390","C5HA27",4620,"f"
"10391","PU2VcV",4620,"o"
"10392","YFE323",2040,"m"
"10393","GXJBPE",1170,"m"
"10394","VRRTXM",3540,"f"
"10395","65LC6N",1200,"m"
"10396","EHPQXP",2670,"f"
"10397","KN4QXT",1890,"m"
"10398","5Q24K5",1290,"f"
"10399","AEVA5R",2610,"f"
"10400","PZ5DPJ",1170,"f"
"10401","RL56d4",3060,"m"
"10402","VRHSL4",3450,"f"
"10403","SEAHSd",2100,"m"
"10404","NSQ3X6",3420,"f"
"10405","4VHdUK",5040,"m"
"10406","AS4P67",2040,"f"
"10407","Xd7JWC",2010,"m"
"10408","PcR4BM",1980,"m"
"10409","UPTL7Y",3720,"m"
"10410","DHZ3NG",3600,"f"
"10411","YLAdC4",1830,"f"
"10412","PRPWZF",2220,"f"
"10413","NMW7J7",1500,"f"
"10414","MBCA5E",2730,"f"
"10415","NPVQNQ",1740,"m"
"10416","NEQP2Q",1860,"f"
"10417","44WWDL",1890,"f"
"10418","dMcX57",1650,"m"
"10419","P2JCDF",1740,"m"
"10420","XEKPSB",1980,"f"
"10421","dJPCR7",2610,"m"
"10422","QVDCEG",2760,"f"
"10423","TJAT32",1260,"m"
"10424","V5REVB",1500,"m"
"10425","S7FVQH",2070,"m"
"10426","347dJH",1800,"f"
"10427","SCMMCA",3150,"f"
"10428","J33Q67",1440,"m"
"10429","PK2YGJ",4200,"m"
"10430","3G522Y",2460,"f"
"10431","W575AK",2790,"f"
"10432","WQGT5Y",1200,"m"
"10433","d6RFVM",4110,"m"
"10434","GYU46J",4140,"f"
"10435","2cLdd2",2970,"f"
"10436","6FL4TM",2550,"f"
"10437","QVSRQC",1980,"f"
"10438","DKUY4F",1290,"f"
"10439","XAVQXc",2100,"f"
"10440","UZG2dX",2940,"m"
"10441","KHRJM7",3810,"m"
"10442","UAPd65",3060,"m"
"10443","3XcSJ2",3810,"f"
"10444","dR3ZQW",3240,"m"
"10445","LUQK5d",1350,"f"
"10446","KE3Z6Z",3810,"f"
"10447","FVTKHG",2790,"f"
"10448","5HHGcY",2640,"m"
"10449","Fc7UHG",3270,"m"
"10450","Q4EEd6",2460,"f"
"10451","Ddd42B",4590,"m"
"10452","cFJCJK",2490,"f"
"10453","RL5F7C",1590,"m"
"10454","QARBCD",3690,"m"
"10455","c2DEY3",1200,"m"
"10456","LKJRX3",2970,"f"
"10457","7R4XY2",1350,"f"
"10458","MR5MAH",2700,"f"
"10459","Z6JWFD",3000,"m"
"10460","FG5XVM",2550,"m"
"10461","BLMEUH",1560,"f"
"10462","XC7SMU",4050,"m"
"10463","MBSYFS",1740,"m"
"10464","2N2GAd",3060,"f"
"10465","YPNJKP",1740,"f"
"10466","BdHTN4",3420,"m"
"10467","4JccdB",2820,"m"
"10468","XQS345",1140,"f"
"10469","EG4DM2",1680,"m"
"10470","ZPAG2A",2400,"f"
"10471","NBXP7N",3390,"m"
"10472","cE3WXc",1530,"m"
"10473","KRLDTE",4320,"m"
"10474","NY2cZA",3510,"f"
"10475","CUCSW3",2880,"m"
"10476","NZKdcH",1530,"f"
"10477","5Hd5XN",3720,"m"
"10478","JFd4LQ",3120,"f"
"10479","V6JVMB",2700,"m"
"10480","WGSZS6",1920,"m"
"10481","UQYP3K",2160,"f"
"10482","P3MYF5",3300,"f"
"10483","dcddCF",1770,"f"
"10484","CAECUF",3870,"f"
"10485","NZcKZR",2490,"m"
"10486","3MGZ2D",1620,"f"
"10487","Y324M2",4710,"m"
"10488","RKKSJM",3030,"f"
"10489","4ABCC4",1320,"f"
"10490","K73D3S",1860,"f"
"10491","5d3X5S",1620,"f"
"10492","WDETH6",2670,"m"
"10493","dZUWST",2340,"f"
"10494","cYGACQ",1890,"f"
"10495","dXAQG4",2760,"m"
"10496","5WHcX5",3750,"m"
"10497","K7R7CV",2550,"f"
"10498","FG2KCN",1440,"f"
"10499","YHGER6",3660,"f"
"10500","XUUFNU",2460,"f"
"10501","WPK4FZ",2760,"m"
"10502","Q4cDH5",2310,"f"
"10503","CXMSKS",2730,"f"
"10504","EZ6FZQ",1650,"m"
"10505","LCDQES",1530,"f"
"10506","LKKFPd",2400,"f"
"10507","Y4MHXV",2160,"m"
"10508","2ZPdLJ",1500,"f"
"10509","RC5T3R",3480,"f"
"10510","6c4MZT",2850,"f"
"10511","2ZBH3d",4020,"f"
"10512","d44R4W",4110,"f"
"10513","ZEYSWL",1560,"f"
"10514","33NPWV",1380,"m"
"10515","YMH4W3",1650,"f"
"10516","PXBcNU",1500,"m"
"10517","C2J3Kd",1350,"f"
"10518","7UQ674",1200,"f"
"10519","dJZ5QE",2850,"f"
"10520","H3HBTJ",1380,"f"
"10521","AEL3EQ",1200,"m"
"10522","3BMEHF",2130,"m"
"10523","HBWDcR",3210,"m"
"10524","ARMW2Y",3900,"m"
"10525","KMUTBA",2790,"f"
"10526","SCHcHE",3420,"m"
"10527","PXXPWV",2010,"m"
"10528","GCCDGU",1200,"f"
"10529","7EBDYc",3270,"f"
"10530","4P2QUV",1860,"m"
"10531","Z6D7dB",2220,"f"
"10532","75ZW26",1620,"m"
"10533","75ZW26",1620,"m"
"10534","BC76CA",3780,"m"
"10535","WMJVGR",3000,"m"
"10536","dVMXCc",1770,"f"
"10537","d5Ud2c",1920,"f"
"10538","4VCRcA",2520,"f"
"10539","CQKHMP",4980,"f"
"10540","QRZ4QE",1530,"f"
"10541","EFYJWW",2010,"f"
"10542","LRAUYL",2010,"f"
"10543","AWZXWB",1290,"f"
"10544","R27BW6",5130,"m"
"10545","PHK3XR",2610,"f"
"10546","N4N6Q2",1890,"m"
"10547","YFLMKE",2490,"m"
"10548","5c5BKL",2400,"m"
"10549","VDGZL2",1680,"m"
"10550","cMD6FQ",5220,"m"
"10551","GXGSFD",5640,"f"
"10552","SJQQ2J",5130,"f"
"10553","5WN27N",5250,"f"
"10554","P3EcYE",5130,"f"
"10555","AVEH25",5460,"f"
"10556","MLH6HJ",5610,"f"
"10557","42LZDc",5280,"f"
"10558","FFZF7X",5160,"f"
"10559","LRCNHV",5700,"m"
"10560","F5REDH",5520,"m"
"10561","7GdZTX",5460,"m"
"10562","D7cM6P",5790,"f"
"10563","JE64ZK",5460,"m"
"10564","2dBUQX",5310,"f"
"10565","Yd7WPT",5250,"f"
"10566","735EB3",5460,"f"
"10567","cG6dWL",5430,"m"
"10568","ENUBED",5130,"m"
"10569","J4S4Nd",5310,"f"
"10570","RQXQ37",5610,"f"
"10571","TDYH5c",5250,"f"
"10572","H5HUVK",5520,"f"
"10573","A3HVZU",5490,"m"
"10574","Q5ZTWH",5130,"m"
"10575","CPLE3C",5220,"m"
"10576","VdRXdD",1350,"f"
"10577","DGH6Ld",1440,"f"
"10578","5A2Y2B",1170,"f"
"10579","GRLVFF",1230,"m"
"10580","4Lc7HB",1110,"m"
"10581","5TDN53",1350,"f"
"10582","F5QMEJ",1320,"m"
"10583","KU6RG5",2460,"m"
"10584","B5SScH",2520,"f"
"10585","XFMJ2D",2400,"m"
"10586","XNAGCD",2310,"f"
"10587","CTDG73",2490,"m"
"10588","GQYEcF",2340,"f"
"10589","DTXJAD",2400,"m"
"10590","5EPF77",2400,"f"
"10591","RBWAXG",2370,"f"
"10592","NA75A3",1320,"f"
"10593","ZFASAN",1260,"m"
"10594","UPcFPQ",1170,"f"
"10595","3BJL75",1320,"m"
"10596","L6BNGd",1440,"m"
"10597","4dR3DM",1530,"f"
"10598","FG3c3c",1590,"m"
"10599","3NRZDA",1110,"f"
"10600","cKNVRc",1770,"f"
"10601","KTLJTX",1140,"f"
"10602","QZ77BB",1500,"m"
"10603","DEH3SW",1230,"f"
"10604","CFZAdK",1230,"m"
"10605","223QZT",1590,"f"
"10606","C2PTE3",1380,"f"
"10607","RTVEE7",1560,"m"
"10608","XUYCHN",1170,"f"
"10609","CFGJVV",1140,"f"
"10610","6RYcKQ",1260,"f"
"10611","NX5FLF",1110,"f"
"10612","ZP3B3N",1110,"f"
"10613","RJ5WYZ",1290,"f"
"10614","A5ZcC2",1140,"m"
"10615","LFC354",1110,"f"
"10616","FdK67M",1200,"f"
"10617","K6SSNX",1110,"f"
"10618","QEQAZZ",1440,"f"
"10619","E5EL7R",5520,"f"
"10620","AVEH25",5280,"f"
"10621","5CETCY",5520,"m"
"10622","KdTKRC",5730,"m"
"10623","XQc656",2490,"m"
"10624","3QARD5",2250,"m"
"10625","BAA7SE",2310,"f"
"10626","DRTVFR",2190,"f"
"10627","X3U2KL",3300,"m"
"10628","ZdWJU6",1200,"f"
"10629","DZEEEQ",1140,"m"
"10630","cLWD7X",1260,"m"
"10631","VVcSLZ",1170,"m"
"10632","YQXHAZ",1260,"m"
"10633","A5ZcC2",1110,"m"
"10634","4SGNPS",3780,"m"
"10635","77P6BR",3300,"f"
"10636","DJKFNX",3600,"m"
"10637","EM566H",3480,"m"
"10638","VHTSRV",3390,"m"
"10639","UFEZMT",3870,"f"
"10640","UNVGH4",3390,"f"
"10641","G64NX2",3300,"f"
"10642","UEXRGR",3300,"m"
"10643","2RT5YX",3750,"f"
"10644","5Hd5XN",3930,"m"
"10645","M2VDRX",3390,"f"
"10646","ALGACP",3630,"m"
"10647","6VQ5NV",3330,"f"
"10648","QE3QBc",3270,"m"
"10649","RF7BV6",3030,"f"
"10650","ZADALH",3630,"f"
"10651","UDVQ7Y",3330,"m"
"10652","ZU2PLS",3270,"f"
"10653","H7RFHM",3030,"f"
"10654","3NJBME",3360,"m"
"10655","2cLdd2",3180,"f"
"10656","U2YQXC",3870,"m"
"10657","U2YQXC",3870,"m"
"10658","VAKJdV",2940,"m"
"10659","WDNHcd",3990,"f"
"10660","cZVLcN",2970,"m"
"10661","LdNK4E",3090,"m"
"10662","5CZXYC",3240,"m"
"10663","MATGdB",3150,"f"
"10664","NBR2LE",3660,"m"
"10665","MM7MHD",3090,"m"
"10666","XQJNFQ",3510,"m"
"10667","J3RPUM",3930,"m"
"10668","J6GS2X",5820,"m"
"10669","QDLBWP",4500,"f"
"10670","36TYFV",4830,"f"
"10671","46GXRG",4890,"m"
"10672","WUCdQ6",4830,"m"
"10673","K7GP2d",5340,"f"
"10674","EcQK3N",5130,"m"
"10675","cMD6FQ",4980,"m"
"10676","EKACME",4740,"m"
"10677","K7GP2d",5340,"f"
"10678","7GKV4Y",5670,"m"
"10679","F7J6RM",4770,"m"
"10680","PU2VcV",4740,"o"
"10681","C5HA27",4740,"f"
"10682","USPAM2",4920,"f"
"10683","USPAM2",4920,"f"
"10684","CYHPFL",4950,"m"
"10685","SHWDdD",5310,"m"
"10686","27NPYH",4890,"f"
"10687","3EXKKV",4950,"m"
"10688","cMD6FQ",4920,"m"
"10689","LRCNHV",5430,"m"
"10690","PF76LW",5100,"m"
"10691","N2ZVC6",5280,"m"
"10692","B7TKT6",5040,"f"
"10693","7GdZTX",5190,"m"
"10694","735EB3",5250,"f"
"10695","RHTVQE",5010,"m"
"10696","VR4LYE",4500,"m"
"10697","543XTU",5280,"m"
"10698","775VNH",4890,"m"
"10699","N54WCV",5760,"f"
"10700","YAEUF5",5670,"m"
"10701","WQU6QW",5190,"f"
"10702","KRLDTE",4410,"m"
"10703","V3dN5D",4890,"m"
"10704","U32dEc",4950,"m"
"10705","JD34YF",4530,"m"
"10706","WYSHT3",4980,"m"
"10707","MNMX4S",5370,"m"
"10708","cX2D7c",4410,"f"
"10709","UYRcFH",4650,"f"
"10710","UKBcFN",4440,"m"
"10711","DEJDGM",4440,"m"
"10712","4URBHK",5070,"f"
"10713","YKUEcM",4170,"f"
"10714","P7Md7Y",4230,"f"
"10715","6VN3FP",4980,"m"
"10716","E5VGcY",4320,"f"
"10717","NcPKdR",4740,"m"
"10718","5C4cLF",4260,"m"
"10719","YKVL6Y",4020,"m"
"10720","LA3QLT",4770,"f"
"10721","3EXKKV",4860,"m"
"10722","4UTJ5C",4650,"f"
"10723","Z46DHN",4140,"m"
"10724","Rc27L6",5250,"f"
"10725","T7C2LP",4950,"f"
"10726","PCWHCD",4080,"m"
"10727","YSMZLG",4530,"m"
"10728","CJ2JZ3",4590,"m"
"10729","VB2XLF",4110,"m"
"10730","BVZU4W",4140,"m"
"10731","LZWTJC",4140,"m"
"10732","NN3UDW",4440,"m"
"10733","7DNGNA",5070,"m"
"10734","MQ5dCM",4260,"f"
"10735","G3BWNN",4440,"m"
"10736","J7d7Ed",4560,"m"
"10737","6LXAJD",4350,"f"
"10738","FEYCW6",4410,"m"
"10739","W3c3ZK",5580,"m"
"10740","BDKZEN",4050,"m"
"10741","ZQ3TTU",4710,"m"
"10742","XYX3RT",4680,"m"
"10743","JKQG2U",4740,"f"
"10744","VX7XXc",5040,"m"
"10745","26TBKA",4080,"m"
"10746","VMHNQA",4350,"f"
"10747","cYHPQ5",4140,"m"
"10748","KLdCX3",4260,"m"
"10749","SL5H56",4260,"f"
"10750","2CKBJK",4050,"m"
"10751","P7Md7Y",4200,"f"
"10752","VJ5H2T",5160,"o"
"10753","B47FdD",3990,"m"
"10754","J6DT2K",4560,"m"
"10755","Vc73T7",4110,"m"
"10756","2D2Pd2",5190,"f"
"10757","AHG2DK",5700,"m"
"10758","ERC7YR",3870,"f"
"10759","QCPV75",4500,"m"
"10760","CTJFJ4",4950,"m"
"10761","FQNNUZ",5130,"f"
"10762","J6GS2X",5640,"m"
"10763","c3dQ5P",3720,"m"
"10764","AVEH25",5070,"f"
"10765","HMdQVZ",3870,"m"
"10766","FBSJTZ",5820,"f"
"10767","DHLRUE",4560,"m"
"10768","CRAcZd",5430,"f"
"10769","TDSRAc",4770,"f"
"10770","RV46G2",4260,"m"
"10771","2UMdLC",4170,"m"
"10772","c53NTX",3870,"m"
"10773","G5dAEK",4230,"m"
"10774","G36QUX",3840,"m"
"10775","Ddd43L",4500,"f"
"10776","2MNUcZ",5460,"f"
"10777","NSYUD6",3930,"f"
"10778","F7J6RM",4620,"m"
"10779","XKdc35",4170,"f"
"10780","2HPcJ3",4980,"m"
"10781","LN6TPF",4350,"f"
"10782","5WcVK4",5160,"f"
"10783","4BAHDN",3780,"m"
"10784","cFCZPK",4950,"m"
"10785","NKAPDd",5520,"m"
"10786","H5HUVK",5250,"f"
"10787","M6LdNB",4620,"m"
"10788","5MGCBZ",4050,"m"
"10789","ECZKcH",3090,"f"
"10790","FXKXTL",4290,"f"
"10791","4HBDTF",3840,"m"
"10792","d2RNVQ",3090,"f"
"10793","AZQZZJ",3480,"f"
"10794","KYNWJ7",3420,"f"
"10795","PWRD2W",3240,"f"
"10796","THHUXY",2790,"f"
"10797","CcXK5V",3630,"f"
"10798","226DPJ",3870,"m"
"10799","CT6TE2",2280,"f"
"10800","dJUH64",2610,"m"
"10801","MM7MHD",2910,"m"
"10802","TRMZMN",2400,"f"
"10803","DUJVEL",3150,"m"
"10804","GE4NBT",5640,"m"
"10805","XdAMGC",2550,"f"
"10806","GLQULU",2640,"f"
"10807","ADcDUM",3330,"m"
"10808","dB3YRD",4290,"f"
"10809","CACCCP",2880,"m"
"10810","BJZGD2",3270,"f"
"10811","SQPHC7",2310,"f"
"10812","Kc6RMY",3330,"m"
"10813","PBLZWN",5190,"f"
"10814","VZ53KA",4110,"f"
"10815","WUBBEK",2640,"m"
"10816","XS57KJ",2190,"m"
"10817","d3R2U4",3060,"f"
"10818","RCAU4S",1980,"f"
"10819","UGcYTS",2970,"f"
"10820","LXRCcF",1980,"f"
"10821","6WDXTc",2160,"m"
"10822","37LAQX",2910,"m"
"10823","YLJTKQ",1950,"f"
"10824","KPRDT6",3480,"m"
"10825","BVA42Y",1950,"f"
"10826","KBQDD5",2700,"m"
"10827","4QcY5E",2070,"f"
"10828","4d2CPG",3000,"m"
"10829","SDF2YR",2490,"m"
"10830","7YdT45",2550,"f"
"10831","ZALG7S",3570,"f"
"10832","FJZ4BR",4530,"m"
"10833","BZVQUN",3840,"f"
"10834","BNXB5D",2640,"f"
"10835","NDM42C",2220,"f"
"10836","YM2G5C",1380,"f"
"10837","747d4U",2040,"f"
"10838","VEYGC2",3840,"m"
"10839","6RDT55",4920,"f"
"10840","c6dNFC",1500,"f"
"10841","FW72XL",3150,"f"
"10842","DY7SUJ",3870,"f"
"10843","VdM6UX",2880,"m"
"10844","4XE3KX",3600,"f"
"10845","QdRUdL",4170,"m"
"10846","VGGS3V",3480,"m"
"10847","3STC7T",1500,"f"
"10848","7W2BAS",3000,"f"
"10849","CPcQFY",4470,"f"
"10850","K6FCZV",3540,"m"
"10851","QMLL2R",1530,"m"
"10852","3ADQJK",1170,"m"
"10853","YPMRcS",1710,"f"
"10854","K7YdLP",5640,"f"
"10855","DBFU24",4290,"f"
"10856","KE6McV",4020,"f"
"10857","Y5C3MY",2880,"m"
"10858","VdA4LW",1290,"f"
"10859","SCHcHE",3450,"m"
"10860","GFRFTR",1920,"f"
"10861","AF6JVZ",2490,"m"
"10862","dADL67",1890,"f"
"10863","4NJCTY",1590,"m"
"10864","7JUJPC",2790,"m"
"10865","Y2M3FQ",4230,"f"
"10866","WDY6c7",2550,"f"
"10867","C5HA27",4620,"f"
"10868","PU2VcV",4620,"o"
"10869","YFE323",2040,"m"
"10870","GXJBPE",1170,"m"
"10871","VRRTXM",3540,"f"
"10872","65LC6N",1200,"m"
"10873","EHPQXP",2670,"f"
"10874","KN4QXT",1890,"m"
"10875","5Q24K5",1290,"f"
"10876","AEVA5R",2610,"f"
"10877","PZ5DPJ",1170,"f"
"10878","RL56d4",3060,"m"
"10879","VRHSL4",3450,"f"
"10880","SEAHSd",2100,"m"
"10881","NSQ3X6",3420,"f"
"10882","4VHdUK",5040,"m"
"10883","AS4P67",2040,"f"
"10884","Xd7JWC",2010,"m"
"10885","PcR4BM",1980,"m"
"10886","UPTL7Y",3720,"m"
"10887","DHZ3NG",3600,"f"
"10888","YLAdC4",1830,"f"
"10889","PRPWZF",2220,"f"
"10890","NMW7J7",1500,"f"
"10891","MBCA5E",2730,"f"
"10892","NPVQNQ",1740,"m"
"10893","NEQP2Q",1860,"f"
"10894","44WWDL",1890,"f"
"10895","dMcX57",1650,"m"
"10896","P2JCDF",1740,"m"
"10897","XEKPSB",1980,"f"
"10898","dJPCR7",2610,"m"
"10899","QVDCEG",2760,"f"
"10900","TJAT32",1260,"m"
"10901","V5REVB",1500,"m"
"10902","S7FVQH",2070,"m"
"10903","347dJH",1800,"f"
"10904","SCMMCA",3150,"f"
"10905","J33Q67",1440,"m"
"10906","PK2YGJ",4200,"m"
"10907","3G522Y",2460,"f"
"10908","W575AK",2790,"f"
"10909","WQGT5Y",1200,"m"
"10910","d6RFVM",4110,"m"
"10911","GYU46J",4140,"f"
"10912","2cLdd2",2970,"f"
"10913","6FL4TM",2550,"f"
"10914","QVSRQC",1980,"f"
"10915","DKUY4F",1290,"f"
"10916","XAVQXc",2100,"f"
"10917","UZG2dX",2940,"m"
"10918","KHRJM7",3810,"m"
"10919","UAPd65",3060,"m"
"10920","3XcSJ2",3810,"f"
"10921","dR3ZQW",3240,"m"
"10922","LUQK5d",1350,"f"
"10923","KE3Z6Z",3810,"f"
"10924","FVTKHG",2790,"f"
"10925","5HHGcY",2640,"m"
"10926","Fc7UHG",3270,"m"
"10927","Q4EEd6",2460,"f"
"10928","Ddd42B",4590,"m"
"10929","cFJCJK",2490,"f"
"10930","RL5F7C",1590,"m"
"10931","QARBCD",3690,"m"
"10932","c2DEY3",1200,"m"
"10933","LKJRX3",2970,"f"
"10934","7R4XY2",1350,"f"
"10935","MR5MAH",2700,"f"
"10936","Z6JWFD",3000,"m"
"10937","FG5XVM",2550,"m"
"10938","BLMEUH",1560,"f"
"10939","XC7SMU",4050,"m"
"10940","MBSYFS",1740,"m"
"10941","2N2GAd",3060,"f"
"10942","YPNJKP",1740,"f"
"10943","BdHTN4",3420,"m"
"10944","4JccdB",2820,"m"
"10945","XQS345",1140,"f"
"10946","EG4DM2",1680,"m"
"10947","ZPAG2A",2400,"f"
"10948","NBXP7N",3390,"m"
"10949","cE3WXc",1530,"m"
"10950","KRLDTE",4320,"m"
"10951","NY2cZA",3510,"f"
"10952","CUCSW3",2880,"m"
"10953","NZKdcH",1530,"f"
"10954","5Hd5XN",3720,"m"
"10955","JFd4LQ",3120,"f"
"10956","V6JVMB",2700,"m"
"10957","WGSZS6",1920,"m"
"10958","UQYP3K",2160,"f"
"10959","P3MYF5",3300,"f"
"10960","dcddCF",1770,"f"
"10961","CAECUF",3870,"f"
"10962","NZcKZR",2490,"m"
"10963","3MGZ2D",1620,"f"
"10964","Y324M2",4710,"m"
"10965","RKKSJM",3030,"f"
"10966","4ABCC4",1320,"f"
"10967","K73D3S",1860,"f"
"10968","5d3X5S",1620,"f"
"10969","WDETH6",2670,"m"
"10970","dZUWST",2340,"f"
"10971","cYGACQ",1890,"f"
"10972","dXAQG4",2760,"m"
"10973","5WHcX5",3750,"m"
"10974","K7R7CV",2550,"f"
"10975","FG2KCN",1440,"f"
"10976","YHGER6",3660,"f"
"10977","XUUFNU",2460,"f"
"10978","WPK4FZ",2760,"m"
"10979","Q4cDH5",2310,"f"
"10980","CXMSKS",2730,"f"
"10981","EZ6FZQ",1650,"m"
"10982","LCDQES",1530,"f"
"10983","LKKFPd",2400,"f"
"10984","Y4MHXV",2160,"m"
"10985","2ZPdLJ",1500,"f"
"10986","RC5T3R",3480,"f"
"10987","6c4MZT",2850,"f"
"10988","2ZBH3d",4020,"f"
"10989","d44R4W",4110,"f"
"10990","ZEYSWL",1560,"f"
"10991","33NPWV",1380,"m"
"10992","YMH4W3",1650,"f"
"10993","PXBcNU",1500,"m"
"10994","C2J3Kd",1350,"f"
"10995","7UQ674",1200,"f"
"10996","dJZ5QE",2850,"f"
"10997","H3HBTJ",1380,"f"
"10998","AEL3EQ",1200,"m"
"10999","3BMEHF",2130,"m"
"11000","HBWDcR",3210,"m"
"11001","ARMW2Y",3900,"m"
"11002","KMUTBA",2790,"f"
"11003","SCHcHE",3420,"m"
"11004","PXXPWV",2010,"m"
"11005","GCCDGU",1200,"f"
"11006","7EBDYc",3270,"f"
"11007","4P2QUV",1860,"m"
"11008","Z6D7dB",2220,"f"
"11009","75ZW26",1620,"m"
"11010","BC76CA",3780,"m"
"11011","WMJVGR",3000,"m"
"11012","dVMXCc",1770,"f"
"11013","d5Ud2c",1920,"f"
"11014","4VCRcA",2520,"f"
"11015","CQKHMP",4980,"f"
"11016","QRZ4QE",1530,"f"
"11017","EFYJWW",2010,"f"
"11018","LRAUYL",2010,"f"
"11019","AWZXWB",1290,"f"
"11020","R27BW6",5130,"m"
"11021","PHK3XR",2610,"f"
"11022","N4N6Q2",1890,"m"
"11023","YFLMKE",2490,"m"
"11024","5c5BKL",2400,"m"
"11025","VDGZL2",1680,"m"
"11026","cMD6FQ",5220,"m"
"11027","GXGSFD",5640,"f"
"11028","SJQQ2J",5130,"f"
"11029","5WN27N",5250,"f"
"11030","P3EcYE",5130,"f"
"11031","AVEH25",5460,"f"
"11032","MLH6HJ",5610,"f"
"11033","42LZDc",5280,"f"
"11034","42LZDc",5280,"f"
"11035","FFZF7X",5160,"f"
"11036","LRCNHV",5700,"m"
"11037","F5REDH",5520,"m"
"11038","7GdZTX",5460,"m"
"11039","D7cM6P",5790,"f"
"11040","JE64ZK",5460,"m"
"11041","2dBUQX",5310,"f"
"11042","Yd7WPT",5250,"f"
"11043","735EB3",5460,"f"
"11044","cG6dWL",5430,"m"
"11045","ENUBED",5130,"m"
"11046","J4S4Nd",5310,"f"
"11047","RQXQ37",5610,"f"
"11048","TDYH5c",5250,"f"
"11049","H5HUVK",5520,"f"
"11050","A3HVZU",5490,"m"
"11051","Q5ZTWH",5130,"m"
"11052","CPLE3C",5220,"m"
"11053","VdRXdD",1350,"f"
"11054","DGH6Ld",1440,"f"
"11055","5A2Y2B",1170,"f"
"11056","GRLVFF",1230,"m"
"11057","4Lc7HB",1110,"m"
"11058","5TDN53",1350,"f"
"11059","F5QMEJ",1320,"m"
"11060","KU6RG5",2460,"m"
"11061","B5SScH",2520,"f"
"11062","XFMJ2D",2400,"m"
"11063","XNAGCD",2310,"f"
"11064","CTDG73",2490,"m"
"11065","GQYEcF",2340,"f"
"11066","DTXJAD",2400,"m"
"11067","5EPF77",2400,"f"
"11068","RBWAXG",2370,"f"
"11069","NA75A3",1320,"f"
"11070","ZFASAN",1260,"m"
"11071","UPcFPQ",1170,"f"
"11072","3BJL75",1320,"m"
"11073","L6BNGd",1440,"m"
"11074","4dR3DM",1530,"f"
"11075","FG3c3c",1590,"m"
"11076","3NRZDA",1110,"f"
"11077","cKNVRc",1770,"f"
"11078","KTLJTX",1140,"f"
"11079","QZ77BB",1500,"m"
"11080","DEH3SW",1230,"f"
"11081","CFZAdK",1230,"m"
"11082","223QZT",1590,"f"
"11083","C2PTE3",1380,"f"
"11084","RTVEE7",1560,"m"
"11085","XUYCHN",1170,"f"
"11086","CFGJVV",1140,"f"
"11087","6RYcKQ",1260,"f"
"11088","NX5FLF",1110,"f"
"11089","ZP3B3N",1110,"f"
"11090","RJ5WYZ",1290,"f"
"11091","A5ZcC2",1140,"m"
"11092","LFC354",1110,"f"
"11093","FdK67M",1200,"f"
"11094","K6SSNX",1110,"f"
"11095","QEQAZZ",1440,"f"
"11096","E5EL7R",5520,"f"
"11097","AVEH25",5280,"f"
"11098","5CETCY",5520,"m"
"11099","KdTKRC",5730,"m"
"11100","XQc656",2490,"m"
"11101","3QARD5",2250,"m"
"11102","BAA7SE",2310,"f"
"11103","DRTVFR",2190,"f"
"11104","X3U2KL",3300,"m"
"11105","ZdWJU6",1200,"f"
"11106","DZEEEQ",1140,"m"
"11107","cLWD7X",1260,"m"
"11108","VVcSLZ",1170,"m"
"11109","YQXHAZ",1260,"m"
"11110","A5ZcC2",1110,"m"
"11111","4SGNPS",3780,"m"
"11112","77P6BR",3300,"f"
"11113","DJKFNX",3600,"m"
"11114","EM566H",3480,"m"
"11115","VHTSRV",3390,"m"
"11116","UFEZMT",3870,"f"
"11117","UNVGH4",3390,"f"
"11118","G64NX2",3300,"f"
"11119","UEXRGR",3300,"m"
"11120","2RT5YX",3750,"f"
"11121","5Hd5XN",3930,"m"
"11122","M2VDRX",3390,"f"
"11123","ALGACP",3630,"m"
"11124","6VQ5NV",3330,"f"
"11125","QE3QBc",3270,"m"
"11126","RF7BV6",3030,"f"
"11127","ZADALH",3630,"f"
"11128","UDVQ7Y",3330,"m"
"11129","ZU2PLS",3270,"f"
"11130","H7RFHM",3030,"f"
"11131","3NJBME",3360,"m"
"11132","2cLdd2",3180,"f"
"11133","U2YQXC",3870,"m"
"11134","U2YQXC",3870,"m"
"11135","VAKJdV",2940,"m"
"11136","WDNHcd",3990,"f"
"11137","cZVLcN",2970,"m"
"11138","LdNK4E",3090,"m"
"11139","5CZXYC",3240,"m"
"11140","MATGdB",3150,"f"
"11141","NBR2LE",3660,"m"
"11142","MM7MHD",3090,"m"
"11143","XQJNFQ",3510,"m"
"11144","J3RPUM",3930,"m"
"11145","J6GS2X",5820,"m"
"11146","QDLBWP",4500,"f"
"11147","36TYFV",4830,"f"
"11148","46GXRG",4890,"m"
"11149","WUCdQ6",4830,"m"
"11150","K7GP2d",5340,"f"
"11151","EcQK3N",5130,"m"
"11152","cMD6FQ",4980,"m"
"11153","EKACME",4740,"m"
"11154","K7GP2d",5340,"f"
"11155","7GKV4Y",5670,"m"
"11156","F7J6RM",4770,"m"
"11157","PU2VcV",4740,"o"
"11158","C5HA27",4740,"f"
"11159","USPAM2",4920,"f"
"11160","USPAM2",4920,"f"
"11161","CYHPFL",4950,"m"
"11162","SHWDdD",5310,"m"
"11163","27NPYH",4890,"f"
"11164","3EXKKV",4950,"m"
"11165","cMD6FQ",4920,"m"
"11166","LRCNHV",5430,"m"
"11167","PF76LW",5100,"m"
"11168","N2ZVC6",5280,"m"
"11169","B7TKT6",5040,"f"
"11170","7GdZTX",5190,"m"
"11171","735EB3",5250,"f"
"11172","RHTVQE",5010,"m"
"11173","VR4LYE",4500,"m"
"11174","543XTU",5280,"m"
"11175","775VNH",4890,"m"
"11176","N54WCV",5760,"f"
"11177","YAEUF5",5670,"m"
"11178","WQU6QW",5190,"f"
"11179","KRLDTE",4410,"m"
"11180","V3dN5D",4890,"m"
"11181","U32dEc",4950,"m"
"11182","JD34YF",4530,"m"
"11183","WYSHT3",4980,"m"
"11184","MNMX4S",5370,"m"
"11185","cX2D7c",4410,"f"
"11186","UYRcFH",4650,"f"
"11187","UKBcFN",4440,"m"
"11188","DEJDGM",4440,"m"
"11189","4URBHK",5070,"f"
"11190","YKUEcM",4170,"f"
"11191","P7Md7Y",4230,"f"
"11192","6VN3FP",4980,"m"
"11193","E5VGcY",4320,"f"
"11194","NcPKdR",4740,"m"
"11195","5C4cLF",4260,"m"
"11196","YKVL6Y",4020,"m"
"11197","LA3QLT",4770,"f"
"11198","3EXKKV",4860,"m"
"11199","4UTJ5C",4650,"f"
"11200","Z46DHN",4140,"m"
"11201","Rc27L6",5250,"f"
"11202","T7C2LP",4950,"f"
"11203","PCWHCD",4080,"m"
"11204","YSMZLG",4530,"m"
"11205","CJ2JZ3",4590,"m"
"11206","VB2XLF",4110,"m"
"11207","BVZU4W",4140,"m"
"11208","LZWTJC",4140,"m"
"11209","NN3UDW",4440,"m"
"11210","7DNGNA",5070,"m"
"11211","MQ5dCM",4260,"f"
"11212","G3BWNN",4440,"m"
"11213","J7d7Ed",4560,"m"
"11214","6LXAJD",4350,"f"
"11215","FEYCW6",4410,"m"
"11216","W3c3ZK",5580,"m"
"11217","BDKZEN",4050,"m"
"11218","ZQ3TTU",4710,"m"
"11219","XYX3RT",4680,"m"
"11220","JKQG2U",4740,"f"
"11221","VX7XXc",5040,"m"
"11222","26TBKA",4080,"m"
"11223","VMHNQA",4350,"f"
"11224","cYHPQ5",4140,"m"
"11225","KLdCX3",4260,"m"
"11226","SL5H56",4260,"f"
"11227","2CKBJK",4050,"m"
"11228","P7Md7Y",4200,"f"
"11229","VJ5H2T",5160,"o"
"11230","B47FdD",3990,"m"
"11231","J6DT2K",4560,"m"
"11232","Vc73T7",4110,"m"
"11233","2D2Pd2",5190,"f"
"11234","AHG2DK",5700,"m"
"11235","ERC7YR",3870,"f"
"11236","QCPV75",4500,"m"
"11237","CTJFJ4",4950,"m"
"11238","FQNNUZ",5130,"f"
"11239","J6GS2X",5640,"m"
"11240","c3dQ5P",3720,"m"
"11241","AVEH25",5070,"f"
"11242","HMdQVZ",3870,"m"
"11243","FBSJTZ",5820,"f"
"11244","DHLRUE",4560,"m"
"11245","CRAcZd",5430,"f"
"11246","TDSRAc",4770,"f"
"11247","RV46G2",4260,"m"
"11248","2UMdLC",4170,"m"
"11249","c53NTX",3870,"m"
"11250","G5dAEK",4230,"m"
"11251","G36QUX",3840,"m"
"11252","Ddd43L",4500,"f"
"11253","2MNUcZ",5460,"f"
"11254","NSYUD6",3930,"f"
"11255","F7J6RM",4620,"m"
"11256","XKdc35",4170,"f"
"11257","2HPcJ3",4980,"m"
"11258","LN6TPF",4350,"f"
"11259","5WcVK4",5160,"f"
"11260","4BAHDN",3780,"m"
"11261","cFCZPK",4950,"m"
"11262","NKAPDd",5520,"m"
"11263","H5HUVK",5250,"f"
"11264","M6LdNB",4620,"m"
"11265","5MGCBZ",4050,"m"
"11266","ECZKcH",3090,"f"
"11267","FXKXTL",4290,"f"
"11268","4HBDTF",3840,"m"
"11269","d2RNVQ",3090,"f"
"11270","AZQZZJ",3480,"f"
"11271","KYNWJ7",3420,"f"
"11272","PWRD2W",3240,"f"
"11273","THHUXY",2790,"f"
"11274","CcXK5V",3630,"f"
"11275","226DPJ",3870,"m"
"11276","CT6TE2",2280,"f"
"11277","dJUH64",2610,"m"
"11278","MM7MHD",2910,"m"
"11279","TRMZMN",2400,"f"
"11280","DUJVEL",3150,"m"
"11281","GE4NBT",5640,"m"
"11282","XdAMGC",2550,"f"
"11283","GLQULU",2640,"f"
"11284","ADcDUM",3330,"m"
"11285","dB3YRD",4290,"f"
"11286","CACCCP",2880,"m"
"11287","BJZGD2",3270,"f"
"11288","SQPHC7",2310,"f"
"11289","Kc6RMY",3330,"m"
"11290","PBLZWN",5190,"f"
"11291","VZ53KA",4110,"f"
"11292","WUBBEK",2640,"m"
"11293","XS57KJ",2190,"m"
"11294","d3R2U4",3060,"f"
"11295","RCAU4S",1980,"f"
"11296","UGcYTS",2970,"f"
"11297","LXRCcF",1980,"f"
"11298","6WDXTc",2160,"m"
"11299","37LAQX",2910,"m"
"11300","YLJTKQ",1950,"f"
"11301","KPRDT6",3480,"m"
"11302","BVA42Y",1950,"f"
"11303","KBQDD5",2700,"m"
"11304","4QcY5E",2070,"f"
"11305","4d2CPG",3000,"m"
"11306","SDF2YR",2490,"m"
"11307","7YdT45",2550,"f"
"11308","ZALG7S",3570,"f"
"11309","FJZ4BR",4530,"m"
"11310","BZVQUN",3840,"f"
"11311","BNXB5D",2640,"f"
"11312","NDM42C",2220,"f"
"11313","YM2G5C",1380,"f"
"11314","747d4U",2040,"f"
"11315","VEYGC2",3840,"m"
"11316","6RDT55",4920,"f"
"11317","c6dNFC",1500,"f"
"11318","FW72XL",3150,"f"
"11319","DY7SUJ",3870,"f"
"11320","VdM6UX",2880,"m"
"11321","4XE3KX",3600,"f"
"11322","QdRUdL",4170,"m"
"11323","VGGS3V",3480,"m"
"11324","3STC7T",1500,"f"
"11325","7W2BAS",3000,"f"
"11326","CPcQFY",4470,"f"
"11327","K6FCZV",3540,"m"
"11328","QMLL2R",1530,"m"
"11329","3ADQJK",1170,"m"
"11330","YPMRcS",1710,"f"
"11331","K7YdLP",5640,"f"
"11332","DBFU24",4290,"f"
"11333","KE6McV",4020,"f"
"11334","Y5C3MY",2880,"m"
"11335","VdA4LW",1290,"f"
"11336","SCHcHE",3450,"m"
"11337","GFRFTR",1920,"f"
"11338","AF6JVZ",2490,"m"
"11339","dADL67",1890,"f"
"11340","4NJCTY",1590,"m"
"11341","7JUJPC",2790,"m"
"11342","Y2M3FQ",4230,"f"
"11343","WDY6c7",2550,"f"
"11344","C5HA27",4620,"f"
"11345","PU2VcV",4620,"o"
"11346","YFE323",2040,"m"
"11347","GXJBPE",1170,"m"
"11348","VRRTXM",3540,"f"
"11349","65LC6N",1200,"m"
"11350","EHPQXP",2670,"f"
"11351","KN4QXT",1890,"m"
"11352","5Q24K5",1290,"f"
"11353","AEVA5R",2610,"f"
"11354","PZ5DPJ",1170,"f"
"11355","RL56d4",3060,"m"
"11356","VRHSL4",3450,"f"
"11357","SEAHSd",2100,"m"
"11358","NSQ3X6",3420,"f"
"11359","4VHdUK",5040,"m"
"11360","AS4P67",2040,"f"
"11361","Xd7JWC",2010,"m"
"11362","PcR4BM",1980,"m"
"11363","UPTL7Y",3720,"m"
"11364","DHZ3NG",3600,"f"
"11365","YLAdC4",1830,"f"
"11366","PRPWZF",2220,"f"
"11367","NMW7J7",1500,"f"
"11368","MBCA5E",2730,"f"
"11369","NPVQNQ",1740,"m"
"11370","NEQP2Q",1860,"f"
"11371","44WWDL",1890,"f"
"11372","dMcX57",1650,"m"
"11373","P2JCDF",1740,"m"
"11374","XEKPSB",1980,"f"
"11375","dJPCR7",2610,"m"
"11376","QVDCEG",2760,"f"
"11377","TJAT32",1260,"m"
"11378","V5REVB",1500,"m"
"11379","S7FVQH",2070,"m"
"11380","347dJH",1800,"f"
"11381","SCMMCA",3150,"f"
"11382","J33Q67",1440,"m"
"11383","PK2YGJ",4200,"m"
"11384","3G522Y",2460,"f"
"11385","W575AK",2790,"f"
"11386","WQGT5Y",1200,"m"
"11387","d6RFVM",4110,"m"
"11388","GYU46J",4140,"f"
"11389","2cLdd2",2970,"f"
"11390","6FL4TM",2550,"f"
"11391","QVSRQC",1980,"f"
"11392","DKUY4F",1290,"f"
"11393","XAVQXc",2100,"f"
"11394","UZG2dX",2940,"m"
"11395","KHRJM7",3810,"m"
"11396","UAPd65",3060,"m"
"11397","3XcSJ2",3810,"f"
"11398","dR3ZQW",3240,"m"
"11399","LUQK5d",1350,"f"
"11400","KE3Z6Z",3810,"f"
"11401","FVTKHG",2790,"f"
"11402","5HHGcY",2640,"m"
"11403","Fc7UHG",3270,"m"
"11404","Q4EEd6",2460,"f"
"11405","Ddd42B",4590,"m"
"11406","cFJCJK",2490,"f"
"11407","RL5F7C",1590,"m"
"11408","QARBCD",3690,"m"
"11409","c2DEY3",1200,"m"
"11410","LKJRX3",2970,"f"
"11411","7R4XY2",1350,"f"
"11412","MR5MAH",2700,"f"
"11413","Z6JWFD",3000,"m"
"11414","FG5XVM",2550,"m"
"11415","BLMEUH",1560,"f"
"11416","XC7SMU",4050,"m"
"11417","MBSYFS",1740,"m"
"11418","2N2GAd",3060,"f"
"11419","YPNJKP",1740,"f"
"11420","BdHTN4",3420,"m"
"11421","4JccdB",2820,"m"
"11422","XQS345",1140,"f"
"11423","EG4DM2",1680,"m"
"11424","ZPAG2A",2400,"f"
"11425","NBXP7N",3390,"m"
"11426","cE3WXc",1530,"m"
"11427","KRLDTE",4320,"m"
"11428","NY2cZA",3510,"f"
"11429","CUCSW3",2880,"m"
"11430","NZKdcH",1530,"f"
"11431","5Hd5XN",3720,"m"
"11432","JFd4LQ",3120,"f"
"11433","V6JVMB",2700,"m"
"11434","WGSZS6",1920,"m"
"11435","UQYP3K",2160,"f"
"11436","P3MYF5",3300,"f"
"11437","dcddCF",1770,"f"
"11438","CAECUF",3870,"f"
"11439","NZcKZR",2490,"m"
"11440","3MGZ2D",1620,"f"
"11441","Y324M2",4710,"m"
"11442","RKKSJM",3030,"f"
"11443","4ABCC4",1320,"f"
"11444","K73D3S",1860,"f"
"11445","5d3X5S",1620,"f"
"11446","WDETH6",2670,"m"
"11447","dZUWST",2340,"f"
"11448","cYGACQ",1890,"f"
"11449","dXAQG4",2760,"m"
"11450","5WHcX5",3750,"m"
"11451","K7R7CV",2550,"f"
"11452","FG2KCN",1440,"f"
"11453","YHGER6",3660,"f"
"11454","XUUFNU",2460,"f"
"11455","WPK4FZ",2760,"m"
"11456","Q4cDH5",2310,"f"
"11457","CXMSKS",2730,"f"
"11458","EZ6FZQ",1650,"m"
"11459","LCDQES",1530,"f"
"11460","LKKFPd",2400,"f"
"11461","Y4MHXV",2160,"m"
"11462","2ZPdLJ",1500,"f"
"11463","RC5T3R",3480,"f"
"11464","6c4MZT",2850,"f"
"11465","2ZBH3d",4020,"f"
"11466","d44R4W",4110,"f"
"11467","ZEYSWL",1560,"f"
"11468","33NPWV",1380,"m"
"11469","YMH4W3",1650,"f"
"11470","PXBcNU",1500,"m"
"11471","C2J3Kd",1350,"f"
"11472","7UQ674",1200,"f"
"11473","dJZ5QE",2850,"f"
"11474","H3HBTJ",1380,"f"
"11475","AEL3EQ",1200,"m"
"11476","3BMEHF",2130,"m"
"11477","HBWDcR",3210,"m"
"11478","ARMW2Y",3900,"m"
"11479","KMUTBA",2790,"f"
"11480","SCHcHE",3420,"m"
"11481","PXXPWV",2010,"m"
"11482","GCCDGU",1200,"f"
"11483","7EBDYc",3270,"f"
"11484","4P2QUV",1860,"m"
"11485","Z6D7dB",2220,"f"
"11486","75ZW26",1620,"m"
"11487","BC76CA",3780,"m"
"11488","WMJVGR",3000,"m"
"11489","dVMXCc",1770,"f"
"11490","d5Ud2c",1920,"f"
"11491","4VCRcA",2520,"f"
"11492","CQKHMP",4980,"f"
"11493","QRZ4QE",1530,"f"
"11494","EFYJWW",2010,"f"
"11495","LRAUYL",2010,"f"
"11496","AWZXWB",1290,"f"
"11497","R27BW6",5130,"m"
"11498","PHK3XR",2610,"f"
"11499","N4N6Q2",1890,"m"
"11500","YFLMKE",2490,"m"
"11501","5c5BKL",2400,"m"
"11502","VDGZL2",1680,"m"
"11503","cMD6FQ",5220,"m"
"11504","GXGSFD",5640,"f"
"11505","SJQQ2J",5130,"f"
"11506","5WN27N",5250,"f"
"11507","P3EcYE",5130,"f"
"11508","AVEH25",5460,"f"
"11509","MLH6HJ",5610,"f"
"11510","42LZDc",5280,"f"
"11511","FFZF7X",5160,"f"
"11512","LRCNHV",5700,"m"
"11513","F5REDH",5520,"m"
"11514","7GdZTX",5460,"m"
"11515","D7cM6P",5790,"f"
"11516","JE64ZK",5460,"m"
"11517","2dBUQX",5310,"f"
"11518","Yd7WPT",5250,"f"
"11519","735EB3",5460,"f"
"11520","cG6dWL",5430,"m"
"11521","ENUBED",5130,"m"
"11522","J4S4Nd",5310,"f"
"11523","RQXQ37",5610,"f"
"11524","TDYH5c",5250,"f"
"11525","H5HUVK",5520,"f"
"11526","A3HVZU",5490,"m"
"11527","Q5ZTWH",5130,"m"
"11528","CPLE3C",5220,"m"
"11529","VdRXdD",1350,"f"
"11530","DGH6Ld",1440,"f"
"11531","5A2Y2B",1170,"f"
"11532","GRLVFF",1230,"m"
"11533","4Lc7HB",1110,"m"
"11534","5TDN53",1350,"f"
"11535","F5QMEJ",1320,"m"
"11536","KU6RG5",2460,"m"
"11537","B5SScH",2520,"f"
"11538","XFMJ2D",2400,"m"
"11539","XNAGCD",2310,"f"
"11540","CTDG73",2490,"m"
"11541","GQYEcF",2340,"f"
"11542","DTXJAD",2400,"m"
"11543","5EPF77",2400,"f"
"11544","RBWAXG",2370,"f"
"11545","NA75A3",1320,"f"
"11546","ZFASAN",1260,"m"
"11547","UPcFPQ",1170,"f"
"11548","3BJL75",1320,"m"
"11549","L6BNGd",1440,"m"
"11550","4dR3DM",1530,"f"
"11551","FG3c3c",1590,"m"
"11552","3NRZDA",1110,"f"
"11553","cKNVRc",1770,"f"
"11554","KTLJTX",1140,"f"
"11555","QZ77BB",1500,"m"
"11556","DEH3SW",1230,"f"
"11557","CFZAdK",1230,"m"
"11558","223QZT",1590,"f"
"11559","C2PTE3",1380,"f"
"11560","RTVEE7",1560,"m"
"11561","XUYCHN",1170,"f"
"11562","CFGJVV",1140,"f"
"11563","6RYcKQ",1260,"f"
"11564","NX5FLF",1110,"f"
"11565","ZP3B3N",1110,"f"
"11566","RJ5WYZ",1290,"f"
"11567","A5ZcC2",1140,"m"
"11568","LFC354",1110,"f"
"11569","FdK67M",1200,"f"
"11570","K6SSNX",1110,"f"
"11571","E5EL7R",5520,"f"
"11572","AVEH25",5280,"f"
"11573","5CETCY",5520,"m"
"11574","KdTKRC",5730,"m"
"11575","XQc656",2490,"m"
"11576","3QARD5",2250,"m"
"11577","BAA7SE",2310,"f"
"11578","DRTVFR",2190,"f"
"11579","X3U2KL",3300,"m"
"11580","ZdWJU6",1200,"f"
"11581","DZEEEQ",1140,"m"
"11582","cLWD7X",1260,"m"
"11583","VVcSLZ",1170,"m"
"11584","YQXHAZ",1260,"m"
"11585","A5ZcC2",1110,"m"
"11586","4SGNPS",3780,"m"
"11587","77P6BR",3300,"f"
"11588","DJKFNX",3600,"m"
"11589","EM566H",3480,"m"
"11590","VHTSRV",3390,"m"
"11591","UFEZMT",3870,"f"
"11592","UNVGH4",3390,"f"
"11593","G64NX2",3300,"f"
"11594","UEXRGR",3300,"m"
"11595","2RT5YX",3750,"f"
"11596","5Hd5XN",3930,"m"
"11597","M2VDRX",3390,"f"
"11598","ALGACP",3630,"m"
"11599","6VQ5NV",3330,"f"
"11600","QE3QBc",3270,"m"
"11601","RF7BV6",3030,"f"
"11602","ZADALH",3630,"f"
"11603","UDVQ7Y",3330,"m"
"11604","ZU2PLS",3270,"f"
"11605","H7RFHM",3030,"f"
"11606","3NJBME",3360,"m"
"11607","2cLdd2",3180,"f"
"11608","U2YQXC",3870,"m"
"11609","U2YQXC",3870,"m"
"11610","VAKJdV",2940,"m"
"11611","WDNHcd",3990,"f"
"11612","cZVLcN",2970,"m"
"11613","LdNK4E",3090,"m"
"11614","5CZXYC",3240,"m"
"11615","MATGdB",3150,"f"
"11616","NBR2LE",3660,"m"
"11617","MM7MHD",3090,"m"
"11618","XQJNFQ",3510,"m"
"11619","J3RPUM",3930,"m"
"11620","J6GS2X",5820,"m"
"11621","QDLBWP",4500,"f"
"11622","36TYFV",4830,"f"
"11623","46GXRG",4890,"m"
"11624","WUCdQ6",4830,"m"
"11625","K7GP2d",5340,"f"
"11626","EcQK3N",5130,"m"
"11627","cMD6FQ",4980,"m"
"11628","EKACME",4740,"m"
"11629","EKACME",4740,"m"
"11630","K7GP2d",5340,"f"
"11631","7GKV4Y",5670,"m"
"11632","F7J6RM",4770,"m"
"11633","PU2VcV",4740,"o"
"11634","C5HA27",4740,"f"
"11635","USPAM2",4920,"f"
"11636","USPAM2",4920,"f"
"11637","CYHPFL",4950,"m"
"11638","SHWDdD",5310,"m"
"11639","27NPYH",4890,"f"
"11640","3EXKKV",4950,"m"
"11641","cMD6FQ",4920,"m"
"11642","LRCNHV",5430,"m"
"11643","PF76LW",5100,"m"
"11644","N2ZVC6",5280,"m"
"11645","B7TKT6",5040,"f"
"11646","7GdZTX",5190,"m"
"11647","735EB3",5250,"f"
"11648","RHTVQE",5010,"m"
"11649","VR4LYE",4500,"m"
"11650","543XTU",5280,"m"
"11651","775VNH",4890,"m"
"11652","N54WCV",5760,"f"
"11653","YAEUF5",5670,"m"
"11654","WQU6QW",5190,"f"
"11655","KRLDTE",4410,"m"
"11656","V3dN5D",4890,"m"
"11657","U32dEc",4950,"m"
"11658","JD34YF",4530,"m"
"11659","WYSHT3",4980,"m"
"11660","MNMX4S",5370,"m"
"11661","cX2D7c",4410,"f"
"11662","UYRcFH",4650,"f"
"11663","UKBcFN",4440,"m"
"11664","DEJDGM",4440,"m"
"11665","4URBHK",5070,"f"
"11666","YKUEcM",4170,"f"
"11667","P7Md7Y",4230,"f"
"11668","6VN3FP",4980,"m"
"11669","E5VGcY",4320,"f"
"11670","NcPKdR",4740,"m"
"11671","5C4cLF",4260,"m"
"11672","YKVL6Y",4020,"m"
"11673","LA3QLT",4770,"f"
"11674","3EXKKV",4860,"m"
"11675","4UTJ5C",4650,"f"
"11676","Z46DHN",4140,"m"
"11677","Rc27L6",5250,"f"
"11678","T7C2LP",4950,"f"
"11679","PCWHCD",4080,"m"
"11680","YSMZLG",4530,"m"
"11681","CJ2JZ3",4590,"m"
"11682","VB2XLF",4110,"m"
"11683","BVZU4W",4140,"m"
"11684","LZWTJC",4140,"m"
"11685","NN3UDW",4440,"m"
"11686","7DNGNA",5070,"m"
"11687","MQ5dCM",4260,"f"
"11688","G3BWNN",4440,"m"
"11689","J7d7Ed",4560,"m"
"11690","6LXAJD",4350,"f"
"11691","FEYCW6",4410,"m"
"11692","W3c3ZK",5580,"m"
"11693","BDKZEN",4050,"m"
"11694","ZQ3TTU",4710,"m"
"11695","XYX3RT",4680,"m"
"11696","JKQG2U",4740,"f"
"11697","VX7XXc",5040,"m"
"11698","26TBKA",4080,"m"
"11699","VMHNQA",4350,"f"
"11700","cYHPQ5",4140,"m"
"11701","KLdCX3",4260,"m"
"11702","SL5H56",4260,"f"
"11703","2CKBJK",4050,"m"
"11704","P7Md7Y",4200,"f"
"11705","VJ5H2T",5160,"o"
"11706","B47FdD",3990,"m"
"11707","J6DT2K",4560,"m"
"11708","Vc73T7",4110,"m"
"11709","2D2Pd2",5190,"f"
"11710","AHG2DK",5700,"m"
"11711","ERC7YR",3870,"f"
"11712","QCPV75",4500,"m"
"11713","CTJFJ4",4950,"m"
"11714","FQNNUZ",5130,"f"
"11715","J6GS2X",5640,"m"
"11716","c3dQ5P",3720,"m"
"11717","AVEH25",5070,"f"
"11718","HMdQVZ",3870,"m"
"11719","FBSJTZ",5820,"f"
"11720","DHLRUE",4560,"m"
"11721","CRAcZd",5430,"f"
"11722","TDSRAc",4770,"f"
"11723","RV46G2",4260,"m"
"11724","2UMdLC",4170,"m"
"11725","c53NTX",3870,"m"
"11726","G5dAEK",4230,"m"
"11727","G36QUX",3840,"m"
"11728","Ddd43L",4500,"f"
"11729","2MNUcZ",5460,"f"
"11730","NSYUD6",3930,"f"
"11731","F7J6RM",4620,"m"
"11732","XKdc35",4170,"f"
"11733","2HPcJ3",4980,"m"
"11734","LN6TPF",4350,"f"
"11735","5WcVK4",5160,"f"
"11736","4BAHDN",3780,"m"
"11737","cFCZPK",4950,"m"
"11738","NKAPDd",5520,"m"
"11739","H5HUVK",5250,"f"
"11740","M6LdNB",4620,"m"
"11741","5MGCBZ",4050,"m"
"11742","ECZKcH",3090,"f"
"11743","FXKXTL",4290,"f"
"11744","4HBDTF",3840,"m"
"11745","d2RNVQ",3090,"f"
"11746","AZQZZJ",3480,"f"
"11747","KYNWJ7",3420,"f"
"11748","PWRD2W",3240,"f"
"11749","THHUXY",2790,"f"
"11750","CcXK5V",3630,"f"
"11751","226DPJ",3870,"m"
"11752","CT6TE2",2280,"f"
"11753","dJUH64",2610,"m"
"11754","MM7MHD",2910,"m"
"11755","TRMZMN",2400,"f"
"11756","DUJVEL",3150,"m"
"11757","GE4NBT",5640,"m"
"11758","XdAMGC",2550,"f"
"11759","GLQULU",2640,"f"
"11760","ADcDUM",3330,"m"
"11761","dB3YRD",4290,"f"
"11762","CACCCP",2880,"m"
"11763","BJZGD2",3270,"f"
"11764","SQPHC7",2310,"f"
"11765","Kc6RMY",3330,"m"
"11766","PBLZWN",5190,"f"
"11767","VZ53KA",4110,"f"
"11768","WUBBEK",2640,"m"
"11769","XS57KJ",2190,"m"
"11770","d3R2U4",3060,"f"
"11771","RCAU4S",1980,"f"
"11772","UGcYTS",2970,"f"
"11773","LXRCcF",1980,"f"
"11774","6WDXTc",2160,"m"
"11775","37LAQX",2910,"m"
"11776","YLJTKQ",1950,"f"
"11777","KPRDT6",3480,"m"
"11778","BVA42Y",1950,"f"
"11779","KBQDD5",2700,"m"
"11780","4QcY5E",2070,"f"
"11781","4d2CPG",3000,"m"
"11782","SDF2YR",2490,"m"
"11783","7YdT45",2550,"f"
"11784","ZALG7S",3570,"f"
"11785","FJZ4BR",4530,"m"
"11786","BZVQUN",3840,"f"
"11787","BNXB5D",2640,"f"
"11788","NDM42C",2220,"f"
"11789","YM2G5C",1380,"f"
"11790","747d4U",2040,"f"
"11791","VEYGC2",3840,"m"
"11792","6RDT55",4920,"f"
"11793","c6dNFC",1500,"f"
"11794","FW72XL",3150,"f"
"11795","DY7SUJ",3870,"f"
"11796","VdM6UX",2880,"m"
"11797","4XE3KX",3600,"f"
"11798","QdRUdL",4170,"m"
"11799","VGGS3V",3480,"m"
"11800","3STC7T",1500,"f"
"11801","7W2BAS",3000,"f"
"11802","CPcQFY",4470,"f"
"11803","K6FCZV",3540,"m"
"11804","QMLL2R",1530,"m"
"11805","3ADQJK",1170,"m"
"11806","YPMRcS",1710,"f"
"11807","K7YdLP",5640,"f"
"11808","DBFU24",4290,"f"
"11809","KE6McV",4020,"f"
"11810","Y5C3MY",2880,"m"
"11811","VdA4LW",1290,"f"
"11812","SCHcHE",3450,"m"
"11813","GFRFTR",1920,"f"
"11814","AF6JVZ",2490,"m"
"11815","dADL67",1890,"f"
"11816","4NJCTY",1590,"m"
"11817","7JUJPC",2790,"m"
"11818","Y2M3FQ",4230,"f"
"11819","WDY6c7",2550,"f"
"11820","C5HA27",4620,"f"
"11821","PU2VcV",4620,"o"
"11822","YFE323",2040,"m"
"11823","GXJBPE",1170,"m"
"11824","VRRTXM",3540,"f"
"11825","65LC6N",1200,"m"
"11826","EHPQXP",2670,"f"
"11827","KN4QXT",1890,"m"
"11828","5Q24K5",1290,"f"
"11829","AEVA5R",2610,"f"
"11830","PZ5DPJ",1170,"f"
"11831","RL56d4",3060,"m"
"11832","VRHSL4",3450,"f"
"11833","SEAHSd",2100,"m"
"11834","NSQ3X6",3420,"f"
"11835","4VHdUK",5040,"m"
"11836","AS4P67",2040,"f"
"11837","Xd7JWC",2010,"m"
"11838","PcR4BM",1980,"m"
"11839","UPTL7Y",3720,"m"
"11840","DHZ3NG",3600,"f"
"11841","YLAdC4",1830,"f"
"11842","PRPWZF",2220,"f"
"11843","NMW7J7",1500,"f"
"11844","MBCA5E",2730,"f"
"11845","NPVQNQ",1740,"m"
"11846","NEQP2Q",1860,"f"
"11847","44WWDL",1890,"f"
"11848","dMcX57",1650,"m"
"11849","P2JCDF",1740,"m"
"11850","XEKPSB",1980,"f"
"11851","dJPCR7",2610,"m"
"11852","QVDCEG",2760,"f"
"11853","TJAT32",1260,"m"
"11854","V5REVB",1500,"m"
"11855","S7FVQH",2070,"m"
"11856","347dJH",1800,"f"
"11857","SCMMCA",3150,"f"
"11858","J33Q67",1440,"m"
"11859","PK2YGJ",4200,"m"
"11860","3G522Y",2460,"f"
"11861","W575AK",2790,"f"
"11862","WQGT5Y",1200,"m"
"11863","d6RFVM",4110,"m"
"11864","GYU46J",4140,"f"
"11865","2cLdd2",2970,"f"
"11866","6FL4TM",2550,"f"
"11867","QVSRQC",1980,"f"
"11868","DKUY4F",1290,"f"
"11869","XAVQXc",2100,"f"
"11870","UZG2dX",2940,"m"
"11871","KHRJM7",3810,"m"
"11872","UAPd65",3060,"m"
"11873","3XcSJ2",3810,"f"
"11874","dR3ZQW",3240,"m"
"11875","LUQK5d",1350,"f"
"11876","KE3Z6Z",3810,"f"
"11877","FVTKHG",2790,"f"
"11878","5HHGcY",2640,"m"
"11879","Fc7UHG",3270,"m"
"11880","Q4EEd6",2460,"f"
"11881","Ddd42B",4590,"m"
"11882","cFJCJK",2490,"f"
"11883","RL5F7C",1590,"m"
"11884","QARBCD",3690,"m"
"11885","c2DEY3",1200,"m"
"11886","LKJRX3",2970,"f"
"11887","7R4XY2",1350,"f"
"11888","MR5MAH",2700,"f"
"11889","Z6JWFD",3000,"m"
"11890","FG5XVM",2550,"m"
"11891","BLMEUH",1560,"f"
"11892","XC7SMU",4050,"m"
"11893","MBSYFS",1740,"m"
"11894","2N2GAd",3060,"f"
"11895","YPNJKP",1740,"f"
"11896","BdHTN4",3420,"m"
"11897","4JccdB",2820,"m"
"11898","XQS345",1140,"f"
"11899","EG4DM2",1680,"m"
"11900","ZPAG2A",2400,"f"
"11901","NBXP7N",3390,"m"
"11902","cE3WXc",1530,"m"
"11903","KRLDTE",4320,"m"
"11904","NY2cZA",3510,"f"
"11905","CUCSW3",2880,"m"
"11906","NZKdcH",1530,"f"
"11907","5Hd5XN",3720,"m"
"11908","JFd4LQ",3120,"f"
"11909","V6JVMB",2700,"m"
"11910","WGSZS6",1920,"m"
"11911","UQYP3K",2160,"f"
"11912","P3MYF5",3300,"f"
"11913","dcddCF",1770,"f"
"11914","CAECUF",3870,"f"
"11915","NZcKZR",2490,"m"
"11916","3MGZ2D",1620,"f"
"11917","Y324M2",4710,"m"
"11918","RKKSJM",3030,"f"
"11919","4ABCC4",1320,"f"
"11920","K73D3S",1860,"f"
"11921","5d3X5S",1620,"f"
"11922","WDETH6",2670,"m"
"11923","dZUWST",2340,"f"
"11924","cYGACQ",1890,"f"
"11925","dXAQG4",2760,"m"
"11926","5WHcX5",3750,"m"
"11927","K7R7CV",2550,"f"
"11928","FG2KCN",1440,"f"
"11929","YHGER6",3660,"f"
"11930","XUUFNU",2460,"f"
"11931","WPK4FZ",2760,"m"
"11932","Q4cDH5",2310,"f"
"11933","CXMSKS",2730,"f"
"11934","EZ6FZQ",1650,"m"
"11935","LCDQES",1530,"f"
"11936","LKKFPd",2400,"f"
"11937","Y4MHXV",2160,"m"
"11938","2ZPdLJ",1500,"f"
"11939","RC5T3R",3480,"f"
"11940","6c4MZT",2850,"f"
"11941","2ZBH3d",4020,"f"
"11942","d44R4W",4110,"f"
"11943","ZEYSWL",1560,"f"
"11944","33NPWV",1380,"m"
"11945","YMH4W3",1650,"f"
"11946","PXBcNU",1500,"m"
"11947","C2J3Kd",1350,"f"
"11948","7UQ674",1200,"f"
"11949","dJZ5QE",2850,"f"
"11950","H3HBTJ",1380,"f"
"11951","AEL3EQ",1200,"m"
"11952","3BMEHF",2130,"m"
"11953","HBWDcR",3210,"m"
"11954","ARMW2Y",3900,"m"
"11955","KMUTBA",2790,"f"
"11956","SCHcHE",3420,"m"
"11957","PXXPWV",2010,"m"
"11958","GCCDGU",1200,"f"
"11959","7EBDYc",3270,"f"
"11960","4P2QUV",1860,"m"
"11961","Z6D7dB",2220,"f"
"11962","75ZW26",1620,"m"
"11963","BC76CA",3780,"m"
"11964","WMJVGR",3000,"m"
"11965","dVMXCc",1770,"f"
"11966","d5Ud2c",1920,"f"
"11967","4VCRcA",2520,"f"
"11968","CQKHMP",4980,"f"
"11969","QRZ4QE",1530,"f"
"11970","EFYJWW",2010,"f"
"11971","LRAUYL",2010,"f"
"11972","AWZXWB",1290,"f"
"11973","R27BW6",5130,"m"
"11974","PHK3XR",2610,"f"
"11975","N4N6Q2",1890,"m"
"11976","YFLMKE",2490,"m"
"11977","5c5BKL",2400,"m"
"11978","VDGZL2",1680,"m"
"11979","cMD6FQ",5220,"m"
"11980","GXGSFD",5640,"f"
"11981","SJQQ2J",5130,"f"
"11982","5WN27N",5250,"f"
"11983","P3EcYE",5130,"f"
"11984","AVEH25",5460,"f"
"11985","MLH6HJ",5610,"f"
"11986","42LZDc",5280,"f"
"11987","FFZF7X",5160,"f"
"11988","LRCNHV",5700,"m"
"11989","F5REDH",5520,"m"
"11990","7GdZTX",5460,"m"
"11991","D7cM6P",5790,"f"
"11992","JE64ZK",5460,"m"
"11993","2dBUQX",5310,"f"
"11994","Yd7WPT",5250,"f"
"11995","735EB3",5460,"f"
"11996","cG6dWL",5430,"m"
"11997","ENUBED",5130,"m"
"11998","J4S4Nd",5310,"f"
"11999","RQXQ37",5610,"f"
"12000","TDYH5c",5250,"f"
"12001","H5HUVK",5520,"f"
"12002","A3HVZU",5490,"m"
"12003","Q5ZTWH",5130,"m"
"12004","CPLE3C",5220,"m"
"12005","VdRXdD",1350,"f"
"12006","DGH6Ld",1440,"f"
"12007","5A2Y2B",1170,"f"
"12008","GRLVFF",1230,"m"
"12009","4Lc7HB",1110,"m"
"12010","5TDN53",1350,"f"
"12011","F5QMEJ",1320,"m"
"12012","KU6RG5",2460,"m"
"12013","B5SScH",2520,"f"
"12014","XFMJ2D",2400,"m"
"12015","XNAGCD",2310,"f"
"12016","CTDG73",2490,"m"
"12017","GQYEcF",2340,"f"
"12018","DTXJAD",2400,"m"
"12019","5EPF77",2400,"f"
"12020","RBWAXG",2370,"f"
"12021","NA75A3",1320,"f"
"12022","ZFASAN",1260,"m"
"12023","UPcFPQ",1170,"f"
"12024","3BJL75",1320,"m"
"12025","L6BNGd",1440,"m"
"12026","4dR3DM",1530,"f"
"12027","FG3c3c",1590,"m"
"12028","3NRZDA",1110,"f"
"12029","cKNVRc",1770,"f"
"12030","KTLJTX",1140,"f"
"12031","QZ77BB",1500,"m"
"12032","DEH3SW",1230,"f"
"12033","CFZAdK",1230,"m"
"12034","223QZT",1590,"f"
"12035","C2PTE3",1380,"f"
"12036","RTVEE7",1560,"m"
"12037","XUYCHN",1170,"f"
"12038","CFGJVV",1140,"f"
"12039","6RYcKQ",1260,"f"
"12040","NX5FLF",1110,"f"
"12041","ZP3B3N",1110,"f"
"12042","RJ5WYZ",1290,"f"
"12043","A5ZcC2",1140,"m"
"12044","LFC354",1110,"f"
"12045","FdK67M",1200,"f"
"12046","K6SSNX",1110,"f"
"12047","E5EL7R",5520,"f"
"12048","AVEH25",5280,"f"
"12049","5CETCY",5520,"m"
"12050","KdTKRC",5730,"m"
"12051","XQc656",2490,"m"
"12052","3QARD5",2250,"m"
"12053","BAA7SE",2310,"f"
"12054","DRTVFR",2190,"f"
"12055","X3U2KL",3300,"m"
"12056","ZdWJU6",1200,"f"
"12057","DZEEEQ",1140,"m"
"12058","cLWD7X",1260,"m"
"12059","VVcSLZ",1170,"m"
"12060","YQXHAZ",1260,"m"
"12061","A5ZcC2",1110,"m"
"12062","4SGNPS",3780,"m"
"12063","77P6BR",3300,"f"
"12064","DJKFNX",3600,"m"
"12065","EM566H",3480,"m"
"12066","VHTSRV",3390,"m"
"12067","UFEZMT",3870,"f"
"12068","UNVGH4",3390,"f"
"12069","G64NX2",3300,"f"
"12070","UEXRGR",3300,"m"
"12071","2RT5YX",3750,"f"
"12072","5Hd5XN",3930,"m"
"12073","M2VDRX",3390,"f"
"12074","ALGACP",3630,"m"
"12075","6VQ5NV",3330,"f"
"12076","QE3QBc",3270,"m"
"12077","RF7BV6",3030,"f"
"12078","ZADALH",3630,"f"
"12079","UDVQ7Y",3330,"m"
"12080","ZU2PLS",3270,"f"
"12081","H7RFHM",3030,"f"
"12082","3NJBME",3360,"m"
"12083","2cLdd2",3180,"f"
"12084","U2YQXC",3870,"m"
"12085","U2YQXC",3870,"m"
"12086","VAKJdV",2940,"m"
"12087","WDNHcd",3990,"f"
"12088","cZVLcN",2970,"m"
"12089","LdNK4E",3090,"m"
"12090","5CZXYC",3240,"m"
"12091","MATGdB",3150,"f"
"12092","NBR2LE",3660,"m"
"12093","MM7MHD",3090,"m"
"12094","XQJNFQ",3510,"m"
"12095","J3RPUM",3930,"m"
"12096","J6GS2X",5820,"m"
"12097","QDLBWP",4500,"f"
"12098","36TYFV",4830,"f"
"12099","46GXRG",4890,"m"
"12100","WUCdQ6",4830,"m"
"12101","K7GP2d",5340,"f"
"12102","EcQK3N",5130,"m"
"12103","cMD6FQ",4980,"m"
"12104","EKACME",4740,"m"
"12105","K7GP2d",5340,"f"
"12106","7GKV4Y",5670,"m"
"12107","F7J6RM",4770,"m"
"12108","PU2VcV",4740,"o"
"12109","C5HA27",4740,"f"
"12110","USPAM2",4920,"f"
"12111","USPAM2",4920,"f"
"12112","CYHPFL",4950,"m"
"12113","SHWDdD",5310,"m"
"12114","27NPYH",4890,"f"
"12115","3EXKKV",4950,"m"
"12116","cMD6FQ",4920,"m"
"12117","LRCNHV",5430,"m"
"12118","PF76LW",5100,"m"
"12119","N2ZVC6",5280,"m"
"12120","B7TKT6",5040,"f"
"12121","7GdZTX",5190,"m"
"12122","735EB3",5250,"f"
"12123","RHTVQE",5010,"m"
"12124","VR4LYE",4500,"m"
"12125","543XTU",5280,"m"
"12126","775VNH",4890,"m"
"12127","N54WCV",5760,"f"
"12128","YAEUF5",5670,"m"
"12129","WQU6QW",5190,"f"
"12130","KRLDTE",4410,"m"
"12131","V3dN5D",4890,"m"
"12132","U32dEc",4950,"m"
"12133","JD34YF",4530,"m"
"12134","WYSHT3",4980,"m"
"12135","MNMX4S",5370,"m"
"12136","cX2D7c",4410,"f"
"12137","UYRcFH",4650,"f"
"12138","UKBcFN",4440,"m"
"12139","DEJDGM",4440,"m"
"12140","4URBHK",5070,"f"
"12141","YKUEcM",4170,"f"
"12142","P7Md7Y",4230,"f"
"12143","6VN3FP",4980,"m"
"12144","E5VGcY",4320,"f"
"12145","NcPKdR",4740,"m"
"12146","5C4cLF",4260,"m"
"12147","YKVL6Y",4020,"m"
"12148","LA3QLT",4770,"f"
"12149","3EXKKV",4860,"m"
"12150","4UTJ5C",4650,"f"
"12151","Z46DHN",4140,"m"
"12152","Rc27L6",5250,"f"
"12153","T7C2LP",4950,"f"
"12154","PCWHCD",4080,"m"
"12155","YSMZLG",4530,"m"
"12156","CJ2JZ3",4590,"m"
"12157","VB2XLF",4110,"m"
"12158","BVZU4W",4140,"m"
"12159","LZWTJC",4140,"m"
"12160","NN3UDW",4440,"m"
"12161","7DNGNA",5070,"m"
"12162","MQ5dCM",4260,"f"
"12163","G3BWNN",4440,"m"
"12164","J7d7Ed",4560,"m"
"12165","6LXAJD",4350,"f"
"12166","FEYCW6",4410,"m"
"12167","W3c3ZK",5580,"m"
"12168","BDKZEN",4050,"m"
"12169","ZQ3TTU",4710,"m"
"12170","XYX3RT",4680,"m"
"12171","JKQG2U",4740,"f"
"12172","VX7XXc",5040,"m"
"12173","26TBKA",4080,"m"
"12174","VMHNQA",4350,"f"
"12175","cYHPQ5",4140,"m"
"12176","KLdCX3",4260,"m"
"12177","SL5H56",4260,"f"
"12178","2CKBJK",4050,"m"
"12179","P7Md7Y",4200,"f"
"12180","VJ5H2T",5160,"o"
"12181","B47FdD",3990,"m"
"12182","J6DT2K",4560,"m"
"12183","Vc73T7",4110,"m"
"12184","2D2Pd2",5190,"f"
"12185","AHG2DK",5700,"m"
"12186","ERC7YR",3870,"f"
"12187","QCPV75",4500,"m"
"12188","CTJFJ4",4950,"m"
"12189","FQNNUZ",5130,"f"
"12190","J6GS2X",5640,"m"
"12191","c3dQ5P",3720,"m"
"12192","AVEH25",5070,"f"
"12193","HMdQVZ",3870,"m"
"12194","FBSJTZ",5820,"f"
"12195","DHLRUE",4560,"m"
"12196","CRAcZd",5430,"f"
"12197","TDSRAc",4770,"f"
"12198","RV46G2",4260,"m"
"12199","2UMdLC",4170,"m"
"12200","c53NTX",3870,"m"
"12201","G5dAEK",4230,"m"
"12202","G36QUX",3840,"m"
"12203","Ddd43L",4500,"f"
"12204","2MNUcZ",5460,"f"
"12205","NSYUD6",3930,"f"
"12206","F7J6RM",4620,"m"
"12207","XKdc35",4170,"f"
"12208","2HPcJ3",4980,"m"
"12209","LN6TPF",4350,"f"
"12210","5WcVK4",5160,"f"
"12211","4BAHDN",3780,"m"
"12212","cFCZPK",4950,"m"
"12213","NKAPDd",5520,"m"
"12214","H5HUVK",5250,"f"
"12215","M6LdNB",4620,"m"
"12216","5MGCBZ",4050,"m"
"12217","ECZKcH",3090,"f"
"12218","FXKXTL",4290,"f"
"12219","4HBDTF",3840,"m"
"12220","d2RNVQ",3090,"f"
"12221","AZQZZJ",3480,"f"
"12222","KYNWJ7",3420,"f"
"12223","PWRD2W",3240,"f"
"12224","THHUXY",2790,"f"
"12225","CcXK5V",3630,"f"
"12226","226DPJ",3870,"m"
"12227","CT6TE2",2280,"f"
"12228","dJUH64",2610,"m"
"12229","MM7MHD",2910,"m"
"12230","TRMZMN",2400,"f"
"12231","DUJVEL",3150,"m"
"12232","GE4NBT",5640,"m"
"12233","XdAMGC",2550,"f"
"12234","GLQULU",2640,"f"
"12235","ADcDUM",3330,"m"
"12236","dB3YRD",4290,"f"
"12237","CACCCP",2880,"m"
"12238","BJZGD2",3270,"f"
"12239","SQPHC7",2310,"f"
"12240","Kc6RMY",3330,"m"
"12241","PBLZWN",5190,"f"
"12242","VZ53KA",4110,"f"
"12243","WUBBEK",2640,"m"
"12244","XS57KJ",2190,"m"
"12245","d3R2U4",3060,"f"
"12246","RCAU4S",1980,"f"
"12247","UGcYTS",2970,"f"
"12248","LXRCcF",1980,"f"
"12249","6WDXTc",2160,"m"
"12250","37LAQX",2910,"m"
"12251","YLJTKQ",1950,"f"
"12252","KPRDT6",3480,"m"
"12253","BVA42Y",1950,"f"
"12254","KBQDD5",2700,"m"
"12255","4QcY5E",2070,"f"
"12256","4d2CPG",3000,"m"
"12257","SDF2YR",2490,"m"
"12258","7YdT45",2550,"f"
"12259","ZALG7S",3570,"f"
"12260","FJZ4BR",4530,"m"
"12261","BZVQUN",3840,"f"
"12262","BNXB5D",2640,"f"
"12263","NDM42C",2220,"f"
"12264","YM2G5C",1380,"f"
"12265","747d4U",2040,"f"
"12266","VEYGC2",3840,"m"
"12267","6RDT55",4920,"f"
"12268","c6dNFC",1500,"f"
"12269","FW72XL",3150,"f"
"12270","DY7SUJ",3870,"f"
"12271","VdM6UX",2880,"m"
"12272","4XE3KX",3600,"f"
"12273","QdRUdL",4170,"m"
"12274","VGGS3V",3480,"m"
"12275","3STC7T",1500,"f"
"12276","7W2BAS",3000,"f"
"12277","CPcQFY",4470,"f"
"12278","K6FCZV",3540,"m"
"12279","QMLL2R",1530,"m"
"12280","3ADQJK",1170,"m"
"12281","YPMRcS",1710,"f"
"12282","K7YdLP",5640,"f"
"12283","DBFU24",4290,"f"
"12284","KE6McV",4020,"f"
"12285","Y5C3MY",2880,"m"
"12286","VdA4LW",1290,"f"
"12287","SCHcHE",3450,"m"
"12288","GFRFTR",1920,"f"
"12289","AF6JVZ",2490,"m"
"12290","dADL67",1890,"f"
"12291","4NJCTY",1590,"m"
"12292","7JUJPC",2790,"m"
"12293","Y2M3FQ",4230,"f"
"12294","WDY6c7",2550,"f"
"12295","C5HA27",4620,"f"
"12296","PU2VcV",4620,"o"
"12297","YFE323",2040,"m"
"12298","GXJBPE",1170,"m"
"12299","VRRTXM",3540,"f"
"12300","65LC6N",1200,"m"
"12301","EHPQXP",2670,"f"
"12302","KN4QXT",1890,"m"
"12303","5Q24K5",1290,"f"
"12304","AEVA5R",2610,"f"
"12305","PZ5DPJ",1170,"f"
"12306","RL56d4",3060,"m"
"12307","VRHSL4",3450,"f"
"12308","SEAHSd",2100,"m"
"12309","NSQ3X6",3420,"f"
"12310","4VHdUK",5040,"m"
"12311","AS4P67",2040,"f"
"12312","Xd7JWC",2010,"m"
"12313","PcR4BM",1980,"m"
"12314","UPTL7Y",3720,"m"
"12315","DHZ3NG",3600,"f"
"12316","YLAdC4",1830,"f"
"12317","PRPWZF",2220,"f"
"12318","NMW7J7",1500,"f"
"12319","MBCA5E",2730,"f"
"12320","NPVQNQ",1740,"m"
"12321","NEQP2Q",1860,"f"
"12322","44WWDL",1890,"f"
"12323","dMcX57",1650,"m"
"12324","P2JCDF",1740,"m"
"12325","XEKPSB",1980,"f"
"12326","dJPCR7",2610,"m"
"12327","QVDCEG",2760,"f"
"12328","TJAT32",1260,"m"
"12329","V5REVB",1500,"m"
"12330","S7FVQH",2070,"m"
"12331","347dJH",1800,"f"
"12332","SCMMCA",3150,"f"
"12333","J33Q67",1440,"m"
"12334","PK2YGJ",4200,"m"
"12335","3G522Y",2460,"f"
"12336","W575AK",2790,"f"
"12337","WQGT5Y",1200,"m"
"12338","d6RFVM",4110,"m"
"12339","GYU46J",4140,"f"
"12340","2cLdd2",2970,"f"
"12341","6FL4TM",2550,"f"
"12342","QVSRQC",1980,"f"
"12343","DKUY4F",1290,"f"
"12344","XAVQXc",2100,"f"
"12345","UZG2dX",2940,"m"
"12346","KHRJM7",3810,"m"
"12347","UAPd65",3060,"m"
"12348","3XcSJ2",3810,"f"
"12349","dR3ZQW",3240,"m"
"12350","LUQK5d",1350,"f"
"12351","KE3Z6Z",3810,"f"
"12352","FVTKHG",2790,"f"
"12353","5HHGcY",2640,"m"
"12354","Fc7UHG",3270,"m"
"12355","Q4EEd6",2460,"f"
"12356","Ddd42B",4590,"m"
"12357","cFJCJK",2490,"f"
"12358","RL5F7C",1590,"m"
"12359","QARBCD",3690,"m"
"12360","c2DEY3",1200,"m"
"12361","LKJRX3",2970,"f"
"12362","7R4XY2",1350,"f"
"12363","MR5MAH",2700,"f"
"12364","Z6JWFD",3000,"m"
"12365","FG5XVM",2550,"m"
"12366","BLMEUH",1560,"f"
"12367","XC7SMU",4050,"m"
"12368","MBSYFS",1740,"m"
"12369","2N2GAd",3060,"f"
"12370","YPNJKP",1740,"f"
"12371","BdHTN4",3420,"m"
"12372","4JccdB",2820,"m"
"12373","XQS345",1140,"f"
"12374","EG4DM2",1680,"m"
"12375","ZPAG2A",2400,"f"
"12376","NBXP7N",3390,"m"
"12377","cE3WXc",1530,"m"
"12378","KRLDTE",4320,"m"
"12379","NY2cZA",3510,"f"
"12380","CUCSW3",2880,"m"
"12381","NZKdcH",1530,"f"
"12382","5Hd5XN",3720,"m"
"12383","JFd4LQ",3120,"f"
"12384","V6JVMB",2700,"m"
"12385","WGSZS6",1920,"m"
"12386","UQYP3K",2160,"f"
"12387","P3MYF5",3300,"f"
"12388","dcddCF",1770,"f"
"12389","CAECUF",3870,"f"
"12390","NZcKZR",2490,"m"
"12391","3MGZ2D",1620,"f"
"12392","Y324M2",4710,"m"
"12393","RKKSJM",3030,"f"
"12394","4ABCC4",1320,"f"
"12395","K73D3S",1860,"f"
"12396","5d3X5S",1620,"f"
"12397","WDETH6",2670,"m"
"12398","dZUWST",2340,"f"
"12399","cYGACQ",1890,"f"
"12400","dXAQG4",2760,"m"
"12401","5WHcX5",3750,"m"
"12402","K7R7CV",2550,"f"
"12403","FG2KCN",1440,"f"
"12404","YHGER6",3660,"f"
"12405","XUUFNU",2460,"f"
"12406","WPK4FZ",2760,"m"
"12407","Q4cDH5",2310,"f"
"12408","CXMSKS",2730,"f"
"12409","EZ6FZQ",1650,"m"
"12410","LCDQES",1530,"f"
"12411","LKKFPd",2400,"f"
"12412","Y4MHXV",2160,"m"
"12413","2ZPdLJ",1500,"f"
"12414","RC5T3R",3480,"f"
"12415","6c4MZT",2850,"f"
"12416","2ZBH3d",4020,"f"
"12417","d44R4W",4110,"f"
"12418","ZEYSWL",1560,"f"
"12419","33NPWV",1380,"m"
"12420","YMH4W3",1650,"f"
"12421","PXBcNU",1500,"m"
"12422","C2J3Kd",1350,"f"
"12423","7UQ674",1200,"f"
"12424","dJZ5QE",2850,"f"
"12425","H3HBTJ",1380,"f"
"12426","AEL3EQ",1200,"m"
"12427","3BMEHF",2130,"m"
"12428","HBWDcR",3210,"m"
"12429","ARMW2Y",3900,"m"
"12430","KMUTBA",2790,"f"
"12431","SCHcHE",3420,"m"
"12432","PXXPWV",2010,"m"
"12433","GCCDGU",1200,"f"
"12434","7EBDYc",3270,"f"
"12435","4P2QUV",1860,"m"
"12436","Z6D7dB",2220,"f"
"12437","75ZW26",1620,"m"
"12438","BC76CA",3780,"m"
"12439","WMJVGR",3000,"m"
"12440","dVMXCc",1770,"f"
"12441","d5Ud2c",1920,"f"
"12442","4VCRcA",2520,"f"
"12443","CQKHMP",4980,"f"
"12444","QRZ4QE",1530,"f"
"12445","EFYJWW",2010,"f"
"12446","LRAUYL",2010,"f"
"12447","AWZXWB",1290,"f"
"12448","R27BW6",5130,"m"
"12449","PHK3XR",2610,"f"
"12450","N4N6Q2",1890,"m"
"12451","YFLMKE",2490,"m"
"12452","5c5BKL",2400,"m"
"12453","VDGZL2",1680,"m"
"12454","cMD6FQ",5220,"m"
"12455","GXGSFD",5640,"f"
"12456","SJQQ2J",5130,"f"
"12457","5WN27N",5250,"f"
"12458","P3EcYE",5130,"f"
"12459","AVEH25",5460,"f"
"12460","MLH6HJ",5610,"f"
"12461","42LZDc",5280,"f"
"12462","FFZF7X",5160,"f"
"12463","LRCNHV",5700,"m"
"12464","F5REDH",5520,"m"
"12465","7GdZTX",5460,"m"
"12466","D7cM6P",5790,"f"
"12467","JE64ZK",5460,"m"
"12468","2dBUQX",5310,"f"
"12469","Yd7WPT",5250,"f"
"12470","735EB3",5460,"f"
"12471","cG6dWL",5430,"m"
"12472","ENUBED",5130,"m"
"12473","J4S4Nd",5310,"f"
"12474","RQXQ37",5610,"f"
"12475","TDYH5c",5250,"f"
"12476","H5HUVK",5520,"f"
"12477","A3HVZU",5490,"m"
"12478","Q5ZTWH",5130,"m"
"12479","CPLE3C",5220,"m"
"12480","VdRXdD",1350,"f"
"12481","DGH6Ld",1440,"f"
"12482","5A2Y2B",1170,"f"
"12483","GRLVFF",1230,"m"
"12484","4Lc7HB",1110,"m"
"12485","5TDN53",1350,"f"
"12486","F5QMEJ",1320,"m"
"12487","KU6RG5",2460,"m"
"12488","B5SScH",2520,"f"
"12489","XFMJ2D",2400,"m"
"12490","XNAGCD",2310,"f"
"12491","CTDG73",2490,"m"
"12492","GQYEcF",2340,"f"
"12493","DTXJAD",2400,"m"
"12494","5EPF77",2400,"f"
"12495","RBWAXG",2370,"f"
"12496","NA75A3",1320,"f"
"12497","ZFASAN",1260,"m"
"12498","UPcFPQ",1170,"f"
"12499","3BJL75",1320,"m"
"12500","L6BNGd",1440,"m"
"12501","4dR3DM",1530,"f"
"12502","FG3c3c",1590,"m"
"12503","3NRZDA",1110,"f"
"12504","cKNVRc",1770,"f"
"12505","KTLJTX",1140,"f"
"12506","QZ77BB",1500,"m"
"12507","DEH3SW",1230,"f"
"12508","CFZAdK",1230,"m"
"12509","223QZT",1590,"f"
"12510","C2PTE3",1380,"f"
"12511","RTVEE7",1560,"m"
"12512","XUYCHN",1170,"f"
"12513","CFGJVV",1140,"f"
"12514","6RYcKQ",1260,"f"
"12515","NX5FLF",1110,"f"
"12516","ZP3B3N",1110,"f"
"12517","RJ5WYZ",1290,"f"
"12518","A5ZcC2",1140,"m"
"12519","LFC354",1110,"f"
"12520","FdK67M",1200,"f"
"12521","K6SSNX",1110,"f"
"12522","E5EL7R",5520,"f"
"12523","AVEH25",5280,"f"
"12524","5CETCY",5520,"m"
"12525","KdTKRC",5730,"m"
"12526","XQc656",2490,"m"
"12527","3QARD5",2250,"m"
"12528","BAA7SE",2310,"f"
"12529","DRTVFR",2190,"f"
"12530","X3U2KL",3300,"m"
"12531","ZdWJU6",1200,"f"
"12532","DZEEEQ",1140,"m"
"12533","cLWD7X",1260,"m"
"12534","VVcSLZ",1170,"m"
"12535","YQXHAZ",1260,"m"
"12536","A5ZcC2",1110,"m"
"12537","4SGNPS",3780,"m"
"12538","77P6BR",3300,"f"
"12539","DJKFNX",3600,"m"
"12540","EM566H",3480,"m"
"12541","VHTSRV",3390,"m"
"12542","UFEZMT",3870,"f"
"12543","UNVGH4",3390,"f"
"12544","G64NX2",3300,"f"
"12545","UEXRGR",3300,"m"
"12546","2RT5YX",3750,"f"
"12547","5Hd5XN",3930,"m"
"12548","M2VDRX",3390,"f"
"12549","ALGACP",3630,"m"
"12550","6VQ5NV",3330,"f"
"12551","QE3QBc",3270,"m"
"12552","RF7BV6",3030,"f"
"12553","ZADALH",3630,"f"
"12554","UDVQ7Y",3330,"m"
"12555","ZU2PLS",3270,"f"
"12556","H7RFHM",3030,"f"
"12557","3NJBME",3360,"m"
"12558","2cLdd2",3180,"f"
"12559","U2YQXC",3870,"m"
"12560","U2YQXC",3870,"m"
"12561","VAKJdV",2940,"m"
"12562","WDNHcd",3990,"f"
"12563","cZVLcN",2970,"m"
"12564","LdNK4E",3090,"m"
"12565","5CZXYC",3240,"m"
"12566","MATGdB",3150,"f"
"12567","NBR2LE",3660,"m"
"12568","MM7MHD",3090,"m"
"12569","XQJNFQ",3510,"m"
"12570","J3RPUM",3930,"m"
"12571","J6GS2X",5820,"m"
"12572","QDLBWP",4500,"f"
"12573","36TYFV",4830,"f"
"12574","46GXRG",4890,"m"
"12575","WUCdQ6",4830,"m"
"12576","K7GP2d",5340,"f"
"12577","EcQK3N",5130,"m"
"12578","cMD6FQ",4980,"m"
"12579","EKACME",4740,"m"
"12580","K7GP2d",5340,"f"
"12581","7GKV4Y",5670,"m"
"12582","F7J6RM",4770,"m"
"12583","PU2VcV",4740,"o"
"12584","C5HA27",4740,"f"
"12585","USPAM2",4920,"f"
"12586","USPAM2",4920,"f"
"12587","CYHPFL",4950,"m"
"12588","SHWDdD",5310,"m"
"12589","27NPYH",4890,"f"
"12590","3EXKKV",4950,"m"
"12591","cMD6FQ",4920,"m"
"12592","LRCNHV",5430,"m"
"12593","PF76LW",5100,"m"
"12594","N2ZVC6",5280,"m"
"12595","B7TKT6",5040,"f"
"12596","7GdZTX",5190,"m"
"12597","735EB3",5250,"f"
"12598","RHTVQE",5010,"m"
"12599","VR4LYE",4500,"m"
"12600","543XTU",5280,"m"
"12601","775VNH",4890,"m"
"12602","N54WCV",5760,"f"
"12603","YAEUF5",5670,"m"
"12604","WQU6QW",5190,"f"
"12605","KRLDTE",4410,"m"
"12606","V3dN5D",4890,"m"
"12607","U32dEc",4950,"m"
"12608","JD34YF",4530,"m"
"12609","WYSHT3",4980,"m"
"12610","MNMX4S",5370,"m"
"12611","cX2D7c",4410,"f"
"12612","UYRcFH",4650,"f"
"12613","UKBcFN",4440,"m"
"12614","DEJDGM",4440,"m"
"12615","4URBHK",5070,"f"
"12616","YKUEcM",4170,"f"
"12617","P7Md7Y",4230,"f"
"12618","6VN3FP",4980,"m"
"12619","E5VGcY",4320,"f"
"12620","NcPKdR",4740,"m"
"12621","5C4cLF",4260,"m"
"12622","YKVL6Y",4020,"m"
"12623","LA3QLT",4770,"f"
"12624","3EXKKV",4860,"m"
"12625","4UTJ5C",4650,"f"
"12626","Z46DHN",4140,"m"
"12627","Rc27L6",5250,"f"
"12628","T7C2LP",4950,"f"
"12629","PCWHCD",4080,"m"
"12630","YSMZLG",4530,"m"
"12631","CJ2JZ3",4590,"m"
"12632","VB2XLF",4110,"m"
"12633","BVZU4W",4140,"m"
"12634","LZWTJC",4140,"m"
"12635","NN3UDW",4440,"m"
"12636","7DNGNA",5070,"m"
"12637","MQ5dCM",4260,"f"
"12638","G3BWNN",4440,"m"
"12639","J7d7Ed",4560,"m"
"12640","6LXAJD",4350,"f"
"12641","FEYCW6",4410,"m"
"12642","W3c3ZK",5580,"m"
"12643","BDKZEN",4050,"m"
"12644","ZQ3TTU",4710,"m"
"12645","XYX3RT",4680,"m"
"12646","JKQG2U",4740,"f"
"12647","VX7XXc",5040,"m"
"12648","26TBKA",4080,"m"
"12649","VMHNQA",4350,"f"
"12650","cYHPQ5",4140,"m"
"12651","KLdCX3",4260,"m"
"12652","SL5H56",4260,"f"
"12653","2CKBJK",4050,"m"
"12654","P7Md7Y",4200,"f"
"12655","VJ5H2T",5160,"o"
"12656","VJ5H2T",5160,"o"
"12657","B47FdD",3990,"m"
"12658","J6DT2K",4560,"m"
"12659","Vc73T7",4110,"m"
"12660","2D2Pd2",5190,"f"
"12661","AHG2DK",5700,"m"
"12662","ERC7YR",3870,"f"
"12663","QCPV75",4500,"m"
"12664","CTJFJ4",4950,"m"
"12665","FQNNUZ",5130,"f"
"12666","J6GS2X",5640,"m"
"12667","c3dQ5P",3720,"m"
"12668","AVEH25",5070,"f"
"12669","HMdQVZ",3870,"m"
"12670","FBSJTZ",5820,"f"
"12671","DHLRUE",4560,"m"
"12672","CRAcZd",5430,"f"
"12673","TDSRAc",4770,"f"
"12674","RV46G2",4260,"m"
"12675","2UMdLC",4170,"m"
"12676","c53NTX",3870,"m"
"12677","G5dAEK",4230,"m"
"12678","G36QUX",3840,"m"
"12679","Ddd43L",4500,"f"
"12680","2MNUcZ",5460,"f"
"12681","NSYUD6",3930,"f"
"12682","F7J6RM",4620,"m"
"12683","XKdc35",4170,"f"
"12684","2HPcJ3",4980,"m"
"12685","LN6TPF",4350,"f"
"12686","5WcVK4",5160,"f"
"12687","4BAHDN",3780,"m"
"12688","cFCZPK",4950,"m"
"12689","NKAPDd",5520,"m"
"12690","H5HUVK",5250,"f"
"12691","M6LdNB",4620,"m"
"12692","5MGCBZ",4050,"m"
"12693","ECZKcH",3090,"f"
"12694","FXKXTL",4290,"f"
"12695","4HBDTF",3840,"m"
"12696","d2RNVQ",3090,"f"
"12697","AZQZZJ",3480,"f"
"12698","KYNWJ7",3420,"f"
"12699","PWRD2W",3240,"f"
"12700","THHUXY",2790,"f"
"12701","CcXK5V",3630,"f"
"12702","226DPJ",3870,"m"
"12703","CT6TE2",2280,"f"
"12704","dJUH64",2610,"m"
"12705","MM7MHD",2910,"m"
"12706","TRMZMN",2400,"f"
"12707","DUJVEL",3150,"m"
"12708","GE4NBT",5640,"m"
"12709","XdAMGC",2550,"f"
"12710","GLQULU",2640,"f"
"12711","ADcDUM",3330,"m"
"12712","dB3YRD",4290,"f"
"12713","CACCCP",2880,"m"
"12714","BJZGD2",3270,"f"
"12715","SQPHC7",2310,"f"
"12716","Kc6RMY",3330,"m"
"12717","PBLZWN",5190,"f"
"12718","VZ53KA",4110,"f"
"12719","WUBBEK",2640,"m"
"12720","XS57KJ",2190,"m"
"12721","d3R2U4",3060,"f"
"12722","RCAU4S",1980,"f"
"12723","UGcYTS",2970,"f"
"12724","LXRCcF",1980,"f"
"12725","6WDXTc",2160,"m"
"12726","37LAQX",2910,"m"
"12727","YLJTKQ",1950,"f"
"12728","KPRDT6",3480,"m"
"12729","BVA42Y",1950,"f"
"12730","KBQDD5",2700,"m"
"12731","4QcY5E",2070,"f"
"12732","4d2CPG",3000,"m"
"12733","SDF2YR",2490,"m"
"12734","7YdT45",2550,"f"
"12735","ZALG7S",3570,"f"
"12736","FJZ4BR",4530,"m"
"12737","BZVQUN",3840,"f"
"12738","BNXB5D",2640,"f"
"12739","NDM42C",2220,"f"
"12740","YM2G5C",1380,"f"
"12741","747d4U",2040,"f"
"12742","VEYGC2",3840,"m"
"12743","6RDT55",4920,"f"
"12744","c6dNFC",1500,"f"
"12745","FW72XL",3150,"f"
"12746","DY7SUJ",3870,"f"
"12747","VdM6UX",2880,"m"
"12748","4XE3KX",3600,"f"
"12749","QdRUdL",4170,"m"
"12750","VGGS3V",3480,"m"
"12751","3STC7T",1500,"f"
"12752","7W2BAS",3000,"f"
"12753","CPcQFY",4470,"f"
"12754","K6FCZV",3540,"m"
"12755","QMLL2R",1530,"m"
"12756","3ADQJK",1170,"m"
"12757","YPMRcS",1710,"f"
"12758","K7YdLP",5640,"f"
"12759","DBFU24",4290,"f"
"12760","KE6McV",4020,"f"
"12761","Y5C3MY",2880,"m"
"12762","VdA4LW",1290,"f"
"12763","SCHcHE",3450,"m"
"12764","GFRFTR",1920,"f"
"12765","AF6JVZ",2490,"m"
"12766","dADL67",1890,"f"
"12767","4NJCTY",1590,"m"
"12768","7JUJPC",2790,"m"
"12769","Y2M3FQ",4230,"f"
"12770","WDY6c7",2550,"f"
"12771","C5HA27",4620,"f"
"12772","PU2VcV",4620,"o"
"12773","YFE323",2040,"m"
"12774","GXJBPE",1170,"m"
"12775","VRRTXM",3540,"f"
"12776","65LC6N",1200,"m"
"12777","EHPQXP",2670,"f"
"12778","KN4QXT",1890,"m"
"12779","5Q24K5",1290,"f"
"12780","AEVA5R",2610,"f"
"12781","PZ5DPJ",1170,"f"
"12782","RL56d4",3060,"m"
"12783","VRHSL4",3450,"f"
"12784","SEAHSd",2100,"m"
"12785","NSQ3X6",3420,"f"
"12786","4VHdUK",5040,"m"
"12787","AS4P67",2040,"f"
"12788","Xd7JWC",2010,"m"
"12789","PcR4BM",1980,"m"
"12790","UPTL7Y",3720,"m"
"12791","DHZ3NG",3600,"f"
"12792","YLAdC4",1830,"f"
"12793","PRPWZF",2220,"f"
"12794","NMW7J7",1500,"f"
"12795","MBCA5E",2730,"f"
"12796","NPVQNQ",1740,"m"
"12797","NEQP2Q",1860,"f"
"12798","44WWDL",1890,"f"
"12799","dMcX57",1650,"m"
"12800","P2JCDF",1740,"m"
"12801","XEKPSB",1980,"f"
"12802","dJPCR7",2610,"m"
"12803","QVDCEG",2760,"f"
"12804","TJAT32",1260,"m"
"12805","V5REVB",1500,"m"
"12806","S7FVQH",2070,"m"
"12807","347dJH",1800,"f"
"12808","SCMMCA",3150,"f"
"12809","J33Q67",1440,"m"
"12810","PK2YGJ",4200,"m"
"12811","3G522Y",2460,"f"
"12812","W575AK",2790,"f"
"12813","WQGT5Y",1200,"m"
"12814","d6RFVM",4110,"m"
"12815","GYU46J",4140,"f"
"12816","2cLdd2",2970,"f"
"12817","6FL4TM",2550,"f"
"12818","QVSRQC",1980,"f"
"12819","DKUY4F",1290,"f"
"12820","XAVQXc",2100,"f"
"12821","UZG2dX",2940,"m"
"12822","KHRJM7",3810,"m"
"12823","UAPd65",3060,"m"
"12824","3XcSJ2",3810,"f"
"12825","dR3ZQW",3240,"m"
"12826","LUQK5d",1350,"f"
"12827","KE3Z6Z",3810,"f"
"12828","FVTKHG",2790,"f"
"12829","5HHGcY",2640,"m"
"12830","Fc7UHG",3270,"m"
"12831","Q4EEd6",2460,"f"
"12832","Ddd42B",4590,"m"
"12833","cFJCJK",2490,"f"
"12834","RL5F7C",1590,"m"
"12835","QARBCD",3690,"m"
"12836","c2DEY3",1200,"m"
"12837","LKJRX3",2970,"f"
"12838","7R4XY2",1350,"f"
"12839","MR5MAH",2700,"f"
"12840","Z6JWFD",3000,"m"
"12841","FG5XVM",2550,"m"
"12842","BLMEUH",1560,"f"
"12843","XC7SMU",4050,"m"
"12844","MBSYFS",1740,"m"
"12845","2N2GAd",3060,"f"
"12846","YPNJKP",1740,"f"
"12847","BdHTN4",3420,"m"
"12848","4JccdB",2820,"m"
"12849","XQS345",1140,"f"
"12850","EG4DM2",1680,"m"
"12851","ZPAG2A",2400,"f"
"12852","NBXP7N",3390,"m"
"12853","cE3WXc",1530,"m"
"12854","KRLDTE",4320,"m"
"12855","NY2cZA",3510,"f"
"12856","CUCSW3",2880,"m"
"12857","NZKdcH",1530,"f"
"12858","5Hd5XN",3720,"m"
"12859","JFd4LQ",3120,"f"
"12860","V6JVMB",2700,"m"
"12861","WGSZS6",1920,"m"
"12862","UQYP3K",2160,"f"
"12863","P3MYF5",3300,"f"
"12864","dcddCF",1770,"f"
"12865","CAECUF",3870,"f"
"12866","NZcKZR",2490,"m"
"12867","3MGZ2D",1620,"f"
"12868","Y324M2",4710,"m"
"12869","RKKSJM",3030,"f"
"12870","4ABCC4",1320,"f"
"12871","K73D3S",1860,"f"
"12872","5d3X5S",1620,"f"
"12873","WDETH6",2670,"m"
"12874","dZUWST",2340,"f"
"12875","cYGACQ",1890,"f"
"12876","dXAQG4",2760,"m"
"12877","5WHcX5",3750,"m"
"12878","K7R7CV",2550,"f"
"12879","FG2KCN",1440,"f"
"12880","YHGER6",3660,"f"
"12881","XUUFNU",2460,"f"
"12882","WPK4FZ",2760,"m"
"12883","Q4cDH5",2310,"f"
"12884","CXMSKS",2730,"f"
"12885","EZ6FZQ",1650,"m"
"12886","LCDQES",1530,"f"
"12887","LKKFPd",2400,"f"
"12888","Y4MHXV",2160,"m"
"12889","2ZPdLJ",1500,"f"
"12890","RC5T3R",3480,"f"
"12891","6c4MZT",2850,"f"
"12892","2ZBH3d",4020,"f"
"12893","d44R4W",4110,"f"
"12894","ZEYSWL",1560,"f"
"12895","33NPWV",1380,"m"
"12896","YMH4W3",1650,"f"
"12897","PXBcNU",1500,"m"
"12898","C2J3Kd",1350,"f"
"12899","7UQ674",1200,"f"
"12900","dJZ5QE",2850,"f"
"12901","H3HBTJ",1380,"f"
"12902","AEL3EQ",1200,"m"
"12903","3BMEHF",2130,"m"
"12904","HBWDcR",3210,"m"
"12905","ARMW2Y",3900,"m"
"12906","KMUTBA",2790,"f"
"12907","SCHcHE",3420,"m"
"12908","PXXPWV",2010,"m"
"12909","GCCDGU",1200,"f"
"12910","7EBDYc",3270,"f"
"12911","4P2QUV",1860,"m"
"12912","Z6D7dB",2220,"f"
"12913","75ZW26",1620,"m"
"12914","BC76CA",3780,"m"
"12915","WMJVGR",3000,"m"
"12916","dVMXCc",1770,"f"
"12917","d5Ud2c",1920,"f"
"12918","4VCRcA",2520,"f"
"12919","CQKHMP",4980,"f"
"12920","QRZ4QE",1530,"f"
"12921","EFYJWW",2010,"f"
"12922","LRAUYL",2010,"f"
"12923","AWZXWB",1290,"f"
"12924","R27BW6",5130,"m"
"12925","PHK3XR",2610,"f"
"12926","N4N6Q2",1890,"m"
"12927","YFLMKE",2490,"m"
"12928","5c5BKL",2400,"m"
"12929","VDGZL2",1680,"m"
"12930","cMD6FQ",5220,"m"
"12931","GXGSFD",5640,"f"
"12932","SJQQ2J",5130,"f"
"12933","5WN27N",5250,"f"
"12934","P3EcYE",5130,"f"
"12935","AVEH25",5460,"f"
"12936","MLH6HJ",5610,"f"
"12937","42LZDc",5280,"f"
"12938","FFZF7X",5160,"f"
"12939","LRCNHV",5700,"m"
"12940","F5REDH",5520,"m"
"12941","7GdZTX",5460,"m"
"12942","D7cM6P",5790,"f"
"12943","JE64ZK",5460,"m"
"12944","2dBUQX",5310,"f"
"12945","Yd7WPT",5250,"f"
"12946","735EB3",5460,"f"
"12947","cG6dWL",5430,"m"
"12948","ENUBED",5130,"m"
"12949","J4S4Nd",5310,"f"
"12950","RQXQ37",5610,"f"
"12951","TDYH5c",5250,"f"
"12952","H5HUVK",5520,"f"
"12953","A3HVZU",5490,"m"
"12954","Q5ZTWH",5130,"m"
"12955","CPLE3C",5220,"m"
"12956","VdRXdD",1350,"f"
"12957","DGH6Ld",1440,"f"
"12958","5A2Y2B",1170,"f"
"12959","GRLVFF",1230,"m"
"12960","4Lc7HB",1110,"m"
"12961","5TDN53",1350,"f"
"12962","F5QMEJ",1320,"m"
"12963","KU6RG5",2460,"m"
"12964","B5SScH",2520,"f"
"12965","XFMJ2D",2400,"m"
"12966","XNAGCD",2310,"f"
"12967","CTDG73",2490,"m"
"12968","GQYEcF",2340,"f"
"12969","DTXJAD",2400,"m"
"12970","5EPF77",2400,"f"
"12971","RBWAXG",2370,"f"
"12972","NA75A3",1320,"f"
"12973","ZFASAN",1260,"m"
"12974","UPcFPQ",1170,"f"
"12975","3BJL75",1320,"m"
"12976","L6BNGd",1440,"m"
"12977","4dR3DM",1530,"f"
"12978","FG3c3c",1590,"m"
"12979","3NRZDA",1110,"f"
"12980","cKNVRc",1770,"f"
"12981","KTLJTX",1140,"f"
"12982","QZ77BB",1500,"m"
"12983","DEH3SW",1230,"f"
"12984","CFZAdK",1230,"m"
"12985","223QZT",1590,"f"
"12986","C2PTE3",1380,"f"
"12987","RTVEE7",1560,"m"
"12988","XUYCHN",1170,"f"
"12989","CFGJVV",1140,"f"
"12990","6RYcKQ",1260,"f"
"12991","NX5FLF",1110,"f"
"12992","ZP3B3N",1110,"f"
"12993","RJ5WYZ",1290,"f"
"12994","A5ZcC2",1140,"m"
"12995","LFC354",1110,"f"
"12996","FdK67M",1200,"f"
"12997","K6SSNX",1110,"f"
"12998","E5EL7R",5520,"f"
"12999","AVEH25",5280,"f"
"13000","5CETCY",5520,"m"
"13001","KdTKRC",5730,"m"
"13002","XQc656",2490,"m"
"13003","3QARD5",2250,"m"
"13004","BAA7SE",2310,"f"
"13005","DRTVFR",2190,"f"
"13006","X3U2KL",3300,"m"
"13007","ZdWJU6",1200,"f"
"13008","DZEEEQ",1140,"m"
"13009","cLWD7X",1260,"m"
"13010","VVcSLZ",1170,"m"
"13011","YQXHAZ",1260,"m"
"13012","A5ZcC2",1110,"m"
"13013","4SGNPS",3780,"m"
"13014","77P6BR",3300,"f"
"13015","DJKFNX",3600,"m"
"13016","EM566H",3480,"m"
"13017","VHTSRV",3390,"m"
"13018","UFEZMT",3870,"f"
"13019","UNVGH4",3390,"f"
"13020","G64NX2",3300,"f"
"13021","UEXRGR",3300,"m"
"13022","2RT5YX",3750,"f"
"13023","5Hd5XN",3930,"m"
"13024","M2VDRX",3390,"f"
"13025","ALGACP",3630,"m"
"13026","6VQ5NV",3330,"f"
"13027","QE3QBc",3270,"m"
"13028","RF7BV6",3030,"f"
"13029","ZADALH",3630,"f"
"13030","UDVQ7Y",3330,"m"
"13031","ZU2PLS",3270,"f"
"13032","H7RFHM",3030,"f"
"13033","3NJBME",3360,"m"
"13034","2cLdd2",3180,"f"
"13035","U2YQXC",3870,"m"
"13036","U2YQXC",3870,"m"
"13037","VAKJdV",2940,"m"
"13038","WDNHcd",3990,"f"
"13039","cZVLcN",2970,"m"
"13040","LdNK4E",3090,"m"
"13041","5CZXYC",3240,"m"
"13042","MATGdB",3150,"f"
"13043","NBR2LE",3660,"m"
"13044","MM7MHD",3090,"m"
"13045","XQJNFQ",3510,"m"
"13046","J3RPUM",3930,"m"
"13047","J6GS2X",5820,"m"
"13048","QDLBWP",4500,"f"
"13049","36TYFV",4830,"f"
"13050","46GXRG",4890,"m"
"13051","WUCdQ6",4830,"m"
"13052","K7GP2d",5340,"f"
"13053","EcQK3N",5130,"m"
"13054","cMD6FQ",4980,"m"
"13055","EKACME",4740,"m"
"13056","K7GP2d",5340,"f"
"13057","7GKV4Y",5670,"m"
"13058","F7J6RM",4770,"m"
"13059","PU2VcV",4740,"o"
"13060","C5HA27",4740,"f"
"13061","USPAM2",4920,"f"
"13062","USPAM2",4920,"f"
"13063","CYHPFL",4950,"m"
"13064","SHWDdD",5310,"m"
"13065","27NPYH",4890,"f"
"13066","3EXKKV",4950,"m"
"13067","cMD6FQ",4920,"m"
"13068","LRCNHV",5430,"m"
"13069","PF76LW",5100,"m"
"13070","N2ZVC6",5280,"m"
"13071","B7TKT6",5040,"f"
"13072","7GdZTX",5190,"m"
"13073","735EB3",5250,"f"
"13074","RHTVQE",5010,"m"
"13075","VR4LYE",4500,"m"
"13076","543XTU",5280,"m"
"13077","775VNH",4890,"m"
"13078","N54WCV",5760,"f"
"13079","YAEUF5",5670,"m"
"13080","WQU6QW",5190,"f"
"13081","KRLDTE",4410,"m"
"13082","V3dN5D",4890,"m"
"13083","U32dEc",4950,"m"
"13084","JD34YF",4530,"m"
"13085","WYSHT3",4980,"m"
"13086","MNMX4S",5370,"m"
"13087","cX2D7c",4410,"f"
"13088","UYRcFH",4650,"f"
"13089","UKBcFN",4440,"m"
"13090","DEJDGM",4440,"m"
"13091","4URBHK",5070,"f"
"13092","YKUEcM",4170,"f"
"13093","P7Md7Y",4230,"f"
"13094","6VN3FP",4980,"m"
"13095","E5VGcY",4320,"f"
"13096","NcPKdR",4740,"m"
"13097","5C4cLF",4260,"m"
"13098","YKVL6Y",4020,"m"
"13099","LA3QLT",4770,"f"
"13100","3EXKKV",4860,"m"
"13101","4UTJ5C",4650,"f"
"13102","Z46DHN",4140,"m"
"13103","Rc27L6",5250,"f"
"13104","T7C2LP",4950,"f"
"13105","PCWHCD",4080,"m"
"13106","YSMZLG",4530,"m"
"13107","CJ2JZ3",4590,"m"
"13108","VB2XLF",4110,"m"
"13109","BVZU4W",4140,"m"
"13110","LZWTJC",4140,"m"
"13111","NN3UDW",4440,"m"
"13112","7DNGNA",5070,"m"
"13113","MQ5dCM",4260,"f"
"13114","G3BWNN",4440,"m"
"13115","J7d7Ed",4560,"m"
"13116","6LXAJD",4350,"f"
"13117","FEYCW6",4410,"m"
"13118","W3c3ZK",5580,"m"
"13119","BDKZEN",4050,"m"
"13120","ZQ3TTU",4710,"m"
"13121","XYX3RT",4680,"m"
"13122","JKQG2U",4740,"f"
"13123","VX7XXc",5040,"m"
"13124","26TBKA",4080,"m"
"13125","VMHNQA",4350,"f"
"13126","cYHPQ5",4140,"m"
"13127","KLdCX3",4260,"m"
"13128","SL5H56",4260,"f"
"13129","2CKBJK",4050,"m"
"13130","P7Md7Y",4200,"f"
"13131","VJ5H2T",5160,"o"
"13132","B47FdD",3990,"m"
"13133","J6DT2K",4560,"m"
"13134","Vc73T7",4110,"m"
"13135","2D2Pd2",5190,"f"
"13136","AHG2DK",5700,"m"
"13137","ERC7YR",3870,"f"
"13138","QCPV75",4500,"m"
"13139","CTJFJ4",4950,"m"
"13140","FQNNUZ",5130,"f"
"13141","J6GS2X",5640,"m"
"13142","c3dQ5P",3720,"m"
"13143","AVEH25",5070,"f"
"13144","HMdQVZ",3870,"m"
"13145","FBSJTZ",5820,"f"
"13146","DHLRUE",4560,"m"
"13147","CRAcZd",5430,"f"
"13148","TDSRAc",4770,"f"
"13149","RV46G2",4260,"m"
"13150","2UMdLC",4170,"m"
"13151","c53NTX",3870,"m"
"13152","G5dAEK",4230,"m"
"13153","G36QUX",3840,"m"
"13154","Ddd43L",4500,"f"
"13155","2MNUcZ",5460,"f"
"13156","NSYUD6",3930,"f"
"13157","F7J6RM",4620,"m"
"13158","XKdc35",4170,"f"
"13159","2HPcJ3",4980,"m"
"13160","LN6TPF",4350,"f"
"13161","5WcVK4",5160,"f"
"13162","4BAHDN",3780,"m"
"13163","cFCZPK",4950,"m"
"13164","NKAPDd",5520,"m"
"13165","H5HUVK",5250,"f"
"13166","M6LdNB",4620,"m"
"13167","5MGCBZ",4050,"m"
"13168","ECZKcH",3090,"f"
"13169","FXKXTL",4290,"f"
"13170","4HBDTF",3840,"m"
"13171","d2RNVQ",3090,"f"
"13172","AZQZZJ",3480,"f"
"13173","KYNWJ7",3420,"f"
"13174","PWRD2W",3240,"f"
"13175","THHUXY",2790,"f"
"13176","CcXK5V",3630,"f"
"13177","226DPJ",3870,"m"
"13178","CT6TE2",2280,"f"
"13179","dJUH64",2610,"m"
"13180","MM7MHD",2910,"m"
"13181","TRMZMN",2400,"f"
"13182","DUJVEL",3150,"m"
"13183","GE4NBT",5640,"m"
"13184","XdAMGC",2550,"f"
"13185","GLQULU",2640,"f"
"13186","ADcDUM",3330,"m"
"13187","dB3YRD",4290,"f"
"13188","CACCCP",2880,"m"
"13189","BJZGD2",3270,"f"
"13190","SQPHC7",2310,"f"
"13191","Kc6RMY",3330,"m"
"13192","PBLZWN",5190,"f"
"13193","VZ53KA",4110,"f"
"13194","WUBBEK",2640,"m"
"13195","XS57KJ",2190,"m"
"13196","d3R2U4",3060,"f"
"13197","RCAU4S",1980,"f"
"13198","UGcYTS",2970,"f"
"13199","LXRCcF",1980,"f"
"13200","6WDXTc",2160,"m"
"13201","37LAQX",2910,"m"
"13202","YLJTKQ",1950,"f"
"13203","KPRDT6",3480,"m"
"13204","BVA42Y",1950,"f"
"13205","KBQDD5",2700,"m"
"13206","4QcY5E",2070,"f"
"13207","4d2CPG",3000,"m"
"13208","SDF2YR",2490,"m"
"13209","7YdT45",2550,"f"
"13210","ZALG7S",3570,"f"
"13211","FJZ4BR",4530,"m"
"13212","BZVQUN",3840,"f"
"13213","BNXB5D",2640,"f"
"13214","NDM42C",2220,"f"
"13215","YM2G5C",1380,"f"
"13216","747d4U",2040,"f"
"13217","VEYGC2",3840,"m"
"13218","6RDT55",4920,"f"
"13219","c6dNFC",1500,"f"
"13220","FW72XL",3150,"f"
"13221","DY7SUJ",3870,"f"
"13222","VdM6UX",2880,"m"
"13223","4XE3KX",3600,"f"
"13224","QdRUdL",4170,"m"
"13225","VGGS3V",3480,"m"
"13226","3STC7T",1500,"f"
"13227","7W2BAS",3000,"f"
"13228","CPcQFY",4470,"f"
"13229","K6FCZV",3540,"m"
"13230","QMLL2R",1530,"m"
"13231","3ADQJK",1170,"m"
"13232","YPMRcS",1710,"f"
"13233","K7YdLP",5640,"f"
"13234","DBFU24",4290,"f"
"13235","KE6McV",4020,"f"
"13236","Y5C3MY",2880,"m"
"13237","VdA4LW",1290,"f"
"13238","SCHcHE",3450,"m"
"13239","GFRFTR",1920,"f"
"13240","AF6JVZ",2490,"m"
"13241","dADL67",1890,"f"
"13242","4NJCTY",1590,"m"
"13243","7JUJPC",2790,"m"
"13244","Y2M3FQ",4230,"f"
"13245","WDY6c7",2550,"f"
"13246","C5HA27",4620,"f"
"13247","PU2VcV",4620,"o"
"13248","YFE323",2040,"m"
"13249","GXJBPE",1170,"m"
"13250","VRRTXM",3540,"f"
"13251","65LC6N",1200,"m"
"13252","EHPQXP",2670,"f"
"13253","KN4QXT",1890,"m"
"13254","5Q24K5",1290,"f"
"13255","AEVA5R",2610,"f"
"13256","PZ5DPJ",1170,"f"
"13257","RL56d4",3060,"m"
"13258","VRHSL4",3450,"f"
"13259","SEAHSd",2100,"m"
"13260","NSQ3X6",3420,"f"
"13261","4VHdUK",5040,"m"
"13262","AS4P67",2040,"f"
"13263","Xd7JWC",2010,"m"
"13264","PcR4BM",1980,"m"
"13265","UPTL7Y",3720,"m"
"13266","DHZ3NG",3600,"f"
"13267","YLAdC4",1830,"f"
"13268","PRPWZF",2220,"f"
"13269","NMW7J7",1500,"f"
"13270","MBCA5E",2730,"f"
"13271","NPVQNQ",1740,"m"
"13272","NEQP2Q",1860,"f"
"13273","44WWDL",1890,"f"
"13274","dMcX57",1650,"m"
"13275","P2JCDF",1740,"m"
"13276","XEKPSB",1980,"f"
"13277","dJPCR7",2610,"m"
"13278","QVDCEG",2760,"f"
"13279","TJAT32",1260,"m"
"13280","V5REVB",1500,"m"
"13281","S7FVQH",2070,"m"
"13282","347dJH",1800,"f"
"13283","SCMMCA",3150,"f"
"13284","J33Q67",1440,"m"
"13285","PK2YGJ",4200,"m"
"13286","3G522Y",2460,"f"
"13287","W575AK",2790,"f"
"13288","WQGT5Y",1200,"m"
"13289","d6RFVM",4110,"m"
"13290","GYU46J",4140,"f"
"13291","2cLdd2",2970,"f"
"13292","6FL4TM",2550,"f"
"13293","QVSRQC",1980,"f"
"13294","DKUY4F",1290,"f"
"13295","XAVQXc",2100,"f"
"13296","UZG2dX",2940,"m"
"13297","KHRJM7",3810,"m"
"13298","UAPd65",3060,"m"
"13299","3XcSJ2",3810,"f"
"13300","dR3ZQW",3240,"m"
"13301","LUQK5d",1350,"f"
"13302","KE3Z6Z",3810,"f"
"13303","FVTKHG",2790,"f"
"13304","5HHGcY",2640,"m"
"13305","Fc7UHG",3270,"m"
"13306","Q4EEd6",2460,"f"
"13307","Ddd42B",4590,"m"
"13308","cFJCJK",2490,"f"
"13309","RL5F7C",1590,"m"
"13310","QARBCD",3690,"m"
"13311","c2DEY3",1200,"m"
"13312","LKJRX3",2970,"f"
"13313","7R4XY2",1350,"f"
"13314","MR5MAH",2700,"f"
"13315","Z6JWFD",3000,"m"
"13316","FG5XVM",2550,"m"
"13317","BLMEUH",1560,"f"
"13318","XC7SMU",4050,"m"
"13319","MBSYFS",1740,"m"
"13320","2N2GAd",3060,"f"
"13321","YPNJKP",1740,"f"
"13322","BdHTN4",3420,"m"
"13323","4JccdB",2820,"m"
"13324","XQS345",1140,"f"
"13325","EG4DM2",1680,"m"
"13326","ZPAG2A",2400,"f"
"13327","NBXP7N",3390,"m"
"13328","cE3WXc",1530,"m"
"13329","KRLDTE",4320,"m"
"13330","NY2cZA",3510,"f"
"13331","CUCSW3",2880,"m"
"13332","NZKdcH",1530,"f"
"13333","5Hd5XN",3720,"m"
"13334","JFd4LQ",3120,"f"
"13335","V6JVMB",2700,"m"
"13336","WGSZS6",1920,"m"
"13337","UQYP3K",2160,"f"
"13338","P3MYF5",3300,"f"
"13339","dcddCF",1770,"f"
"13340","CAECUF",3870,"f"
"13341","NZcKZR",2490,"m"
"13342","3MGZ2D",1620,"f"
"13343","Y324M2",4710,"m"
"13344","RKKSJM",3030,"f"
"13345","4ABCC4",1320,"f"
"13346","K73D3S",1860,"f"
"13347","5d3X5S",1620,"f"
"13348","WDETH6",2670,"m"
"13349","dZUWST",2340,"f"
"13350","cYGACQ",1890,"f"
"13351","dXAQG4",2760,"m"
"13352","5WHcX5",3750,"m"
"13353","K7R7CV",2550,"f"
"13354","FG2KCN",1440,"f"
"13355","YHGER6",3660,"f"
"13356","XUUFNU",2460,"f"
"13357","WPK4FZ",2760,"m"
"13358","Q4cDH5",2310,"f"
"13359","CXMSKS",2730,"f"
"13360","EZ6FZQ",1650,"m"
"13361","LCDQES",1530,"f"
"13362","LKKFPd",2400,"f"
"13363","Y4MHXV",2160,"m"
"13364","2ZPdLJ",1500,"f"
"13365","RC5T3R",3480,"f"
"13366","6c4MZT",2850,"f"
"13367","2ZBH3d",4020,"f"
"13368","d44R4W",4110,"f"
"13369","ZEYSWL",1560,"f"
"13370","33NPWV",1380,"m"
"13371","YMH4W3",1650,"f"
"13372","PXBcNU",1500,"m"
"13373","C2J3Kd",1350,"f"
"13374","7UQ674",1200,"f"
"13375","dJZ5QE",2850,"f"
"13376","H3HBTJ",1380,"f"
"13377","AEL3EQ",1200,"m"
"13378","3BMEHF",2130,"m"
"13379","HBWDcR",3210,"m"
"13380","ARMW2Y",3900,"m"
"13381","KMUTBA",2790,"f"
"13382","SCHcHE",3420,"m"
"13383","PXXPWV",2010,"m"
"13384","GCCDGU",1200,"f"
"13385","7EBDYc",3270,"f"
"13386","4P2QUV",1860,"m"
"13387","Z6D7dB",2220,"f"
"13388","75ZW26",1620,"m"
"13389","BC76CA",3780,"m"
"13390","WMJVGR",3000,"m"
"13391","dVMXCc",1770,"f"
"13392","d5Ud2c",1920,"f"
"13393","4VCRcA",2520,"f"
"13394","CQKHMP",4980,"f"
"13395","QRZ4QE",1530,"f"
"13396","EFYJWW",2010,"f"
"13397","LRAUYL",2010,"f"
"13398","AWZXWB",1290,"f"
"13399","R27BW6",5130,"m"
"13400","PHK3XR",2610,"f"
"13401","N4N6Q2",1890,"m"
"13402","YFLMKE",2490,"m"
"13403","5c5BKL",2400,"m"
"13404","VDGZL2",1680,"m"
"13405","cMD6FQ",5220,"m"
"13406","GXGSFD",5640,"f"
"13407","SJQQ2J",5130,"f"
"13408","5WN27N",5250,"f"
"13409","P3EcYE",5130,"f"
"13410","AVEH25",5460,"f"
"13411","MLH6HJ",5610,"f"
"13412","42LZDc",5280,"f"
"13413","FFZF7X",5160,"f"
"13414","LRCNHV",5700,"m"
"13415","F5REDH",5520,"m"
"13416","7GdZTX",5460,"m"
"13417","D7cM6P",5790,"f"
"13418","JE64ZK",5460,"m"
"13419","2dBUQX",5310,"f"
"13420","Yd7WPT",5250,"f"
"13421","735EB3",5460,"f"
"13422","cG6dWL",5430,"m"
"13423","ENUBED",5130,"m"
"13424","J4S4Nd",5310,"f"
"13425","RQXQ37",5610,"f"
"13426","TDYH5c",5250,"f"
"13427","H5HUVK",5520,"f"
"13428","A3HVZU",5490,"m"
"13429","Q5ZTWH",5130,"m"
"13430","CPLE3C",5220,"m"
"13431","VdRXdD",1350,"f"
"13432","DGH6Ld",1440,"f"
"13433","5A2Y2B",1170,"f"
"13434","GRLVFF",1230,"m"
"13435","4Lc7HB",1110,"m"
"13436","5TDN53",1350,"f"
"13437","F5QMEJ",1320,"m"
"13438","KU6RG5",2460,"m"
"13439","B5SScH",2520,"f"
"13440","XFMJ2D",2400,"m"
"13441","XNAGCD",2310,"f"
"13442","CTDG73",2490,"m"
"13443","GQYEcF",2340,"f"
"13444","DTXJAD",2400,"m"
"13445","5EPF77",2400,"f"
"13446","RBWAXG",2370,"f"
"13447","NA75A3",1320,"f"
"13448","ZFASAN",1260,"m"
"13449","UPcFPQ",1170,"f"
"13450","3BJL75",1320,"m"
"13451","L6BNGd",1440,"m"
"13452","4dR3DM",1530,"f"
"13453","FG3c3c",1590,"m"
"13454","3NRZDA",1110,"f"
"13455","cKNVRc",1770,"f"
"13456","KTLJTX",1140,"f"
"13457","QZ77BB",1500,"m"
"13458","DEH3SW",1230,"f"
"13459","CFZAdK",1230,"m"
"13460","223QZT",1590,"f"
"13461","C2PTE3",1380,"f"
"13462","RTVEE7",1560,"m"
"13463","XUYCHN",1170,"f"
"13464","CFGJVV",1140,"f"
"13465","6RYcKQ",1260,"f"
"13466","NX5FLF",1110,"f"
"13467","ZP3B3N",1110,"f"
"13468","RJ5WYZ",1290,"f"
"13469","A5ZcC2",1140,"m"
"13470","LFC354",1110,"f"
"13471","FdK67M",1200,"f"
"13472","K6SSNX",1110,"f"
"13473","E5EL7R",5520,"f"
"13474","AVEH25",5280,"f"
"13475","5CETCY",5520,"m"
"13476","KdTKRC",5730,"m"
"13477","XQc656",2490,"m"
"13478","3QARD5",2250,"m"
"13479","BAA7SE",2310,"f"
"13480","DRTVFR",2190,"f"
"13481","X3U2KL",3300,"m"
"13482","ZdWJU6",1200,"f"
"13483","DZEEEQ",1140,"m"
"13484","cLWD7X",1260,"m"
"13485","VVcSLZ",1170,"m"
"13486","YQXHAZ",1260,"m"
"13487","A5ZcC2",1110,"m"
"13488","4SGNPS",3780,"m"
"13489","77P6BR",3300,"f"
"13490","DJKFNX",3600,"m"
"13491","EM566H",3480,"m"
"13492","VHTSRV",3390,"m"
"13493","UFEZMT",3870,"f"
"13494","UNVGH4",3390,"f"
"13495","G64NX2",3300,"f"
"13496","UEXRGR",3300,"m"
"13497","2RT5YX",3750,"f"
"13498","5Hd5XN",3930,"m"
"13499","M2VDRX",3390,"f"
"13500","ALGACP",3630,"m"
"13501","6VQ5NV",3330,"f"
"13502","QE3QBc",3270,"m"
"13503","RF7BV6",3030,"f"
"13504","ZADALH",3630,"f"
"13505","UDVQ7Y",3330,"m"
"13506","ZU2PLS",3270,"f"
"13507","H7RFHM",3030,"f"
"13508","3NJBME",3360,"m"
"13509","2cLdd2",3180,"f"
"13510","U2YQXC",3870,"m"
"13511","U2YQXC",3870,"m"
"13512","VAKJdV",2940,"m"
"13513","WDNHcd",3990,"f"
"13514","cZVLcN",2970,"m"
"13515","LdNK4E",3090,"m"
"13516","5CZXYC",3240,"m"
"13517","MATGdB",3150,"f"
"13518","NBR2LE",3660,"m"
"13519","MM7MHD",3090,"m"
"13520","XQJNFQ",3510,"m"
"13521","J3RPUM",3930,"m"
"13522","J6GS2X",5820,"m"
"13523","QDLBWP",4500,"f"
"13524","36TYFV",4830,"f"
"13525","46GXRG",4890,"m"
"13526","WUCdQ6",4830,"m"
"13527","K7GP2d",5340,"f"
"13528","EcQK3N",5130,"m"
"13529","cMD6FQ",4980,"m"
"13530","EKACME",4740,"m"
"13531","K7GP2d",5340,"f"
"13532","7GKV4Y",5670,"m"
"13533","F7J6RM",4770,"m"
"13534","PU2VcV",4740,"o"
"13535","C5HA27",4740,"f"
"13536","USPAM2",4920,"f"
"13537","USPAM2",4920,"f"
"13538","CYHPFL",4950,"m"
"13539","SHWDdD",5310,"m"
"13540","27NPYH",4890,"f"
"13541","3EXKKV",4950,"m"
"13542","cMD6FQ",4920,"m"
"13543","LRCNHV",5430,"m"
"13544","PF76LW",5100,"m"
"13545","N2ZVC6",5280,"m"
"13546","B7TKT6",5040,"f"
"13547","7GdZTX",5190,"m"
"13548","735EB3",5250,"f"
"13549","RHTVQE",5010,"m"
"13550","VR4LYE",4500,"m"
"13551","543XTU",5280,"m"
"13552","775VNH",4890,"m"
"13553","N54WCV",5760,"f"
"13554","YAEUF5",5670,"m"
"13555","WQU6QW",5190,"f"
"13556","KRLDTE",4410,"m"
"13557","V3dN5D",4890,"m"
"13558","U32dEc",4950,"m"
"13559","JD34YF",4530,"m"
"13560","WYSHT3",4980,"m"
"13561","MNMX4S",5370,"m"
"13562","cX2D7c",4410,"f"
"13563","UYRcFH",4650,"f"
"13564","UKBcFN",4440,"m"
"13565","DEJDGM",4440,"m"
"13566","4URBHK",5070,"f"
"13567","YKUEcM",4170,"f"
"13568","P7Md7Y",4230,"f"
"13569","6VN3FP",4980,"m"
"13570","E5VGcY",4320,"f"
"13571","NcPKdR",4740,"m"
"13572","5C4cLF",4260,"m"
"13573","YKVL6Y",4020,"m"
"13574","LA3QLT",4770,"f"
"13575","3EXKKV",4860,"m"
"13576","4UTJ5C",4650,"f"
"13577","Z46DHN",4140,"m"
"13578","Rc27L6",5250,"f"
"13579","T7C2LP",4950,"f"
"13580","PCWHCD",4080,"m"
"13581","YSMZLG",4530,"m"
"13582","CJ2JZ3",4590,"m"
"13583","VB2XLF",4110,"m"
"13584","BVZU4W",4140,"m"
"13585","LZWTJC",4140,"m"
"13586","NN3UDW",4440,"m"
"13587","7DNGNA",5070,"m"
"13588","MQ5dCM",4260,"f"
"13589","G3BWNN",4440,"m"
"13590","J7d7Ed",4560,"m"
"13591","6LXAJD",4350,"f"
"13592","FEYCW6",4410,"m"
"13593","W3c3ZK",5580,"m"
"13594","BDKZEN",4050,"m"
"13595","ZQ3TTU",4710,"m"
"13596","XYX3RT",4680,"m"
"13597","JKQG2U",4740,"f"
"13598","VX7XXc",5040,"m"
"13599","26TBKA",4080,"m"
"13600","VMHNQA",4350,"f"
"13601","cYHPQ5",4140,"m"
"13602","KLdCX3",4260,"m"
"13603","SL5H56",4260,"f"
"13604","2CKBJK",4050,"m"
"13605","P7Md7Y",4200,"f"
"13606","VJ5H2T",5160,"o"
"13607","B47FdD",3990,"m"
"13608","J6DT2K",4560,"m"
"13609","Vc73T7",4110,"m"
"13610","2D2Pd2",5190,"f"
"13611","AHG2DK",5700,"m"
"13612","ERC7YR",3870,"f"
"13613","QCPV75",4500,"m"
"13614","CTJFJ4",4950,"m"
"13615","FQNNUZ",5130,"f"
"13616","J6GS2X",5640,"m"
"13617","c3dQ5P",3720,"m"
"13618","AVEH25",5070,"f"
"13619","HMdQVZ",3870,"m"
"13620","FBSJTZ",5820,"f"
"13621","DHLRUE",4560,"m"
"13622","CRAcZd",5430,"f"
"13623","TDSRAc",4770,"f"
"13624","RV46G2",4260,"m"
"13625","2UMdLC",4170,"m"
"13626","c53NTX",3870,"m"
"13627","G5dAEK",4230,"m"
"13628","G36QUX",3840,"m"
"13629","Ddd43L",4500,"f"
"13630","2MNUcZ",5460,"f"
"13631","NSYUD6",3930,"f"
"13632","F7J6RM",4620,"m"
"13633","XKdc35",4170,"f"
"13634","2HPcJ3",4980,"m"
"13635","LN6TPF",4350,"f"
"13636","5WcVK4",5160,"f"
"13637","4BAHDN",3780,"m"
"13638","cFCZPK",4950,"m"
"13639","NKAPDd",5520,"m"
"13640","H5HUVK",5250,"f"
"13641","M6LdNB",4620,"m"
"13642","5MGCBZ",4050,"m"
"13643","ECZKcH",3090,"f"
"13644","FXKXTL",4290,"f"
"13645","4HBDTF",3840,"m"
"13646","d2RNVQ",3090,"f"
"13647","AZQZZJ",3480,"f"
"13648","KYNWJ7",3420,"f"
"13649","PWRD2W",3240,"f"
"13650","THHUXY",2790,"f"
"13651","CcXK5V",3630,"f"
"13652","226DPJ",3870,"m"
"13653","CT6TE2",2280,"f"
"13654","dJUH64",2610,"m"
"13655","MM7MHD",2910,"m"
"13656","TRMZMN",2400,"f"
"13657","DUJVEL",3150,"m"
"13658","GE4NBT",5640,"m"
"13659","XdAMGC",2550,"f"
"13660","GLQULU",2640,"f"
"13661","ADcDUM",3330,"m"
"13662","dB3YRD",4290,"f"
"13663","CACCCP",2880,"m"
"13664","BJZGD2",3270,"f"
"13665","SQPHC7",2310,"f"
"13666","Kc6RMY",3330,"m"
"13667","PBLZWN",5190,"f"
"13668","VZ53KA",4110,"f"
"13669","WUBBEK",2640,"m"
"13670","XS57KJ",2190,"m"
"13671","d3R2U4",3060,"f"
"13672","RCAU4S",1980,"f"
"13673","UGcYTS",2970,"f"
"13674","LXRCcF",1980,"f"
"13675","6WDXTc",2160,"m"
"13676","37LAQX",2910,"m"
"13677","YLJTKQ",1950,"f"
"13678","KPRDT6",3480,"m"
"13679","BVA42Y",1950,"f"
"13680","KBQDD5",2700,"m"
"13681","4QcY5E",2070,"f"
"13682","4d2CPG",3000,"m"
"13683","SDF2YR",2490,"m"
"13684","7YdT45",2550,"f"
"13685","ZALG7S",3570,"f"
"13686","FJZ4BR",4530,"m"
"13687","BZVQUN",3840,"f"
"13688","BNXB5D",2640,"f"
"13689","NDM42C",2220,"f"
"13690","YM2G5C",1380,"f"
"13691","747d4U",2040,"f"
"13692","VEYGC2",3840,"m"
"13693","6RDT55",4920,"f"
"13694","c6dNFC",1500,"f"
"13695","FW72XL",3150,"f"
"13696","DY7SUJ",3870,"f"
"13697","VdM6UX",2880,"m"
"13698","4XE3KX",3600,"f"
"13699","QdRUdL",4170,"m"
"13700","VGGS3V",3480,"m"
"13701","3STC7T",1500,"f"
"13702","7W2BAS",3000,"f"
"13703","CPcQFY",4470,"f"
"13704","K6FCZV",3540,"m"
"13705","QMLL2R",1530,"m"
"13706","3ADQJK",1170,"m"
"13707","YPMRcS",1710,"f"
"13708","K7YdLP",5640,"f"
"13709","DBFU24",4290,"f"
"13710","KE6McV",4020,"f"
"13711","Y5C3MY",2880,"m"
"13712","VdA4LW",1290,"f"
"13713","SCHcHE",3450,"m"
"13714","GFRFTR",1920,"f"
"13715","AF6JVZ",2490,"m"
"13716","dADL67",1890,"f"
"13717","4NJCTY",1590,"m"
"13718","7JUJPC",2790,"m"
"13719","Y2M3FQ",4230,"f"
"13720","WDY6c7",2550,"f"
"13721","C5HA27",4620,"f"
"13722","PU2VcV",4620,"o"
"13723","YFE323",2040,"m"
"13724","GXJBPE",1170,"m"
"13725","VRRTXM",3540,"f"
"13726","65LC6N",1200,"m"
"13727","EHPQXP",2670,"f"
"13728","KN4QXT",1890,"m"
"13729","5Q24K5",1290,"f"
"13730","AEVA5R",2610,"f"
"13731","PZ5DPJ",1170,"f"
"13732","RL56d4",3060,"m"
"13733","VRHSL4",3450,"f"
"13734","SEAHSd",2100,"m"
"13735","NSQ3X6",3420,"f"
"13736","4VHdUK",5040,"m"
"13737","AS4P67",2040,"f"
"13738","Xd7JWC",2010,"m"
"13739","PcR4BM",1980,"m"
"13740","UPTL7Y",3720,"m"
"13741","DHZ3NG",3600,"f"
"13742","YLAdC4",1830,"f"
"13743","PRPWZF",2220,"f"
"13744","NMW7J7",1500,"f"
"13745","MBCA5E",2730,"f"
"13746","NPVQNQ",1740,"m"
"13747","NEQP2Q",1860,"f"
"13748","44WWDL",1890,"f"
"13749","dMcX57",1650,"m"
"13750","P2JCDF",1740,"m"
"13751","XEKPSB",1980,"f"
"13752","dJPCR7",2610,"m"
"13753","QVDCEG",2760,"f"
"13754","TJAT32",1260,"m"
"13755","V5REVB",1500,"m"
"13756","S7FVQH",2070,"m"
"13757","347dJH",1800,"f"
"13758","SCMMCA",3150,"f"
"13759","J33Q67",1440,"m"
"13760","PK2YGJ",4200,"m"
"13761","3G522Y",2460,"f"
"13762","W575AK",2790,"f"
"13763","WQGT5Y",1200,"m"
"13764","d6RFVM",4110,"m"
"13765","GYU46J",4140,"f"
"13766","2cLdd2",2970,"f"
"13767","6FL4TM",2550,"f"
"13768","QVSRQC",1980,"f"
"13769","DKUY4F",1290,"f"
"13770","XAVQXc",2100,"f"
"13771","UZG2dX",2940,"m"
"13772","KHRJM7",3810,"m"
"13773","UAPd65",3060,"m"
"13774","3XcSJ2",3810,"f"
"13775","dR3ZQW",3240,"m"
"13776","LUQK5d",1350,"f"
"13777","KE3Z6Z",3810,"f"
"13778","FVTKHG",2790,"f"
"13779","5HHGcY",2640,"m"
"13780","Fc7UHG",3270,"m"
"13781","Q4EEd6",2460,"f"
"13782","Ddd42B",4590,"m"
"13783","cFJCJK",2490,"f"
"13784","RL5F7C",1590,"m"
"13785","QARBCD",3690,"m"
"13786","c2DEY3",1200,"m"
"13787","LKJRX3",2970,"f"
"13788","7R4XY2",1350,"f"
"13789","MR5MAH",2700,"f"
"13790","Z6JWFD",3000,"m"
"13791","FG5XVM",2550,"m"
"13792","BLMEUH",1560,"f"
"13793","XC7SMU",4050,"m"
"13794","MBSYFS",1740,"m"
"13795","2N2GAd",3060,"f"
"13796","YPNJKP",1740,"f"
"13797","BdHTN4",3420,"m"
"13798","4JccdB",2820,"m"
"13799","XQS345",1140,"f"
"13800","EG4DM2",1680,"m"
"13801","ZPAG2A",2400,"f"
"13802","NBXP7N",3390,"m"
"13803","cE3WXc",1530,"m"
"13804","KRLDTE",4320,"m"
"13805","NY2cZA",3510,"f"
"13806","CUCSW3",2880,"m"
"13807","NZKdcH",1530,"f"
"13808","5Hd5XN",3720,"m"
"13809","JFd4LQ",3120,"f"
"13810","V6JVMB",2700,"m"
"13811","WGSZS6",1920,"m"
"13812","UQYP3K",2160,"f"
"13813","P3MYF5",3300,"f"
"13814","dcddCF",1770,"f"
"13815","CAECUF",3870,"f"
"13816","NZcKZR",2490,"m"
"13817","3MGZ2D",1620,"f"
"13818","Y324M2",4710,"m"
"13819","RKKSJM",3030,"f"
"13820","4ABCC4",1320,"f"
"13821","K73D3S",1860,"f"
"13822","5d3X5S",1620,"f"
"13823","WDETH6",2670,"m"
"13824","dZUWST",2340,"f"
"13825","cYGACQ",1890,"f"
"13826","dXAQG4",2760,"m"
"13827","5WHcX5",3750,"m"
"13828","K7R7CV",2550,"f"
"13829","FG2KCN",1440,"f"
"13830","YHGER6",3660,"f"
"13831","XUUFNU",2460,"f"
"13832","WPK4FZ",2760,"m"
"13833","Q4cDH5",2310,"f"
"13834","CXMSKS",2730,"f"
"13835","EZ6FZQ",1650,"m"
"13836","LCDQES",1530,"f"
"13837","LKKFPd",2400,"f"
"13838","Y4MHXV",2160,"m"
"13839","2ZPdLJ",1500,"f"
"13840","RC5T3R",3480,"f"
"13841","6c4MZT",2850,"f"
"13842","2ZBH3d",4020,"f"
"13843","d44R4W",4110,"f"
"13844","ZEYSWL",1560,"f"
"13845","33NPWV",1380,"m"
"13846","YMH4W3",1650,"f"
"13847","PXBcNU",1500,"m"
"13848","C2J3Kd",1350,"f"
"13849","7UQ674",1200,"f"
"13850","dJZ5QE",2850,"f"
"13851","H3HBTJ",1380,"f"
"13852","AEL3EQ",1200,"m"
"13853","3BMEHF",2130,"m"
"13854","HBWDcR",3210,"m"
"13855","ARMW2Y",3900,"m"
"13856","KMUTBA",2790,"f"
"13857","SCHcHE",3420,"m"
"13858","PXXPWV",2010,"m"
"13859","GCCDGU",1200,"f"
"13860","7EBDYc",3270,"f"
"13861","4P2QUV",1860,"m"
"13862","Z6D7dB",2220,"f"
"13863","75ZW26",1620,"m"
"13864","BC76CA",3780,"m"
"13865","WMJVGR",3000,"m"
"13866","dVMXCc",1770,"f"
"13867","d5Ud2c",1920,"f"
"13868","4VCRcA",2520,"f"
"13869","CQKHMP",4980,"f"
"13870","QRZ4QE",1530,"f"
"13871","EFYJWW",2010,"f"
"13872","LRAUYL",2010,"f"
"13873","AWZXWB",1290,"f"
"13874","R27BW6",5130,"m"
"13875","PHK3XR",2610,"f"
"13876","N4N6Q2",1890,"m"
"13877","YFLMKE",2490,"m"
"13878","5c5BKL",2400,"m"
"13879","VDGZL2",1680,"m"
"13880","cMD6FQ",5220,"m"
"13881","GXGSFD",5640,"f"
"13882","SJQQ2J",5130,"f"
"13883","5WN27N",5250,"f"
"13884","P3EcYE",5130,"f"
"13885","AVEH25",5460,"f"
"13886","MLH6HJ",5610,"f"
"13887","42LZDc",5280,"f"
"13888","FFZF7X",5160,"f"
"13889","LRCNHV",5700,"m"
"13890","F5REDH",5520,"m"
"13891","7GdZTX",5460,"m"
"13892","D7cM6P",5790,"f"
"13893","JE64ZK",5460,"m"
"13894","2dBUQX",5310,"f"
"13895","Yd7WPT",5250,"f"
"13896","735EB3",5460,"f"
"13897","cG6dWL",5430,"m"
"13898","ENUBED",5130,"m"
"13899","J4S4Nd",5310,"f"
"13900","RQXQ37",5610,"f"
"13901","TDYH5c",5250,"f"
"13902","H5HUVK",5520,"f"
"13903","A3HVZU",5490,"m"
"13904","Q5ZTWH",5130,"m"
"13905","CPLE3C",5220,"m"
"13906","VdRXdD",1350,"f"
"13907","DGH6Ld",1440,"f"
"13908","5A2Y2B",1170,"f"
"13909","GRLVFF",1230,"m"
"13910","4Lc7HB",1110,"m"
"13911","5TDN53",1350,"f"
"13912","F5QMEJ",1320,"m"
"13913","KU6RG5",2460,"m"
"13914","B5SScH",2520,"f"
"13915","XFMJ2D",2400,"m"
"13916","XNAGCD",2310,"f"
"13917","CTDG73",2490,"m"
"13918","GQYEcF",2340,"f"
"13919","DTXJAD",2400,"m"
"13920","5EPF77",2400,"f"
"13921","RBWAXG",2370,"f"
"13922","NA75A3",1320,"f"
"13923","ZFASAN",1260,"m"
"13924","UPcFPQ",1170,"f"
"13925","3BJL75",1320,"m"
"13926","L6BNGd",1440,"m"
"13927","4dR3DM",1530,"f"
"13928","FG3c3c",1590,"m"
"13929","3NRZDA",1110,"f"
"13930","cKNVRc",1770,"f"
"13931","KTLJTX",1140,"f"
"13932","QZ77BB",1500,"m"
"13933","DEH3SW",1230,"f"
"13934","CFZAdK",1230,"m"
"13935","223QZT",1590,"f"
"13936","C2PTE3",1380,"f"
"13937","RTVEE7",1560,"m"
"13938","XUYCHN",1170,"f"
"13939","CFGJVV",1140,"f"
"13940","6RYcKQ",1260,"f"
"13941","NX5FLF",1110,"f"
"13942","ZP3B3N",1110,"f"
"13943","RJ5WYZ",1290,"f"
"13944","A5ZcC2",1140,"m"
"13945","LFC354",1110,"f"
"13946","FdK67M",1200,"f"
"13947","K6SSNX",1110,"f"
"13948","E5EL7R",5520,"f"
"13949","AVEH25",5280,"f"
"13950","5CETCY",5520,"m"
"13951","KdTKRC",5730,"m"
"13952","XQc656",2490,"m"
"13953","3QARD5",2250,"m"
"13954","BAA7SE",2310,"f"
"13955","DRTVFR",2190,"f"
"13956","X3U2KL",3300,"m"
"13957","ZdWJU6",1200,"f"
"13958","DZEEEQ",1140,"m"
"13959","cLWD7X",1260,"m"
"13960","VVcSLZ",1170,"m"
"13961","YQXHAZ",1260,"m"
"13962","A5ZcC2",1110,"m"
"13963","4SGNPS",3780,"m"
"13964","77P6BR",3300,"f"
"13965","DJKFNX",3600,"m"
"13966","EM566H",3480,"m"
"13967","VHTSRV",3390,"m"
"13968","UFEZMT",3870,"f"
"13969","UNVGH4",3390,"f"
"13970","G64NX2",3300,"f"
"13971","UEXRGR",3300,"m"
"13972","2RT5YX",3750,"f"
"13973","5Hd5XN",3930,"m"
"13974","M2VDRX",3390,"f"
"13975","ALGACP",3630,"m"
"13976","6VQ5NV",3330,"f"
"13977","QE3QBc",3270,"m"
"13978","RF7BV6",3030,"f"
"13979","ZADALH",3630,"f"
"13980","UDVQ7Y",3330,"m"
"13981","ZU2PLS",3270,"f"
"13982","H7RFHM",3030,"f"
"13983","3NJBME",3360,"m"
"13984","2cLdd2",3180,"f"
"13985","U2YQXC",3870,"m"
"13986","U2YQXC",3870,"m"
"13987","VAKJdV",2940,"m"
"13988","WDNHcd",3990,"f"
"13989","cZVLcN",2970,"m"
"13990","LdNK4E",3090,"m"
"13991","5CZXYC",3240,"m"
"13992","MATGdB",3150,"f"
"13993","NBR2LE",3660,"m"
"13994","MM7MHD",3090,"m"
"13995","XQJNFQ",3510,"m"
"13996","J3RPUM",3930,"m"
"13997","J6GS2X",5820,"m"
"13998","QDLBWP",4500,"f"
"13999","36TYFV",4830,"f"
"14000","46GXRG",4890,"m"
"14001","WUCdQ6",4830,"m"
"14002","K7GP2d",5340,"f"
"14003","EcQK3N",5130,"m"
"14004","cMD6FQ",4980,"m"
"14005","EKACME",4740,"m"
"14006","K7GP2d",5340,"f"
"14007","7GKV4Y",5670,"m"
"14008","F7J6RM",4770,"m"
"14009","PU2VcV",4740,"o"
"14010","C5HA27",4740,"f"
"14011","USPAM2",4920,"f"
"14012","USPAM2",4920,"f"
"14013","CYHPFL",4950,"m"
"14014","SHWDdD",5310,"m"
"14015","27NPYH",4890,"f"
"14016","3EXKKV",4950,"m"
"14017","cMD6FQ",4920,"m"
"14018","LRCNHV",5430,"m"
"14019","PF76LW",5100,"m"
"14020","N2ZVC6",5280,"m"
"14021","B7TKT6",5040,"f"
"14022","7GdZTX",5190,"m"
"14023","735EB3",5250,"f"
"14024","RHTVQE",5010,"m"
"14025","VR4LYE",4500,"m"
"14026","543XTU",5280,"m"
"14027","775VNH",4890,"m"
"14028","N54WCV",5760,"f"
"14029","YAEUF5",5670,"m"
"14030","WQU6QW",5190,"f"
"14031","KRLDTE",4410,"m"
"14032","V3dN5D",4890,"m"
"14033","U32dEc",4950,"m"
"14034","JD34YF",4530,"m"
"14035","WYSHT3",4980,"m"
"14036","MNMX4S",5370,"m"
"14037","cX2D7c",4410,"f"
"14038","UYRcFH",4650,"f"
"14039","UKBcFN",4440,"m"
"14040","DEJDGM",4440,"m"
"14041","4URBHK",5070,"f"
"14042","YKUEcM",4170,"f"
"14043","P7Md7Y",4230,"f"
"14044","6VN3FP",4980,"m"
"14045","E5VGcY",4320,"f"
"14046","NcPKdR",4740,"m"
"14047","5C4cLF",4260,"m"
"14048","YKVL6Y",4020,"m"
"14049","LA3QLT",4770,"f"
"14050","3EXKKV",4860,"m"
"14051","4UTJ5C",4650,"f"
"14052","Z46DHN",4140,"m"
"14053","Rc27L6",5250,"f"
"14054","T7C2LP",4950,"f"
"14055","PCWHCD",4080,"m"
"14056","YSMZLG",4530,"m"
"14057","CJ2JZ3",4590,"m"
"14058","VB2XLF",4110,"m"
"14059","BVZU4W",4140,"m"
"14060","LZWTJC",4140,"m"
"14061","NN3UDW",4440,"m"
"14062","7DNGNA",5070,"m"
"14063","MQ5dCM",4260,"f"
"14064","G3BWNN",4440,"m"
"14065","J7d7Ed",4560,"m"
"14066","6LXAJD",4350,"f"
"14067","FEYCW6",4410,"m"
"14068","W3c3ZK",5580,"m"
"14069","BDKZEN",4050,"m"
"14070","ZQ3TTU",4710,"m"
"14071","XYX3RT",4680,"m"
"14072","JKQG2U",4740,"f"
"14073","VX7XXc",5040,"m"
"14074","26TBKA",4080,"m"
"14075","VMHNQA",4350,"f"
"14076","cYHPQ5",4140,"m"
"14077","KLdCX3",4260,"m"
"14078","SL5H56",4260,"f"
"14079","2CKBJK",4050,"m"
"14080","P7Md7Y",4200,"f"
"14081","VJ5H2T",5160,"o"
"14082","B47FdD",3990,"m"
"14083","J6DT2K",4560,"m"
"14084","Vc73T7",4110,"m"
"14085","2D2Pd2",5190,"f"
"14086","AHG2DK",5700,"m"
"14087","ERC7YR",3870,"f"
"14088","QCPV75",4500,"m"
"14089","CTJFJ4",4950,"m"
"14090","FQNNUZ",5130,"f"
"14091","J6GS2X",5640,"m"
"14092","c3dQ5P",3720,"m"
"14093","AVEH25",5070,"f"
"14094","HMdQVZ",3870,"m"
"14095","FBSJTZ",5820,"f"
"14096","DHLRUE",4560,"m"
"14097","CRAcZd",5430,"f"
"14098","TDSRAc",4770,"f"
"14099","RV46G2",4260,"m"
"14100","2UMdLC",4170,"m"
"14101","c53NTX",3870,"m"
"14102","G5dAEK",4230,"m"
"14103","G36QUX",3840,"m"
"14104","Ddd43L",4500,"f"
"14105","2MNUcZ",5460,"f"
"14106","NSYUD6",3930,"f"
"14107","F7J6RM",4620,"m"
"14108","XKdc35",4170,"f"
"14109","2HPcJ3",4980,"m"
"14110","LN6TPF",4350,"f"
"14111","5WcVK4",5160,"f"
"14112","4BAHDN",3780,"m"
"14113","cFCZPK",4950,"m"
"14114","NKAPDd",5520,"m"
"14115","H5HUVK",5250,"f"
"14116","M6LdNB",4620,"m"
"14117","5MGCBZ",4050,"m"
"14118","ECZKcH",3090,"f"
"14119","FXKXTL",4290,"f"
"14120","4HBDTF",3840,"m"
"14121","d2RNVQ",3090,"f"
"14122","AZQZZJ",3480,"f"
"14123","KYNWJ7",3420,"f"
"14124","PWRD2W",3240,"f"
"14125","THHUXY",2790,"f"
"14126","CcXK5V",3630,"f"
"14127","226DPJ",3870,"m"
"14128","CT6TE2",2280,"f"
"14129","dJUH64",2610,"m"
"14130","MM7MHD",2910,"m"
"14131","TRMZMN",2400,"f"
"14132","DUJVEL",3150,"m"
"14133","GE4NBT",5640,"m"
"14134","XdAMGC",2550,"f"
"14135","GLQULU",2640,"f"
"14136","ADcDUM",3330,"m"
"14137","dB3YRD",4290,"f"
"14138","CACCCP",2880,"m"
"14139","BJZGD2",3270,"f"
"14140","SQPHC7",2310,"f"
"14141","Kc6RMY",3330,"m"
"14142","PBLZWN",5190,"f"
"14143","VZ53KA",4110,"f"
"14144","WUBBEK",2640,"m"
"14145","XS57KJ",2190,"m"
"14146","d3R2U4",3060,"f"
"14147","RCAU4S",1980,"f"
"14148","UGcYTS",2970,"f"
"14149","LXRCcF",1980,"f"
"14150","6WDXTc",2160,"m"
"14151","37LAQX",2910,"m"
"14152","YLJTKQ",1950,"f"
"14153","KPRDT6",3480,"m"
"14154","BVA42Y",1950,"f"
"14155","KBQDD5",2700,"m"
"14156","4QcY5E",2070,"f"
"14157","4d2CPG",3000,"m"
"14158","SDF2YR",2490,"m"
"14159","7YdT45",2550,"f"
"14160","ZALG7S",3570,"f"
"14161","FJZ4BR",4530,"m"
"14162","BZVQUN",3840,"f"
"14163","BNXB5D",2640,"f"
"14164","NDM42C",2220,"f"
"14165","YM2G5C",1380,"f"
"14166","747d4U",2040,"f"
"14167","VEYGC2",3840,"m"
"14168","6RDT55",4920,"f"
"14169","c6dNFC",1500,"f"
"14170","FW72XL",3150,"f"
"14171","DY7SUJ",3870,"f"
"14172","VdM6UX",2880,"m"
"14173","4XE3KX",3600,"f"
"14174","QdRUdL",4170,"m"
"14175","VGGS3V",3480,"m"
"14176","3STC7T",1500,"f"
"14177","7W2BAS",3000,"f"
"14178","CPcQFY",4470,"f"
"14179","K6FCZV",3540,"m"
"14180","QMLL2R",1530,"m"
"14181","3ADQJK",1170,"m"
"14182","YPMRcS",1710,"f"
"14183","K7YdLP",5640,"f"
"14184","DBFU24",4290,"f"
"14185","KE6McV",4020,"f"
"14186","Y5C3MY",2880,"m"
"14187","VdA4LW",1290,"f"
"14188","SCHcHE",3450,"m"
"14189","GFRFTR",1920,"f"
"14190","AF6JVZ",2490,"m"
"14191","dADL67",1890,"f"
"14192","4NJCTY",1590,"m"
"14193","7JUJPC",2790,"m"
"14194","Y2M3FQ",4230,"f"
"14195","WDY6c7",2550,"f"
"14196","C5HA27",4620,"f"
"14197","PU2VcV",4620,"o"
"14198","YFE323",2040,"m"
"14199","GXJBPE",1170,"m"
"14200","VRRTXM",3540,"f"
"14201","65LC6N",1200,"m"
"14202","EHPQXP",2670,"f"
"14203","KN4QXT",1890,"m"
"14204","5Q24K5",1290,"f"
"14205","AEVA5R",2610,"f"
"14206","PZ5DPJ",1170,"f"
"14207","RL56d4",3060,"m"
"14208","VRHSL4",3450,"f"
"14209","SEAHSd",2100,"m"
"14210","NSQ3X6",3420,"f"
"14211","4VHdUK",5040,"m"
"14212","AS4P67",2040,"f"
"14213","Xd7JWC",2010,"m"
"14214","PcR4BM",1980,"m"
"14215","UPTL7Y",3720,"m"
"14216","DHZ3NG",3600,"f"
"14217","YLAdC4",1830,"f"
"14218","PRPWZF",2220,"f"
"14219","NMW7J7",1500,"f"
"14220","MBCA5E",2730,"f"
"14221","NPVQNQ",1740,"m"
"14222","NEQP2Q",1860,"f"
"14223","44WWDL",1890,"f"
"14224","dMcX57",1650,"m"
"14225","P2JCDF",1740,"m"
"14226","XEKPSB",1980,"f"
"14227","dJPCR7",2610,"m"
"14228","QVDCEG",2760,"f"
"14229","TJAT32",1260,"m"
"14230","V5REVB",1500,"m"
"14231","S7FVQH",2070,"m"
"14232","347dJH",1800,"f"
"14233","SCMMCA",3150,"f"
"14234","J33Q67",1440,"m"
"14235","PK2YGJ",4200,"m"
"14236","3G522Y",2460,"f"
"14237","W575AK",2790,"f"
"14238","WQGT5Y",1200,"m"
"14239","d6RFVM",4110,"m"
"14240","GYU46J",4140,"f"
"14241","2cLdd2",2970,"f"
"14242","6FL4TM",2550,"f"
"14243","QVSRQC",1980,"f"
"14244","DKUY4F",1290,"f"
"14245","XAVQXc",2100,"f"
"14246","UZG2dX",2940,"m"
"14247","KHRJM7",3810,"m"
"14248","UAPd65",3060,"m"
"14249","3XcSJ2",3810,"f"
"14250","dR3ZQW",3240,"m"
"14251","LUQK5d",1350,"f"
"14252","KE3Z6Z",3810,"f"
"14253","FVTKHG",2790,"f"
"14254","5HHGcY",2640,"m"
"14255","Fc7UHG",3270,"m"
"14256","Q4EEd6",2460,"f"
"14257","Ddd42B",4590,"m"
"14258","cFJCJK",2490,"f"
"14259","RL5F7C",1590,"m"
"14260","QARBCD",3690,"m"
"14261","c2DEY3",1200,"m"
"14262","LKJRX3",2970,"f"
"14263","7R4XY2",1350,"f"
"14264","MR5MAH",2700,"f"
"14265","Z6JWFD",3000,"m"
"14266","FG5XVM",2550,"m"
"14267","BLMEUH",1560,"f"
"14268","XC7SMU",4050,"m"
"14269","MBSYFS",1740,"m"
"14270","2N2GAd",3060,"f"
"14271","YPNJKP",1740,"f"
"14272","BdHTN4",3420,"m"
"14273","4JccdB",2820,"m"
"14274","XQS345",1140,"f"
"14275","EG4DM2",1680,"m"
"14276","ZPAG2A",2400,"f"
"14277","NBXP7N",3390,"m"
"14278","cE3WXc",1530,"m"
"14279","KRLDTE",4320,"m"
"14280","NY2cZA",3510,"f"
"14281","CUCSW3",2880,"m"
"14282","NZKdcH",1530,"f"
"14283","5Hd5XN",3720,"m"
"14284","JFd4LQ",3120,"f"
"14285","V6JVMB",2700,"m"
"14286","WGSZS6",1920,"m"
"14287","UQYP3K",2160,"f"
"14288","P3MYF5",3300,"f"
"14289","dcddCF",1770,"f"
"14290","CAECUF",3870,"f"
"14291","NZcKZR",2490,"m"
"14292","3MGZ2D",1620,"f"
"14293","Y324M2",4710,"m"
"14294","RKKSJM",3030,"f"
"14295","4ABCC4",1320,"f"
"14296","K73D3S",1860,"f"
"14297","5d3X5S",1620,"f"
"14298","WDETH6",2670,"m"
"14299","dZUWST",2340,"f"
"14300","cYGACQ",1890,"f"
"14301","dXAQG4",2760,"m"
"14302","5WHcX5",3750,"m"
"14303","K7R7CV",2550,"f"
"14304","FG2KCN",1440,"f"
"14305","YHGER6",3660,"f"
"14306","XUUFNU",2460,"f"
"14307","WPK4FZ",2760,"m"
"14308","Q4cDH5",2310,"f"
"14309","CXMSKS",2730,"f"
"14310","EZ6FZQ",1650,"m"
"14311","LCDQES",1530,"f"
"14312","LKKFPd",2400,"f"
"14313","Y4MHXV",2160,"m"
"14314","2ZPdLJ",1500,"f"
"14315","RC5T3R",3480,"f"
"14316","6c4MZT",2850,"f"
"14317","2ZBH3d",4020,"f"
"14318","d44R4W",4110,"f"
"14319","ZEYSWL",1560,"f"
"14320","33NPWV",1380,"m"
"14321","YMH4W3",1650,"f"
"14322","PXBcNU",1500,"m"
"14323","C2J3Kd",1350,"f"
"14324","7UQ674",1200,"f"
"14325","dJZ5QE",2850,"f"
"14326","H3HBTJ",1380,"f"
"14327","AEL3EQ",1200,"m"
"14328","3BMEHF",2130,"m"
"14329","HBWDcR",3210,"m"
"14330","ARMW2Y",3900,"m"
"14331","KMUTBA",2790,"f"
"14332","SCHcHE",3420,"m"
"14333","PXXPWV",2010,"m"
"14334","GCCDGU",1200,"f"
"14335","7EBDYc",3270,"f"
"14336","4P2QUV",1860,"m"
"14337","Z6D7dB",2220,"f"
"14338","75ZW26",1620,"m"
"14339","BC76CA",3780,"m"
"14340","WMJVGR",3000,"m"
"14341","dVMXCc",1770,"f"
"14342","d5Ud2c",1920,"f"
"14343","4VCRcA",2520,"f"
"14344","CQKHMP",4980,"f"
"14345","QRZ4QE",1530,"f"
"14346","EFYJWW",2010,"f"
"14347","LRAUYL",2010,"f"
"14348","AWZXWB",1290,"f"
"14349","R27BW6",5130,"m"
"14350","PHK3XR",2610,"f"
"14351","N4N6Q2",1890,"m"
"14352","YFLMKE",2490,"m"
"14353","5c5BKL",2400,"m"
"14354","VDGZL2",1680,"m"
"14355","cMD6FQ",5220,"m"
"14356","GXGSFD",5640,"f"
"14357","SJQQ2J",5130,"f"
"14358","5WN27N",5250,"f"
"14359","P3EcYE",5130,"f"
"14360","AVEH25",5460,"f"
"14361","MLH6HJ",5610,"f"
"14362","42LZDc",5280,"f"
"14363","FFZF7X",5160,"f"
"14364","LRCNHV",5700,"m"
"14365","F5REDH",5520,"m"
"14366","7GdZTX",5460,"m"
"14367","D7cM6P",5790,"f"
"14368","JE64ZK",5460,"m"
"14369","2dBUQX",5310,"f"
"14370","Yd7WPT",5250,"f"
"14371","735EB3",5460,"f"
"14372","cG6dWL",5430,"m"
"14373","ENUBED",5130,"m"
"14374","J4S4Nd",5310,"f"
"14375","RQXQ37",5610,"f"
"14376","TDYH5c",5250,"f"
"14377","H5HUVK",5520,"f"
"14378","A3HVZU",5490,"m"
"14379","Q5ZTWH",5130,"m"
"14380","CPLE3C",5220,"m"
"14381","VdRXdD",1350,"f"
"14382","DGH6Ld",1440,"f"
"14383","5A2Y2B",1170,"f"
"14384","GRLVFF",1230,"m"
"14385","4Lc7HB",1110,"m"
"14386","5TDN53",1350,"f"
"14387","5TDN53",1350,"f"
"14388","F5QMEJ",1320,"m"
"14389","KU6RG5",2460,"m"
"14390","B5SScH",2520,"f"
"14391","XFMJ2D",2400,"m"
"14392","XNAGCD",2310,"f"
"14393","CTDG73",2490,"m"
"14394","GQYEcF",2340,"f"
"14395","DTXJAD",2400,"m"
"14396","5EPF77",2400,"f"
"14397","RBWAXG",2370,"f"
"14398","NA75A3",1320,"f"
"14399","ZFASAN",1260,"m"
"14400","UPcFPQ",1170,"f"
"14401","3BJL75",1320,"m"
"14402","L6BNGd",1440,"m"
"14403","4dR3DM",1530,"f"
"14404","FG3c3c",1590,"m"
"14405","3NRZDA",1110,"f"
"14406","cKNVRc",1770,"f"
"14407","KTLJTX",1140,"f"
"14408","QZ77BB",1500,"m"
"14409","DEH3SW",1230,"f"
"14410","CFZAdK",1230,"m"
"14411","223QZT",1590,"f"
"14412","C2PTE3",1380,"f"
"14413","RTVEE7",1560,"m"
"14414","XUYCHN",1170,"f"
"14415","CFGJVV",1140,"f"
"14416","6RYcKQ",1260,"f"
"14417","NX5FLF",1110,"f"
"14418","ZP3B3N",1110,"f"
"14419","RJ5WYZ",1290,"f"
"14420","A5ZcC2",1140,"m"
"14421","LFC354",1110,"f"
"14422","FdK67M",1200,"f"
"14423","K6SSNX",1110,"f"
"14424","E5EL7R",5520,"f"
"14425","AVEH25",5280,"f"
"14426","5CETCY",5520,"m"
"14427","KdTKRC",5730,"m"
"14428","XQc656",2490,"m"
"14429","3QARD5",2250,"m"
"14430","BAA7SE",2310,"f"
"14431","DRTVFR",2190,"f"
"14432","X3U2KL",3300,"m"
"14433","ZdWJU6",1200,"f"
"14434","DZEEEQ",1140,"m"
"14435","cLWD7X",1260,"m"
"14436","VVcSLZ",1170,"m"
"14437","YQXHAZ",1260,"m"
"14438","A5ZcC2",1110,"m"
"14439","4SGNPS",3780,"m"
"14440","77P6BR",3300,"f"
"14441","DJKFNX",3600,"m"
"14442","EM566H",3480,"m"
"14443","VHTSRV",3390,"m"
"14444","UFEZMT",3870,"f"
"14445","UNVGH4",3390,"f"
"14446","G64NX2",3300,"f"
"14447","UEXRGR",3300,"m"
"14448","2RT5YX",3750,"f"
"14449","5Hd5XN",3930,"m"
"14450","M2VDRX",3390,"f"
"14451","ALGACP",3630,"m"
"14452","6VQ5NV",3330,"f"
"14453","QE3QBc",3270,"m"
"14454","RF7BV6",3030,"f"
"14455","RF7BV6",3030,"f"
"14456","ZADALH",3630,"f"
"14457","UDVQ7Y",3330,"m"
"14458","ZU2PLS",3270,"f"
"14459","H7RFHM",3030,"f"
"14460","3NJBME",3360,"m"
"14461","2cLdd2",3180,"f"
"14462","U2YQXC",3870,"m"
"14463","U2YQXC",3870,"m"
"14464","VAKJdV",2940,"m"
"14465","WDNHcd",3990,"f"
"14466","cZVLcN",2970,"m"
"14467","LdNK4E",3090,"m"
"14468","5CZXYC",3240,"m"
"14469","MATGdB",3150,"f"
"14470","NBR2LE",3660,"m"
"14471","NBR2LE",3660,"m"
"14472","MM7MHD",3090,"m"
"14473","XQJNFQ",3510,"m"
"14474","J3RPUM",3930,"m"
"14475","J6GS2X",5820,"m"
"14476","QDLBWP",4500,"f"
"14477","36TYFV",4830,"f"
"14478","46GXRG",4890,"m"
"14479","WUCdQ6",4830,"m"
"14480","K7GP2d",5340,"f"
"14481","EcQK3N",5130,"m"
"14482","cMD6FQ",4980,"m"
"14483","EKACME",4740,"m"
"14484","K7GP2d",5340,"f"
"14485","7GKV4Y",5670,"m"
"14486","F7J6RM",4770,"m"
"14487","PU2VcV",4740,"o"
"14488","C5HA27",4740,"f"
"14489","USPAM2",4920,"f"
"14490","USPAM2",4920,"f"
"14491","CYHPFL",4950,"m"
"14492","SHWDdD",5310,"m"
"14493","27NPYH",4890,"f"
"14494","3EXKKV",4950,"m"
"14495","cMD6FQ",4920,"m"
"14496","LRCNHV",5430,"m"
"14497","PF76LW",5100,"m"
"14498","N2ZVC6",5280,"m"
"14499","B7TKT6",5040,"f"
"14500","7GdZTX",5190,"m"
"14501","735EB3",5250,"f"
"14502","RHTVQE",5010,"m"
"14503","VR4LYE",4500,"m"
"14504","543XTU",5280,"m"
"14505","775VNH",4890,"m"
"14506","N54WCV",5760,"f"
"14507","YAEUF5",5670,"m"
"14508","WQU6QW",5190,"f"
"14509","KRLDTE",4410,"m"
"14510","V3dN5D",4890,"m"
"14511","U32dEc",4950,"m"
"14512","JD34YF",4530,"m"
"14513","WYSHT3",4980,"m"
"14514","MNMX4S",5370,"m"
"14515","cX2D7c",4410,"f"
"14516","UYRcFH",4650,"f"
"14517","UKBcFN",4440,"m"
"14518","DEJDGM",4440,"m"
"14519","4URBHK",5070,"f"
"14520","YKUEcM",4170,"f"
"14521","P7Md7Y",4230,"f"
"14522","6VN3FP",4980,"m"
"14523","E5VGcY",4320,"f"
"14524","NcPKdR",4740,"m"
"14525","5C4cLF",4260,"m"
"14526","YKVL6Y",4020,"m"
"14527","LA3QLT",4770,"f"
"14528","3EXKKV",4860,"m"
"14529","4UTJ5C",4650,"f"
"14530","Z46DHN",4140,"m"
"14531","Rc27L6",5250,"f"
"14532","T7C2LP",4950,"f"
"14533","PCWHCD",4080,"m"
"14534","YSMZLG",4530,"m"
"14535","CJ2JZ3",4590,"m"
"14536","VB2XLF",4110,"m"
"14537","BVZU4W",4140,"m"
"14538","LZWTJC",4140,"m"
"14539","NN3UDW",4440,"m"
"14540","7DNGNA",5070,"m"
"14541","MQ5dCM",4260,"f"
"14542","G3BWNN",4440,"m"
"14543","J7d7Ed",4560,"m"
"14544","6LXAJD",4350,"f"
"14545","FEYCW6",4410,"m"
"14546","W3c3ZK",5580,"m"
"14547","BDKZEN",4050,"m"
"14548","ZQ3TTU",4710,"m"
"14549","XYX3RT",4680,"m"
"14550","JKQG2U",4740,"f"
"14551","VX7XXc",5040,"m"
"14552","26TBKA",4080,"m"
"14553","VMHNQA",4350,"f"
"14554","cYHPQ5",4140,"m"
"14555","KLdCX3",4260,"m"
"14556","SL5H56",4260,"f"
"14557","2CKBJK",4050,"m"
"14558","P7Md7Y",4200,"f"
"14559","VJ5H2T",5160,"o"
"14560","B47FdD",3990,"m"
"14561","J6DT2K",4560,"m"
"14562","Vc73T7",4110,"m"
"14563","2D2Pd2",5190,"f"
"14564","AHG2DK",5700,"m"
"14565","ERC7YR",3870,"f"
"14566","QCPV75",4500,"m"
"14567","CTJFJ4",4950,"m"
"14568","FQNNUZ",5130,"f"
"14569","J6GS2X",5640,"m"
"14570","c3dQ5P",3720,"m"
"14571","AVEH25",5070,"f"
"14572","HMdQVZ",3870,"m"
"14573","FBSJTZ",5820,"f"
"14574","DHLRUE",4560,"m"
"14575","CRAcZd",5430,"f"
"14576","TDSRAc",4770,"f"
"14577","RV46G2",4260,"m"
"14578","2UMdLC",4170,"m"
"14579","c53NTX",3870,"m"
"14580","G5dAEK",4230,"m"
"14581","G36QUX",3840,"m"
"14582","Ddd43L",4500,"f"
"14583","2MNUcZ",5460,"f"
"14584","NSYUD6",3930,"f"
"14585","F7J6RM",4620,"m"
"14586","XKdc35",4170,"f"
"14587","2HPcJ3",4980,"m"
"14588","LN6TPF",4350,"f"
"14589","5WcVK4",5160,"f"
"14590","4BAHDN",3780,"m"
"14591","cFCZPK",4950,"m"
"14592","NKAPDd",5520,"m"
"14593","H5HUVK",5250,"f"
"14594","M6LdNB",4620,"m"
"14595","5MGCBZ",4050,"m"
"14596","ECZKcH",3090,"f"
"14597","FXKXTL",4290,"f"
"14598","4HBDTF",3840,"m"
"14599","d2RNVQ",3090,"f"
"14600","AZQZZJ",3480,"f"
"14601","KYNWJ7",3420,"f"
"14602","PWRD2W",3240,"f"
"14603","THHUXY",2790,"f"
"14604","CcXK5V",3630,"f"
"14605","226DPJ",3870,"m"
"14606","CT6TE2",2280,"f"
"14607","dJUH64",2610,"m"
"14608","MM7MHD",2910,"m"
"14609","TRMZMN",2400,"f"
"14610","DUJVEL",3150,"m"
"14611","GE4NBT",5640,"m"
"14612","XdAMGC",2550,"f"
"14613","GLQULU",2640,"f"
"14614","ADcDUM",3330,"m"
"14615","dB3YRD",4290,"f"
"14616","CACCCP",2880,"m"
"14617","BJZGD2",3270,"f"
"14618","SQPHC7",2310,"f"
"14619","Kc6RMY",3330,"m"
"14620","PBLZWN",5190,"f"
"14621","VZ53KA",4110,"f"
"14622","WUBBEK",2640,"m"
"14623","XS57KJ",2190,"m"
"14624","d3R2U4",3060,"f"
"14625","RCAU4S",1980,"f"
"14626","UGcYTS",2970,"f"
"14627","LXRCcF",1980,"f"
"14628","6WDXTc",2160,"m"
"14629","37LAQX",2910,"m"
"14630","YLJTKQ",1950,"f"
"14631","KPRDT6",3480,"m"
"14632","BVA42Y",1950,"f"
"14633","KBQDD5",2700,"m"
"14634","4QcY5E",2070,"f"
"14635","4d2CPG",3000,"m"
"14636","SDF2YR",2490,"m"
"14637","7YdT45",2550,"f"
"14638","ZALG7S",3570,"f"
"14639","FJZ4BR",4530,"m"
"14640","BZVQUN",3840,"f"
"14641","BNXB5D",2640,"f"
"14642","NDM42C",2220,"f"
"14643","YM2G5C",1380,"f"
"14644","747d4U",2040,"f"
"14645","VEYGC2",3840,"m"
"14646","6RDT55",4920,"f"
"14647","c6dNFC",1500,"f"
"14648","FW72XL",3150,"f"
"14649","DY7SUJ",3870,"f"
"14650","VdM6UX",2880,"m"
"14651","4XE3KX",3600,"f"
"14652","QdRUdL",4170,"m"
"14653","VGGS3V",3480,"m"
"14654","3STC7T",1500,"f"
"14655","7W2BAS",3000,"f"
"14656","CPcQFY",4470,"f"
"14657","CPcQFY",4470,"f"
"14658","K6FCZV",3540,"m"
"14659","QMLL2R",1530,"m"
"14660","3ADQJK",1170,"m"
"14661","YPMRcS",1710,"f"
"14662","K7YdLP",5640,"f"
"14663","DBFU24",4290,"f"
"14664","KE6McV",4020,"f"
"14665","Y5C3MY",2880,"m"
"14666","VdA4LW",1290,"f"
"14667","SCHcHE",3450,"m"
"14668","GFRFTR",1920,"f"
"14669","AF6JVZ",2490,"m"
"14670","dADL67",1890,"f"
"14671","4NJCTY",1590,"m"
"14672","7JUJPC",2790,"m"
"14673","Y2M3FQ",4230,"f"
"14674","WDY6c7",2550,"f"
"14675","C5HA27",4620,"f"
"14676","PU2VcV",4620,"o"
"14677","YFE323",2040,"m"
"14678","GXJBPE",1170,"m"
"14679","VRRTXM",3540,"f"
"14680","65LC6N",1200,"m"
"14681","EHPQXP",2670,"f"
"14682","KN4QXT",1890,"m"
"14683","5Q24K5",1290,"f"
"14684","AEVA5R",2610,"f"
"14685","PZ5DPJ",1170,"f"
"14686","RL56d4",3060,"m"
"14687","VRHSL4",3450,"f"
"14688","SEAHSd",2100,"m"
"14689","NSQ3X6",3420,"f"
"14690","4VHdUK",5040,"m"
"14691","AS4P67",2040,"f"
"14692","Xd7JWC",2010,"m"
"14693","PcR4BM",1980,"m"
"14694","UPTL7Y",3720,"m"
"14695","DHZ3NG",3600,"f"
"14696","YLAdC4",1830,"f"
"14697","PRPWZF",2220,"f"
"14698","NMW7J7",1500,"f"
"14699","MBCA5E",2730,"f"
"14700","NPVQNQ",1740,"m"
"14701","NEQP2Q",1860,"f"
"14702","44WWDL",1890,"f"
"14703","dMcX57",1650,"m"
"14704","P2JCDF",1740,"m"
"14705","XEKPSB",1980,"f"
"14706","dJPCR7",2610,"m"
"14707","QVDCEG",2760,"f"
"14708","TJAT32",1260,"m"
"14709","V5REVB",1500,"m"
"14710","S7FVQH",2070,"m"
"14711","347dJH",1800,"f"
"14712","SCMMCA",3150,"f"
"14713","J33Q67",1440,"m"
"14714","PK2YGJ",4200,"m"
"14715","3G522Y",2460,"f"
"14716","W575AK",2790,"f"
"14717","WQGT5Y",1200,"m"
"14718","d6RFVM",4110,"m"
"14719","GYU46J",4140,"f"
"14720","2cLdd2",2970,"f"
"14721","6FL4TM",2550,"f"
"14722","QVSRQC",1980,"f"
"14723","DKUY4F",1290,"f"
"14724","XAVQXc",2100,"f"
"14725","UZG2dX",2940,"m"
"14726","KHRJM7",3810,"m"
"14727","UAPd65",3060,"m"
"14728","3XcSJ2",3810,"f"
"14729","dR3ZQW",3240,"m"
"14730","LUQK5d",1350,"f"
"14731","KE3Z6Z",3810,"f"
"14732","FVTKHG",2790,"f"
"14733","5HHGcY",2640,"m"
"14734","Fc7UHG",3270,"m"
"14735","Q4EEd6",2460,"f"
"14736","Ddd42B",4590,"m"
"14737","cFJCJK",2490,"f"
"14738","RL5F7C",1590,"m"
"14739","QARBCD",3690,"m"
"14740","c2DEY3",1200,"m"
"14741","LKJRX3",2970,"f"
"14742","7R4XY2",1350,"f"
"14743","MR5MAH",2700,"f"
"14744","Z6JWFD",3000,"m"
"14745","FG5XVM",2550,"m"
"14746","BLMEUH",1560,"f"
"14747","XC7SMU",4050,"m"
"14748","MBSYFS",1740,"m"
"14749","2N2GAd",3060,"f"
"14750","YPNJKP",1740,"f"
"14751","BdHTN4",3420,"m"
"14752","4JccdB",2820,"m"
"14753","XQS345",1140,"f"
"14754","EG4DM2",1680,"m"
"14755","ZPAG2A",2400,"f"
"14756","NBXP7N",3390,"m"
"14757","cE3WXc",1530,"m"
"14758","KRLDTE",4320,"m"
"14759","NY2cZA",3510,"f"
"14760","CUCSW3",2880,"m"
"14761","NZKdcH",1530,"f"
"14762","5Hd5XN",3720,"m"
"14763","JFd4LQ",3120,"f"
"14764","V6JVMB",2700,"m"
"14765","WGSZS6",1920,"m"
"14766","UQYP3K",2160,"f"
"14767","P3MYF5",3300,"f"
"14768","dcddCF",1770,"f"
"14769","CAECUF",3870,"f"
"14770","NZcKZR",2490,"m"
"14771","3MGZ2D",1620,"f"
"14772","Y324M2",4710,"m"
"14773","RKKSJM",3030,"f"
"14774","4ABCC4",1320,"f"
"14775","K73D3S",1860,"f"
"14776","5d3X5S",1620,"f"
"14777","WDETH6",2670,"m"
"14778","dZUWST",2340,"f"
"14779","cYGACQ",1890,"f"
"14780","dXAQG4",2760,"m"
"14781","5WHcX5",3750,"m"
"14782","5WHcX5",3750,"m"
"14783","K7R7CV",2550,"f"
"14784","FG2KCN",1440,"f"
"14785","YHGER6",3660,"f"
"14786","XUUFNU",2460,"f"
"14787","WPK4FZ",2760,"m"
"14788","Q4cDH5",2310,"f"
"14789","CXMSKS",2730,"f"
"14790","EZ6FZQ",1650,"m"
"14791","LCDQES",1530,"f"
"14792","LKKFPd",2400,"f"
"14793","Y4MHXV",2160,"m"
"14794","2ZPdLJ",1500,"f"
"14795","RC5T3R",3480,"f"
"14796","6c4MZT",2850,"f"
"14797","2ZBH3d",4020,"f"
"14798","d44R4W",4110,"f"
"14799","ZEYSWL",1560,"f"
"14800","33NPWV",1380,"m"
"14801","YMH4W3",1650,"f"
"14802","PXBcNU",1500,"m"
"14803","C2J3Kd",1350,"f"
"14804","7UQ674",1200,"f"
"14805","dJZ5QE",2850,"f"
"14806","H3HBTJ",1380,"f"
"14807","AEL3EQ",1200,"m"
"14808","3BMEHF",2130,"m"
"14809","HBWDcR",3210,"m"
"14810","ARMW2Y",3900,"m"
"14811","KMUTBA",2790,"f"
"14812","SCHcHE",3420,"m"
"14813","PXXPWV",2010,"m"
"14814","GCCDGU",1200,"f"
"14815","7EBDYc",3270,"f"
"14816","4P2QUV",1860,"m"
"14817","Z6D7dB",2220,"f"
"14818","75ZW26",1620,"m"
"14819","BC76CA",3780,"m"
"14820","WMJVGR",3000,"m"
"14821","dVMXCc",1770,"f"
"14822","d5Ud2c",1920,"f"
"14823","4VCRcA",2520,"f"
"14824","CQKHMP",4980,"f"
"14825","QRZ4QE",1530,"f"
"14826","EFYJWW",2010,"f"
"14827","LRAUYL",2010,"f"
"14828","AWZXWB",1290,"f"
"14829","R27BW6",5130,"m"
"14830","PHK3XR",2610,"f"
"14831","N4N6Q2",1890,"m"
"14832","YFLMKE",2490,"m"
"14833","5c5BKL",2400,"m"
"14834","VDGZL2",1680,"m"
"14835","cMD6FQ",5220,"m"
"14836","GXGSFD",5640,"f"
"14837","SJQQ2J",5130,"f"
"14838","5WN27N",5250,"f"
"14839","P3EcYE",5130,"f"
"14840","AVEH25",5460,"f"
"14841","MLH6HJ",5610,"f"
"14842","42LZDc",5280,"f"
"14843","FFZF7X",5160,"f"
"14844","LRCNHV",5700,"m"
"14845","F5REDH",5520,"m"
"14846","7GdZTX",5460,"m"
"14847","D7cM6P",5790,"f"
"14848","JE64ZK",5460,"m"
"14849","2dBUQX",5310,"f"
"14850","Yd7WPT",5250,"f"
"14851","735EB3",5460,"f"
"14852","cG6dWL",5430,"m"
"14853","ENUBED",5130,"m"
"14854","J4S4Nd",5310,"f"
"14855","RQXQ37",5610,"f"
"14856","TDYH5c",5250,"f"
"14857","H5HUVK",5520,"f"
"14858","A3HVZU",5490,"m"
"14859","Q5ZTWH",5130,"m"
"14860","CPLE3C",5220,"m"
"14861","VdRXdD",1350,"f"
"14862","DGH6Ld",1440,"f"
"14863","5A2Y2B",1170,"f"
"14864","GRLVFF",1230,"m"
"14865","4Lc7HB",1110,"m"
"14866","5TDN53",1350,"f"
"14867","F5QMEJ",1320,"m"
"14868","KU6RG5",2460,"m"
"14869","B5SScH",2520,"f"
"14870","XFMJ2D",2400,"m"
"14871","XNAGCD",2310,"f"
"14872","CTDG73",2490,"m"
"14873","GQYEcF",2340,"f"
"14874","DTXJAD",2400,"m"
"14875","5EPF77",2400,"f"
"14876","RBWAXG",2370,"f"
"14877","NA75A3",1320,"f"
"14878","ZFASAN",1260,"m"
"14879","UPcFPQ",1170,"f"
"14880","3BJL75",1320,"m"
"14881","L6BNGd",1440,"m"
"14882","4dR3DM",1530,"f"
"14883","FG3c3c",1590,"m"
"14884","3NRZDA",1110,"f"
"14885","cKNVRc",1770,"f"
"14886","KTLJTX",1140,"f"
"14887","QZ77BB",1500,"m"
"14888","DEH3SW",1230,"f"
"14889","CFZAdK",1230,"m"
"14890","223QZT",1590,"f"
"14891","C2PTE3",1380,"f"
"14892","RTVEE7",1560,"m"
"14893","XUYCHN",1170,"f"
"14894","CFGJVV",1140,"f"
"14895","6RYcKQ",1260,"f"
"14896","NX5FLF",1110,"f"
"14897","ZP3B3N",1110,"f"
"14898","RJ5WYZ",1290,"f"
"14899","A5ZcC2",1140,"m"
"14900","LFC354",1110,"f"
"14901","FdK67M",1200,"f"
"14902","K6SSNX",1110,"f"
"14903","E5EL7R",5520,"f"
"14904","AVEH25",5280,"f"
"14905","5CETCY",5520,"m"
"14906","KdTKRC",5730,"m"
"14907","XQc656",2490,"m"
"14908","3QARD5",2250,"m"
"14909","BAA7SE",2310,"f"
"14910","DRTVFR",2190,"f"
"14911","X3U2KL",3300,"m"
"14912","ZdWJU6",1200,"f"
"14913","DZEEEQ",1140,"m"
"14914","cLWD7X",1260,"m"
"14915","VVcSLZ",1170,"m"
"14916","YQXHAZ",1260,"m"
"14917","A5ZcC2",1110,"m"
"14918","4SGNPS",3780,"m"
"14919","77P6BR",3300,"f"
"14920","DJKFNX",3600,"m"
"14921","EM566H",3480,"m"
"14922","VHTSRV",3390,"m"
"14923","UFEZMT",3870,"f"
"14924","UNVGH4",3390,"f"
"14925","G64NX2",3300,"f"
"14926","UEXRGR",3300,"m"
"14927","2RT5YX",3750,"f"
"14928","5Hd5XN",3930,"m"
"14929","M2VDRX",3390,"f"
"14930","ALGACP",3630,"m"
"14931","6VQ5NV",3330,"f"
"14932","QE3QBc",3270,"m"
"14933","RF7BV6",3030,"f"
"14934","ZADALH",3630,"f"
"14935","UDVQ7Y",3330,"m"
"14936","ZU2PLS",3270,"f"
"14937","H7RFHM",3030,"f"
"14938","3NJBME",3360,"m"
"14939","2cLdd2",3180,"f"
"14940","U2YQXC",3870,"m"
"14941","U2YQXC",3870,"m"
"14942","VAKJdV",2940,"m"
"14943","WDNHcd",3990,"f"
"14944","cZVLcN",2970,"m"
"14945","LdNK4E",3090,"m"
"14946","5CZXYC",3240,"m"
"14947","MATGdB",3150,"f"
"14948","NBR2LE",3660,"m"
"14949","MM7MHD",3090,"m"
"14950","XQJNFQ",3510,"m"
"14951","J3RPUM",3930,"m"
"14952","J6GS2X",5820,"m"
"14953","QDLBWP",4500,"f"
"14954","36TYFV",4830,"f"
"14955","46GXRG",4890,"m"
"14956","WUCdQ6",4830,"m"
"14957","K7GP2d",5340,"f"
"14958","EcQK3N",5130,"m"
"14959","cMD6FQ",4980,"m"
"14960","EKACME",4740,"m"
"14961","K7GP2d",5340,"f"
"14962","7GKV4Y",5670,"m"
"14963","F7J6RM",4770,"m"
"14964","PU2VcV",4740,"o"
"14965","C5HA27",4740,"f"
"14966","USPAM2",4920,"f"
"14967","USPAM2",4920,"f"
"14968","CYHPFL",4950,"m"
"14969","SHWDdD",5310,"m"
"14970","27NPYH",4890,"f"
"14971","3EXKKV",4950,"m"
"14972","cMD6FQ",4920,"m"
"14973","LRCNHV",5430,"m"
"14974","PF76LW",5100,"m"
"14975","N2ZVC6",5280,"m"
"14976","B7TKT6",5040,"f"
"14977","7GdZTX",5190,"m"
"14978","735EB3",5250,"f"
"14979","RHTVQE",5010,"m"
"14980","VR4LYE",4500,"m"
"14981","543XTU",5280,"m"
"14982","775VNH",4890,"m"
"14983","N54WCV",5760,"f"
"14984","YAEUF5",5670,"m"
"14985","WQU6QW",5190,"f"
"14986","KRLDTE",4410,"m"
"14987","V3dN5D",4890,"m"
"14988","U32dEc",4950,"m"
"14989","JD34YF",4530,"m"
"14990","WYSHT3",4980,"m"
"14991","MNMX4S",5370,"m"
"14992","cX2D7c",4410,"f"
"14993","UYRcFH",4650,"f"
"14994","UKBcFN",4440,"m"
"14995","DEJDGM",4440,"m"
"14996","4URBHK",5070,"f"
"14997","YKUEcM",4170,"f"
"14998","P7Md7Y",4230,"f"
"14999","6VN3FP",4980,"m"
"15000","E5VGcY",4320,"f"
"15001","NcPKdR",4740,"m"
"15002","5C4cLF",4260,"m"
"15003","YKVL6Y",4020,"m"
"15004","LA3QLT",4770,"f"
"15005","3EXKKV",4860,"m"
"15006","4UTJ5C",4650,"f"
"15007","Z46DHN",4140,"m"
"15008","Rc27L6",5250,"f"
"15009","T7C2LP",4950,"f"
"15010","PCWHCD",4080,"m"
"15011","YSMZLG",4530,"m"
"15012","CJ2JZ3",4590,"m"
"15013","VB2XLF",4110,"m"
"15014","BVZU4W",4140,"m"
"15015","LZWTJC",4140,"m"
"15016","NN3UDW",4440,"m"
"15017","7DNGNA",5070,"m"
"15018","MQ5dCM",4260,"f"
"15019","G3BWNN",4440,"m"
"15020","J7d7Ed",4560,"m"
"15021","6LXAJD",4350,"f"
"15022","FEYCW6",4410,"m"
"15023","W3c3ZK",5580,"m"
"15024","BDKZEN",4050,"m"
"15025","ZQ3TTU",4710,"m"
"15026","XYX3RT",4680,"m"
"15027","JKQG2U",4740,"f"
"15028","VX7XXc",5040,"m"
"15029","26TBKA",4080,"m"
"15030","VMHNQA",4350,"f"
"15031","cYHPQ5",4140,"m"
"15032","KLdCX3",4260,"m"
"15033","SL5H56",4260,"f"
"15034","2CKBJK",4050,"m"
"15035","P7Md7Y",4200,"f"
"15036","VJ5H2T",5160,"o"
"15037","B47FdD",3990,"m"
"15038","J6DT2K",4560,"m"
"15039","Vc73T7",4110,"m"
"15040","2D2Pd2",5190,"f"
"15041","AHG2DK",5700,"m"
"15042","ERC7YR",3870,"f"
"15043","QCPV75",4500,"m"
"15044","CTJFJ4",4950,"m"
"15045","FQNNUZ",5130,"f"
"15046","J6GS2X",5640,"m"
"15047","c3dQ5P",3720,"m"
"15048","AVEH25",5070,"f"
"15049","HMdQVZ",3870,"m"
"15050","FBSJTZ",5820,"f"
"15051","DHLRUE",4560,"m"
"15052","CRAcZd",5430,"f"
"15053","TDSRAc",4770,"f"
"15054","RV46G2",4260,"m"
"15055","2UMdLC",4170,"m"
"15056","c53NTX",3870,"m"
"15057","G5dAEK",4230,"m"
"15058","G36QUX",3840,"m"
"15059","Ddd43L",4500,"f"
"15060","2MNUcZ",5460,"f"
"15061","NSYUD6",3930,"f"
"15062","F7J6RM",4620,"m"
"15063","XKdc35",4170,"f"
"15064","2HPcJ3",4980,"m"
"15065","LN6TPF",4350,"f"
"15066","5WcVK4",5160,"f"
"15067","4BAHDN",3780,"m"
"15068","cFCZPK",4950,"m"
"15069","NKAPDd",5520,"m"
"15070","H5HUVK",5250,"f"
"15071","M6LdNB",4620,"m"
"15072","5MGCBZ",4050,"m"
"15073","ECZKcH",3090,"f"
"15074","FXKXTL",4290,"f"
"15075","4HBDTF",3840,"m"
"15076","d2RNVQ",3090,"f"
"15077","AZQZZJ",3480,"f"
"15078","KYNWJ7",3420,"f"
"15079","PWRD2W",3240,"f"
"15080","THHUXY",2790,"f"
"15081","CcXK5V",3630,"f"
"15082","226DPJ",3870,"m"
"15083","CT6TE2",2280,"f"
"15084","dJUH64",2610,"m"
"15085","MM7MHD",2910,"m"
"15086","TRMZMN",2400,"f"
"15087","DUJVEL",3150,"m"
"15088","GE4NBT",5640,"m"
"15089","XdAMGC",2550,"f"
"15090","GLQULU",2640,"f"
"15091","ADcDUM",3330,"m"
"15092","dB3YRD",4290,"f"
"15093","CACCCP",2880,"m"
"15094","BJZGD2",3270,"f"
"15095","SQPHC7",2310,"f"
"15096","Kc6RMY",3330,"m"
"15097","PBLZWN",5190,"f"
"15098","VZ53KA",4110,"f"
"15099","WUBBEK",2640,"m"
"15100","XS57KJ",2190,"m"
"15101","d3R2U4",3060,"f"
"15102","RCAU4S",1980,"f"
"15103","UGcYTS",2970,"f"
"15104","LXRCcF",1980,"f"
"15105","6WDXTc",2160,"m"
"15106","37LAQX",2910,"m"
"15107","YLJTKQ",1950,"f"
"15108","KPRDT6",3480,"m"
"15109","BVA42Y",1950,"f"
"15110","KBQDD5",2700,"m"
"15111","4QcY5E",2070,"f"
"15112","4d2CPG",3000,"m"
"15113","SDF2YR",2490,"m"
"15114","7YdT45",2550,"f"
"15115","ZALG7S",3570,"f"
"15116","FJZ4BR",4530,"m"
"15117","BZVQUN",3840,"f"
"15118","BNXB5D",2640,"f"
"15119","NDM42C",2220,"f"
"15120","YM2G5C",1380,"f"
"15121","747d4U",2040,"f"
"15122","VEYGC2",3840,"m"
"15123","6RDT55",4920,"f"
"15124","c6dNFC",1500,"f"
"15125","FW72XL",3150,"f"
"15126","DY7SUJ",3870,"f"
"15127","VdM6UX",2880,"m"
"15128","4XE3KX",3600,"f"
"15129","QdRUdL",4170,"m"
"15130","VGGS3V",3480,"m"
"15131","3STC7T",1500,"f"
"15132","7W2BAS",3000,"f"
"15133","CPcQFY",4470,"f"
"15134","K6FCZV",3540,"m"
"15135","QMLL2R",1530,"m"
"15136","3ADQJK",1170,"m"
"15137","YPMRcS",1710,"f"
"15138","K7YdLP",5640,"f"
"15139","DBFU24",4290,"f"
"15140","KE6McV",4020,"f"
"15141","Y5C3MY",2880,"m"
"15142","VdA4LW",1290,"f"
"15143","SCHcHE",3450,"m"
"15144","GFRFTR",1920,"f"
"15145","AF6JVZ",2490,"m"
"15146","dADL67",1890,"f"
"15147","4NJCTY",1590,"m"
"15148","7JUJPC",2790,"m"
"15149","Y2M3FQ",4230,"f"
"15150","WDY6c7",2550,"f"
"15151","C5HA27",4620,"f"
"15152","PU2VcV",4620,"o"
"15153","YFE323",2040,"m"
"15154","GXJBPE",1170,"m"
"15155","VRRTXM",3540,"f"
"15156","65LC6N",1200,"m"
"15157","EHPQXP",2670,"f"
"15158","KN4QXT",1890,"m"
"15159","5Q24K5",1290,"f"
"15160","AEVA5R",2610,"f"
"15161","PZ5DPJ",1170,"f"
"15162","RL56d4",3060,"m"
"15163","VRHSL4",3450,"f"
"15164","SEAHSd",2100,"m"
"15165","NSQ3X6",3420,"f"
"15166","4VHdUK",5040,"m"
"15167","AS4P67",2040,"f"
"15168","Xd7JWC",2010,"m"
"15169","PcR4BM",1980,"m"
"15170","UPTL7Y",3720,"m"
"15171","DHZ3NG",3600,"f"
"15172","YLAdC4",1830,"f"
"15173","PRPWZF",2220,"f"
"15174","NMW7J7",1500,"f"
"15175","MBCA5E",2730,"f"
"15176","NPVQNQ",1740,"m"
"15177","NEQP2Q",1860,"f"
"15178","44WWDL",1890,"f"
"15179","dMcX57",1650,"m"
"15180","P2JCDF",1740,"m"
"15181","XEKPSB",1980,"f"
"15182","dJPCR7",2610,"m"
"15183","QVDCEG",2760,"f"
"15184","TJAT32",1260,"m"
"15185","V5REVB",1500,"m"
"15186","S7FVQH",2070,"m"
"15187","347dJH",1800,"f"
"15188","SCMMCA",3150,"f"
"15189","J33Q67",1440,"m"
"15190","PK2YGJ",4200,"m"
"15191","3G522Y",2460,"f"
"15192","W575AK",2790,"f"
"15193","WQGT5Y",1200,"m"
"15194","d6RFVM",4110,"m"
"15195","GYU46J",4140,"f"
"15196","2cLdd2",2970,"f"
"15197","6FL4TM",2550,"f"
"15198","QVSRQC",1980,"f"
"15199","DKUY4F",1290,"f"
"15200","XAVQXc",2100,"f"
"15201","UZG2dX",2940,"m"
"15202","KHRJM7",3810,"m"
"15203","UAPd65",3060,"m"
"15204","3XcSJ2",3810,"f"
"15205","dR3ZQW",3240,"m"
"15206","LUQK5d",1350,"f"
"15207","KE3Z6Z",3810,"f"
"15208","FVTKHG",2790,"f"
"15209","5HHGcY",2640,"m"
"15210","Fc7UHG",3270,"m"
"15211","Q4EEd6",2460,"f"
"15212","Ddd42B",4590,"m"
"15213","cFJCJK",2490,"f"
"15214","RL5F7C",1590,"m"
"15215","QARBCD",3690,"m"
"15216","c2DEY3",1200,"m"
"15217","LKJRX3",2970,"f"
"15218","7R4XY2",1350,"f"
"15219","MR5MAH",2700,"f"
"15220","Z6JWFD",3000,"m"
"15221","FG5XVM",2550,"m"
"15222","BLMEUH",1560,"f"
"15223","XC7SMU",4050,"m"
"15224","MBSYFS",1740,"m"
"15225","2N2GAd",3060,"f"
"15226","YPNJKP",1740,"f"
"15227","BdHTN4",3420,"m"
"15228","4JccdB",2820,"m"
"15229","XQS345",1140,"f"
"15230","EG4DM2",1680,"m"
"15231","ZPAG2A",2400,"f"
"15232","NBXP7N",3390,"m"
"15233","cE3WXc",1530,"m"
"15234","KRLDTE",4320,"m"
"15235","NY2cZA",3510,"f"
"15236","CUCSW3",2880,"m"
"15237","NZKdcH",1530,"f"
"15238","5Hd5XN",3720,"m"
"15239","JFd4LQ",3120,"f"
"15240","V6JVMB",2700,"m"
"15241","WGSZS6",1920,"m"
"15242","UQYP3K",2160,"f"
"15243","P3MYF5",3300,"f"
"15244","dcddCF",1770,"f"
"15245","CAECUF",3870,"f"
"15246","NZcKZR",2490,"m"
"15247","3MGZ2D",1620,"f"
"15248","Y324M2",4710,"m"
"15249","RKKSJM",3030,"f"
"15250","4ABCC4",1320,"f"
"15251","K73D3S",1860,"f"
"15252","5d3X5S",1620,"f"
"15253","WDETH6",2670,"m"
"15254","dZUWST",2340,"f"
"15255","cYGACQ",1890,"f"
"15256","dXAQG4",2760,"m"
"15257","5WHcX5",3750,"m"
"15258","K7R7CV",2550,"f"
"15259","FG2KCN",1440,"f"
"15260","YHGER6",3660,"f"
"15261","XUUFNU",2460,"f"
"15262","WPK4FZ",2760,"m"
"15263","Q4cDH5",2310,"f"
"15264","CXMSKS",2730,"f"
"15265","EZ6FZQ",1650,"m"
"15266","LCDQES",1530,"f"
"15267","LKKFPd",2400,"f"
"15268","Y4MHXV",2160,"m"
"15269","2ZPdLJ",1500,"f"
"15270","RC5T3R",3480,"f"
"15271","6c4MZT",2850,"f"
"15272","2ZBH3d",4020,"f"
"15273","d44R4W",4110,"f"
"15274","ZEYSWL",1560,"f"
"15275","33NPWV",1380,"m"
"15276","YMH4W3",1650,"f"
"15277","PXBcNU",1500,"m"
"15278","C2J3Kd",1350,"f"
"15279","7UQ674",1200,"f"
"15280","dJZ5QE",2850,"f"
"15281","H3HBTJ",1380,"f"
"15282","AEL3EQ",1200,"m"
"15283","3BMEHF",2130,"m"
"15284","HBWDcR",3210,"m"
"15285","ARMW2Y",3900,"m"
"15286","KMUTBA",2790,"f"
"15287","SCHcHE",3420,"m"
"15288","PXXPWV",2010,"m"
"15289","GCCDGU",1200,"f"
"15290","7EBDYc",3270,"f"
"15291","4P2QUV",1860,"m"
"15292","Z6D7dB",2220,"f"
"15293","75ZW26",1620,"m"
"15294","BC76CA",3780,"m"
"15295","WMJVGR",3000,"m"
"15296","dVMXCc",1770,"f"
"15297","d5Ud2c",1920,"f"
"15298","4VCRcA",2520,"f"
"15299","CQKHMP",4980,"f"
"15300","QRZ4QE",1530,"f"
"15301","EFYJWW",2010,"f"
"15302","LRAUYL",2010,"f"
"15303","AWZXWB",1290,"f"
"15304","R27BW6",5130,"m"
"15305","PHK3XR",2610,"f"
"15306","N4N6Q2",1890,"m"
"15307","YFLMKE",2490,"m"
"15308","5c5BKL",2400,"m"
"15309","VDGZL2",1680,"m"
"15310","cMD6FQ",5220,"m"
"15311","GXGSFD",5640,"f"
"15312","SJQQ2J",5130,"f"
"15313","5WN27N",5250,"f"
"15314","P3EcYE",5130,"f"
"15315","AVEH25",5460,"f"
"15316","MLH6HJ",5610,"f"
"15317","42LZDc",5280,"f"
"15318","FFZF7X",5160,"f"
"15319","LRCNHV",5700,"m"
"15320","F5REDH",5520,"m"
"15321","7GdZTX",5460,"m"
"15322","D7cM6P",5790,"f"
"15323","JE64ZK",5460,"m"
"15324","2dBUQX",5310,"f"
"15325","Yd7WPT",5250,"f"
"15326","735EB3",5460,"f"
"15327","cG6dWL",5430,"m"
"15328","ENUBED",5130,"m"
"15329","J4S4Nd",5310,"f"
"15330","RQXQ37",5610,"f"
"15331","TDYH5c",5250,"f"
"15332","H5HUVK",5520,"f"
"15333","A3HVZU",5490,"m"
"15334","Q5ZTWH",5130,"m"
"15335","CPLE3C",5220,"m"
"15336","VdRXdD",1350,"f"
"15337","DGH6Ld",1440,"f"
"15338","5A2Y2B",1170,"f"
"15339","GRLVFF",1230,"m"
"15340","4Lc7HB",1110,"m"
"15341","5TDN53",1350,"f"
"15342","F5QMEJ",1320,"m"
"15343","KU6RG5",2460,"m"
"15344","B5SScH",2520,"f"
"15345","XFMJ2D",2400,"m"
"15346","XNAGCD",2310,"f"
"15347","CTDG73",2490,"m"
"15348","GQYEcF",2340,"f"
"15349","DTXJAD",2400,"m"
"15350","5EPF77",2400,"f"
"15351","RBWAXG",2370,"f"
"15352","NA75A3",1320,"f"
"15353","ZFASAN",1260,"m"
"15354","UPcFPQ",1170,"f"
"15355","3BJL75",1320,"m"
"15356","L6BNGd",1440,"m"
"15357","4dR3DM",1530,"f"
"15358","FG3c3c",1590,"m"
"15359","3NRZDA",1110,"f"
"15360","cKNVRc",1770,"f"
"15361","KTLJTX",1140,"f"
"15362","QZ77BB",1500,"m"
"15363","DEH3SW",1230,"f"
"15364","CFZAdK",1230,"m"
"15365","223QZT",1590,"f"
"15366","C2PTE3",1380,"f"
"15367","RTVEE7",1560,"m"
"15368","XUYCHN",1170,"f"
"15369","CFGJVV",1140,"f"
"15370","6RYcKQ",1260,"f"
"15371","NX5FLF",1110,"f"
"15372","ZP3B3N",1110,"f"
"15373","RJ5WYZ",1290,"f"
"15374","A5ZcC2",1140,"m"
"15375","LFC354",1110,"f"
"15376","FdK67M",1200,"f"
"15377","K6SSNX",1110,"f"
"15378","E5EL7R",5520,"f"
"15379","AVEH25",5280,"f"
"15380","5CETCY",5520,"m"
"15381","KdTKRC",5730,"m"
"15382","XQc656",2490,"m"
"15383","3QARD5",2250,"m"
"15384","BAA7SE",2310,"f"
"15385","DRTVFR",2190,"f"
"15386","X3U2KL",3300,"m"
"15387","ZdWJU6",1200,"f"
"15388","DZEEEQ",1140,"m"
"15389","cLWD7X",1260,"m"
"15390","VVcSLZ",1170,"m"
"15391","YQXHAZ",1260,"m"
"15392","A5ZcC2",1110,"m"
"15393","4SGNPS",3780,"m"
"15394","77P6BR",3300,"f"
"15395","DJKFNX",3600,"m"
"15396","EM566H",3480,"m"
"15397","VHTSRV",3390,"m"
"15398","UFEZMT",3870,"f"
"15399","UNVGH4",3390,"f"
"15400","G64NX2",3300,"f"
"15401","UEXRGR",3300,"m"
"15402","2RT5YX",3750,"f"
"15403","5Hd5XN",3930,"m"
"15404","M2VDRX",3390,"f"
"15405","ALGACP",3630,"m"
"15406","6VQ5NV",3330,"f"
"15407","QE3QBc",3270,"m"
"15408","RF7BV6",3030,"f"
"15409","ZADALH",3630,"f"
"15410","UDVQ7Y",3330,"m"
"15411","ZU2PLS",3270,"f"
"15412","H7RFHM",3030,"f"
"15413","3NJBME",3360,"m"
"15414","2cLdd2",3180,"f"
"15415","U2YQXC",3870,"m"
"15416","U2YQXC",3870,"m"
"15417","VAKJdV",2940,"m"
"15418","WDNHcd",3990,"f"
"15419","cZVLcN",2970,"m"
"15420","LdNK4E",3090,"m"
"15421","5CZXYC",3240,"m"
"15422","MATGdB",3150,"f"
"15423","NBR2LE",3660,"m"
"15424","MM7MHD",3090,"m"
"15425","XQJNFQ",3510,"m"
"15426","J3RPUM",3930,"m"
"15427","J6GS2X",5820,"m"
"15428","QDLBWP",4500,"f"
"15429","36TYFV",4830,"f"
"15430","46GXRG",4890,"m"
"15431","WUCdQ6",4830,"m"
"15432","K7GP2d",5340,"f"
"15433","EcQK3N",5130,"m"
"15434","cMD6FQ",4980,"m"
"15435","EKACME",4740,"m"
"15436","K7GP2d",5340,"f"
"15437","7GKV4Y",5670,"m"
"15438","F7J6RM",4770,"m"
"15439","PU2VcV",4740,"o"
"15440","C5HA27",4740,"f"
"15441","USPAM2",4920,"f"
"15442","USPAM2",4920,"f"
"15443","CYHPFL",4950,"m"
"15444","SHWDdD",5310,"m"
"15445","27NPYH",4890,"f"
"15446","3EXKKV",4950,"m"
"15447","cMD6FQ",4920,"m"
"15448","LRCNHV",5430,"m"
"15449","PF76LW",5100,"m"
"15450","N2ZVC6",5280,"m"
"15451","B7TKT6",5040,"f"
"15452","7GdZTX",5190,"m"
"15453","735EB3",5250,"f"
"15454","RHTVQE",5010,"m"
"15455","VR4LYE",4500,"m"
"15456","543XTU",5280,"m"
"15457","775VNH",4890,"m"
"15458","N54WCV",5760,"f"
"15459","YAEUF5",5670,"m"
"15460","WQU6QW",5190,"f"
"15461","KRLDTE",4410,"m"
"15462","V3dN5D",4890,"m"
"15463","U32dEc",4950,"m"
"15464","JD34YF",4530,"m"
"15465","WYSHT3",4980,"m"
"15466","MNMX4S",5370,"m"
"15467","cX2D7c",4410,"f"
"15468","UYRcFH",4650,"f"
"15469","UKBcFN",4440,"m"
"15470","DEJDGM",4440,"m"
"15471","4URBHK",5070,"f"
"15472","YKUEcM",4170,"f"
"15473","P7Md7Y",4230,"f"
"15474","6VN3FP",4980,"m"
"15475","E5VGcY",4320,"f"
"15476","NcPKdR",4740,"m"
"15477","5C4cLF",4260,"m"
"15478","YKVL6Y",4020,"m"
"15479","LA3QLT",4770,"f"
"15480","3EXKKV",4860,"m"
"15481","4UTJ5C",4650,"f"
"15482","Z46DHN",4140,"m"
"15483","Rc27L6",5250,"f"
"15484","T7C2LP",4950,"f"
"15485","PCWHCD",4080,"m"
"15486","YSMZLG",4530,"m"
"15487","CJ2JZ3",4590,"m"
"15488","VB2XLF",4110,"m"
"15489","BVZU4W",4140,"m"
"15490","LZWTJC",4140,"m"
"15491","NN3UDW",4440,"m"
"15492","7DNGNA",5070,"m"
"15493","MQ5dCM",4260,"f"
"15494","G3BWNN",4440,"m"
"15495","J7d7Ed",4560,"m"
"15496","6LXAJD",4350,"f"
"15497","FEYCW6",4410,"m"
"15498","W3c3ZK",5580,"m"
"15499","BDKZEN",4050,"m"
"15500","ZQ3TTU",4710,"m"
"15501","XYX3RT",4680,"m"
"15502","JKQG2U",4740,"f"
"15503","VX7XXc",5040,"m"
"15504","26TBKA",4080,"m"
"15505","VMHNQA",4350,"f"
"15506","cYHPQ5",4140,"m"
"15507","KLdCX3",4260,"m"
"15508","SL5H56",4260,"f"
"15509","2CKBJK",4050,"m"
"15510","P7Md7Y",4200,"f"
"15511","VJ5H2T",5160,"o"
"15512","B47FdD",3990,"m"
"15513","J6DT2K",4560,"m"
"15514","Vc73T7",4110,"m"
"15515","2D2Pd2",5190,"f"
"15516","AHG2DK",5700,"m"
"15517","ERC7YR",3870,"f"
"15518","QCPV75",4500,"m"
"15519","CTJFJ4",4950,"m"
"15520","FQNNUZ",5130,"f"
"15521","J6GS2X",5640,"m"
"15522","c3dQ5P",3720,"m"
"15523","AVEH25",5070,"f"
"15524","HMdQVZ",3870,"m"
"15525","FBSJTZ",5820,"f"
"15526","DHLRUE",4560,"m"
"15527","CRAcZd",5430,"f"
"15528","TDSRAc",4770,"f"
"15529","RV46G2",4260,"m"
"15530","2UMdLC",4170,"m"
"15531","c53NTX",3870,"m"
"15532","G5dAEK",4230,"m"
"15533","G36QUX",3840,"m"
"15534","Ddd43L",4500,"f"
"15535","2MNUcZ",5460,"f"
"15536","NSYUD6",3930,"f"
"15537","F7J6RM",4620,"m"
"15538","XKdc35",4170,"f"
"15539","2HPcJ3",4980,"m"
"15540","LN6TPF",4350,"f"
"15541","5WcVK4",5160,"f"
"15542","4BAHDN",3780,"m"
"15543","cFCZPK",4950,"m"
"15544","NKAPDd",5520,"m"
"15545","H5HUVK",5250,"f"
"15546","M6LdNB",4620,"m"
"15547","5MGCBZ",4050,"m"
"15548","ECZKcH",3090,"f"
"15549","FXKXTL",4290,"f"
"15550","4HBDTF",3840,"m"
"15551","d2RNVQ",3090,"f"
"15552","AZQZZJ",3480,"f"
"15553","KYNWJ7",3420,"f"
"15554","PWRD2W",3240,"f"
"15555","THHUXY",2790,"f"
"15556","CcXK5V",3630,"f"
"15557","226DPJ",3870,"m"
"15558","CT6TE2",2280,"f"
"15559","dJUH64",2610,"m"
"15560","MM7MHD",2910,"m"
"15561","TRMZMN",2400,"f"
"15562","DUJVEL",3150,"m"
"15563","GE4NBT",5640,"m"
"15564","XdAMGC",2550,"f"
"15565","GLQULU",2640,"f"
"15566","ADcDUM",3330,"m"
"15567","dB3YRD",4290,"f"
"15568","CACCCP",2880,"m"
"15569","BJZGD2",3270,"f"
"15570","SQPHC7",2310,"f"
"15571","Kc6RMY",3330,"m"
"15572","PBLZWN",5190,"f"
"15573","VZ53KA",4110,"f"
"15574","WUBBEK",2640,"m"
"15575","XS57KJ",2190,"m"
"15576","d3R2U4",3060,"f"
"15577","RCAU4S",1980,"f"
"15578","UGcYTS",2970,"f"
"15579","LXRCcF",1980,"f"
"15580","6WDXTc",2160,"m"
"15581","37LAQX",2910,"m"
"15582","YLJTKQ",1950,"f"
"15583","KPRDT6",3480,"m"
"15584","BVA42Y",1950,"f"
"15585","KBQDD5",2700,"m"
"15586","4QcY5E",2070,"f"
"15587","4d2CPG",3000,"m"
"15588","SDF2YR",2490,"m"
"15589","7YdT45",2550,"f"
"15590","ZALG7S",3570,"f"
"15591","FJZ4BR",4530,"m"
"15592","BZVQUN",3840,"f"
"15593","BNXB5D",2640,"f"
"15594","NDM42C",2220,"f"
"15595","YM2G5C",1380,"f"
"15596","747d4U",2040,"f"
"15597","VEYGC2",3840,"m"
"15598","6RDT55",4920,"f"
"15599","c6dNFC",1500,"f"
"15600","FW72XL",3150,"f"
"15601","DY7SUJ",3870,"f"
"15602","VdM6UX",2880,"m"
"15603","4XE3KX",3600,"f"
"15604","QdRUdL",4170,"m"
"15605","VGGS3V",3480,"m"
"15606","3STC7T",1500,"f"
"15607","7W2BAS",3000,"f"
"15608","CPcQFY",4470,"f"
"15609","K6FCZV",3540,"m"
"15610","QMLL2R",1530,"m"
"15611","3ADQJK",1170,"m"
"15612","YPMRcS",1710,"f"
"15613","K7YdLP",5640,"f"
"15614","DBFU24",4290,"f"
"15615","KE6McV",4020,"f"
"15616","Y5C3MY",2880,"m"
"15617","VdA4LW",1290,"f"
"15618","SCHcHE",3450,"m"
"15619","GFRFTR",1920,"f"
"15620","AF6JVZ",2490,"m"
"15621","dADL67",1890,"f"
"15622","4NJCTY",1590,"m"
"15623","7JUJPC",2790,"m"
"15624","Y2M3FQ",4230,"f"
"15625","WDY6c7",2550,"f"
"15626","C5HA27",4620,"f"
"15627","PU2VcV",4620,"o"
"15628","YFE323",2040,"m"
"15629","GXJBPE",1170,"m"
"15630","VRRTXM",3540,"f"
"15631","65LC6N",1200,"m"
"15632","EHPQXP",2670,"f"
"15633","KN4QXT",1890,"m"
"15634","5Q24K5",1290,"f"
"15635","AEVA5R",2610,"f"
"15636","PZ5DPJ",1170,"f"
"15637","RL56d4",3060,"m"
"15638","VRHSL4",3450,"f"
"15639","SEAHSd",2100,"m"
"15640","NSQ3X6",3420,"f"
"15641","4VHdUK",5040,"m"
"15642","AS4P67",2040,"f"
"15643","Xd7JWC",2010,"m"
"15644","PcR4BM",1980,"m"
"15645","UPTL7Y",3720,"m"
"15646","DHZ3NG",3600,"f"
"15647","YLAdC4",1830,"f"
"15648","PRPWZF",2220,"f"
"15649","NMW7J7",1500,"f"
"15650","MBCA5E",2730,"f"
"15651","NPVQNQ",1740,"m"
"15652","NEQP2Q",1860,"f"
"15653","44WWDL",1890,"f"
"15654","dMcX57",1650,"m"
"15655","P2JCDF",1740,"m"
"15656","XEKPSB",1980,"f"
"15657","dJPCR7",2610,"m"
"15658","QVDCEG",2760,"f"
"15659","TJAT32",1260,"m"
"15660","V5REVB",1500,"m"
"15661","S7FVQH",2070,"m"
"15662","347dJH",1800,"f"
"15663","SCMMCA",3150,"f"
"15664","J33Q67",1440,"m"
"15665","PK2YGJ",4200,"m"
"15666","3G522Y",2460,"f"
"15667","W575AK",2790,"f"
"15668","WQGT5Y",1200,"m"
"15669","d6RFVM",4110,"m"
"15670","GYU46J",4140,"f"
"15671","2cLdd2",2970,"f"
"15672","6FL4TM",2550,"f"
"15673","QVSRQC",1980,"f"
"15674","DKUY4F",1290,"f"
"15675","XAVQXc",2100,"f"
"15676","UZG2dX",2940,"m"
"15677","KHRJM7",3810,"m"
"15678","UAPd65",3060,"m"
"15679","3XcSJ2",3810,"f"
"15680","dR3ZQW",3240,"m"
"15681","LUQK5d",1350,"f"
"15682","KE3Z6Z",3810,"f"
"15683","FVTKHG",2790,"f"
"15684","5HHGcY",2640,"m"
"15685","Fc7UHG",3270,"m"
"15686","Q4EEd6",2460,"f"
"15687","Ddd42B",4590,"m"
"15688","cFJCJK",2490,"f"
"15689","RL5F7C",1590,"m"
"15690","QARBCD",3690,"m"
"15691","c2DEY3",1200,"m"
"15692","LKJRX3",2970,"f"
"15693","7R4XY2",1350,"f"
"15694","MR5MAH",2700,"f"
"15695","Z6JWFD",3000,"m"
"15696","FG5XVM",2550,"m"
"15697","BLMEUH",1560,"f"
"15698","XC7SMU",4050,"m"
"15699","MBSYFS",1740,"m"
"15700","2N2GAd",3060,"f"
"15701","YPNJKP",1740,"f"
"15702","BdHTN4",3420,"m"
"15703","4JccdB",2820,"m"
"15704","XQS345",1140,"f"
"15705","EG4DM2",1680,"m"
"15706","ZPAG2A",2400,"f"
"15707","NBXP7N",3390,"m"
"15708","cE3WXc",1530,"m"
"15709","KRLDTE",4320,"m"
"15710","NY2cZA",3510,"f"
"15711","CUCSW3",2880,"m"
"15712","NZKdcH",1530,"f"
"15713","5Hd5XN",3720,"m"
"15714","JFd4LQ",3120,"f"
"15715","V6JVMB",2700,"m"
"15716","WGSZS6",1920,"m"
"15717","UQYP3K",2160,"f"
"15718","P3MYF5",3300,"f"
"15719","dcddCF",1770,"f"
"15720","CAECUF",3870,"f"
"15721","NZcKZR",2490,"m"
"15722","3MGZ2D",1620,"f"
"15723","Y324M2",4710,"m"
"15724","RKKSJM",3030,"f"
"15725","4ABCC4",1320,"f"
"15726","K73D3S",1860,"f"
"15727","5d3X5S",1620,"f"
"15728","WDETH6",2670,"m"
"15729","dZUWST",2340,"f"
"15730","cYGACQ",1890,"f"
"15731","dXAQG4",2760,"m"
"15732","5WHcX5",3750,"m"
"15733","K7R7CV",2550,"f"
"15734","FG2KCN",1440,"f"
"15735","YHGER6",3660,"f"
"15736","XUUFNU",2460,"f"
"15737","WPK4FZ",2760,"m"
"15738","Q4cDH5",2310,"f"
"15739","CXMSKS",2730,"f"
"15740","EZ6FZQ",1650,"m"
"15741","LCDQES",1530,"f"
"15742","LKKFPd",2400,"f"
"15743","Y4MHXV",2160,"m"
"15744","2ZPdLJ",1500,"f"
"15745","RC5T3R",3480,"f"
"15746","6c4MZT",2850,"f"
"15747","2ZBH3d",4020,"f"
"15748","d44R4W",4110,"f"
"15749","ZEYSWL",1560,"f"
"15750","33NPWV",1380,"m"
"15751","YMH4W3",1650,"f"
"15752","PXBcNU",1500,"m"
"15753","C2J3Kd",1350,"f"
"15754","7UQ674",1200,"f"
"15755","dJZ5QE",2850,"f"
"15756","H3HBTJ",1380,"f"
"15757","AEL3EQ",1200,"m"
"15758","3BMEHF",2130,"m"
"15759","HBWDcR",3210,"m"
"15760","ARMW2Y",3900,"m"
"15761","KMUTBA",2790,"f"
"15762","SCHcHE",3420,"m"
"15763","PXXPWV",2010,"m"
"15764","GCCDGU",1200,"f"
"15765","7EBDYc",3270,"f"
"15766","4P2QUV",1860,"m"
"15767","Z6D7dB",2220,"f"
"15768","75ZW26",1620,"m"
"15769","BC76CA",3780,"m"
"15770","WMJVGR",3000,"m"
"15771","dVMXCc",1770,"f"
"15772","d5Ud2c",1920,"f"
"15773","4VCRcA",2520,"f"
"15774","CQKHMP",4980,"f"
"15775","QRZ4QE",1530,"f"
"15776","EFYJWW",2010,"f"
"15777","LRAUYL",2010,"f"
"15778","AWZXWB",1290,"f"
"15779","R27BW6",5130,"m"
"15780","PHK3XR",2610,"f"
"15781","N4N6Q2",1890,"m"
"15782","YFLMKE",2490,"m"
"15783","5c5BKL",2400,"m"
"15784","VDGZL2",1680,"m"
"15785","cMD6FQ",5220,"m"
"15786","GXGSFD",5640,"f"
"15787","SJQQ2J",5130,"f"
"15788","5WN27N",5250,"f"
"15789","P3EcYE",5130,"f"
"15790","AVEH25",5460,"f"
"15791","MLH6HJ",5610,"f"
"15792","42LZDc",5280,"f"
"15793","FFZF7X",5160,"f"
"15794","LRCNHV",5700,"m"
"15795","F5REDH",5520,"m"
"15796","7GdZTX",5460,"m"
"15797","D7cM6P",5790,"f"
"15798","JE64ZK",5460,"m"
"15799","2dBUQX",5310,"f"
"15800","Yd7WPT",5250,"f"
"15801","735EB3",5460,"f"
"15802","cG6dWL",5430,"m"
"15803","ENUBED",5130,"m"
"15804","J4S4Nd",5310,"f"
"15805","RQXQ37",5610,"f"
"15806","TDYH5c",5250,"f"
"15807","H5HUVK",5520,"f"
"15808","A3HVZU",5490,"m"
"15809","Q5ZTWH",5130,"m"
"15810","CPLE3C",5220,"m"
"15811","VdRXdD",1350,"f"
"15812","DGH6Ld",1440,"f"
"15813","5A2Y2B",1170,"f"
"15814","GRLVFF",1230,"m"
"15815","4Lc7HB",1110,"m"
"15816","5TDN53",1350,"f"
"15817","F5QMEJ",1320,"m"
"15818","KU6RG5",2460,"m"
"15819","B5SScH",2520,"f"
"15820","XFMJ2D",2400,"m"
"15821","XNAGCD",2310,"f"
"15822","CTDG73",2490,"m"
"15823","GQYEcF",2340,"f"
"15824","DTXJAD",2400,"m"
"15825","5EPF77",2400,"f"
"15826","RBWAXG",2370,"f"
"15827","NA75A3",1320,"f"
"15828","ZFASAN",1260,"m"
"15829","UPcFPQ",1170,"f"
"15830","3BJL75",1320,"m"
"15831","L6BNGd",1440,"m"
"15832","4dR3DM",1530,"f"
"15833","FG3c3c",1590,"m"
"15834","3NRZDA",1110,"f"
"15835","cKNVRc",1770,"f"
"15836","KTLJTX",1140,"f"
"15837","QZ77BB",1500,"m"
"15838","DEH3SW",1230,"f"
"15839","CFZAdK",1230,"m"
"15840","223QZT",1590,"f"
"15841","C2PTE3",1380,"f"
"15842","RTVEE7",1560,"m"
"15843","XUYCHN",1170,"f"
"15844","CFGJVV",1140,"f"
"15845","6RYcKQ",1260,"f"
"15846","NX5FLF",1110,"f"
"15847","ZP3B3N",1110,"f"
"15848","RJ5WYZ",1290,"f"
"15849","A5ZcC2",1140,"m"
"15850","LFC354",1110,"f"
"15851","FdK67M",1200,"f"
"15852","K6SSNX",1110,"f"
"15853","E5EL7R",5520,"f"
"15854","AVEH25",5280,"f"
"15855","5CETCY",5520,"m"
"15856","KdTKRC",5730,"m"
"15857","XQc656",2490,"m"
"15858","3QARD5",2250,"m"
"15859","BAA7SE",2310,"f"
"15860","DRTVFR",2190,"f"
"15861","X3U2KL",3300,"m"
"15862","ZdWJU6",1200,"f"
"15863","DZEEEQ",1140,"m"
"15864","cLWD7X",1260,"m"
"15865","cLWD7X",1260,"m"
"15866","VVcSLZ",1170,"m"
"15867","YQXHAZ",1260,"m"
"15868","A5ZcC2",1110,"m"
"15869","4SGNPS",3780,"m"
"15870","77P6BR",3300,"f"
"15871","DJKFNX",3600,"m"
"15872","EM566H",3480,"m"
"15873","VHTSRV",3390,"m"
"15874","UFEZMT",3870,"f"
"15875","UNVGH4",3390,"f"
"15876","G64NX2",3300,"f"
"15877","UEXRGR",3300,"m"
"15878","2RT5YX",3750,"f"
"15879","5Hd5XN",3930,"m"
"15880","M2VDRX",3390,"f"
"15881","ALGACP",3630,"m"
"15882","6VQ5NV",3330,"f"
"15883","QE3QBc",3270,"m"
"15884","RF7BV6",3030,"f"
"15885","ZADALH",3630,"f"
"15886","UDVQ7Y",3330,"m"
"15887","ZU2PLS",3270,"f"
"15888","H7RFHM",3030,"f"
"15889","3NJBME",3360,"m"
"15890","2cLdd2",3180,"f"
"15891","U2YQXC",3870,"m"
"15892","U2YQXC",3870,"m"
"15893","VAKJdV",2940,"m"
"15894","WDNHcd",3990,"f"
"15895","cZVLcN",2970,"m"
"15896","LdNK4E",3090,"m"
"15897","5CZXYC",3240,"m"
"15898","MATGdB",3150,"f"
"15899","NBR2LE",3660,"m"
"15900","MM7MHD",3090,"m"
"15901","XQJNFQ",3510,"m"
"15902","J3RPUM",3930,"m"
"15903","J6GS2X",5820,"m"
"15904","QDLBWP",4500,"f"
"15905","36TYFV",4830,"f"
"15906","46GXRG",4890,"m"
"15907","WUCdQ6",4830,"m"
"15908","K7GP2d",5340,"f"
"15909","EcQK3N",5130,"m"
"15910","cMD6FQ",4980,"m"
"15911","EKACME",4740,"m"
"15912","K7GP2d",5340,"f"
"15913","7GKV4Y",5670,"m"
"15914","F7J6RM",4770,"m"
"15915","PU2VcV",4740,"o"
"15916","C5HA27",4740,"f"
"15917","USPAM2",4920,"f"
"15918","USPAM2",4920,"f"
"15919","CYHPFL",4950,"m"
"15920","SHWDdD",5310,"m"
"15921","27NPYH",4890,"f"
"15922","3EXKKV",4950,"m"
"15923","cMD6FQ",4920,"m"
"15924","LRCNHV",5430,"m"
"15925","PF76LW",5100,"m"
"15926","N2ZVC6",5280,"m"
"15927","B7TKT6",5040,"f"
"15928","7GdZTX",5190,"m"
"15929","735EB3",5250,"f"
"15930","RHTVQE",5010,"m"
"15931","VR4LYE",4500,"m"
"15932","543XTU",5280,"m"
"15933","775VNH",4890,"m"
"15934","N54WCV",5760,"f"
"15935","YAEUF5",5670,"m"
"15936","WQU6QW",5190,"f"
"15937","KRLDTE",4410,"m"
"15938","V3dN5D",4890,"m"
"15939","U32dEc",4950,"m"
"15940","JD34YF",4530,"m"
"15941","WYSHT3",4980,"m"
"15942","MNMX4S",5370,"m"
"15943","cX2D7c",4410,"f"
"15944","UYRcFH",4650,"f"
"15945","UKBcFN",4440,"m"
"15946","DEJDGM",4440,"m"
"15947","4URBHK",5070,"f"
"15948","YKUEcM",4170,"f"
"15949","P7Md7Y",4230,"f"
"15950","6VN3FP",4980,"m"
"15951","E5VGcY",4320,"f"
"15952","NcPKdR",4740,"m"
"15953","5C4cLF",4260,"m"
"15954","YKVL6Y",4020,"m"
"15955","LA3QLT",4770,"f"
"15956","3EXKKV",4860,"m"
"15957","4UTJ5C",4650,"f"
"15958","Z46DHN",4140,"m"
"15959","Rc27L6",5250,"f"
"15960","T7C2LP",4950,"f"
"15961","PCWHCD",4080,"m"
"15962","YSMZLG",4530,"m"
"15963","CJ2JZ3",4590,"m"
"15964","VB2XLF",4110,"m"
"15965","BVZU4W",4140,"m"
"15966","LZWTJC",4140,"m"
"15967","NN3UDW",4440,"m"
"15968","7DNGNA",5070,"m"
"15969","MQ5dCM",4260,"f"
"15970","G3BWNN",4440,"m"
"15971","J7d7Ed",4560,"m"
"15972","6LXAJD",4350,"f"
"15973","FEYCW6",4410,"m"
"15974","W3c3ZK",5580,"m"
"15975","BDKZEN",4050,"m"
"15976","ZQ3TTU",4710,"m"
"15977","XYX3RT",4680,"m"
"15978","JKQG2U",4740,"f"
"15979","VX7XXc",5040,"m"
"15980","26TBKA",4080,"m"
"15981","VMHNQA",4350,"f"
"15982","cYHPQ5",4140,"m"
"15983","KLdCX3",4260,"m"
"15984","SL5H56",4260,"f"
"15985","2CKBJK",4050,"m"
"15986","P7Md7Y",4200,"f"
"15987","VJ5H2T",5160,"o"
"15988","B47FdD",3990,"m"
"15989","J6DT2K",4560,"m"
"15990","Vc73T7",4110,"m"
"15991","2D2Pd2",5190,"f"
"15992","AHG2DK",5700,"m"
"15993","ERC7YR",3870,"f"
"15994","QCPV75",4500,"m"
"15995","CTJFJ4",4950,"m"
"15996","FQNNUZ",5130,"f"
"15997","J6GS2X",5640,"m"
"15998","c3dQ5P",3720,"m"
"15999","AVEH25",5070,"f"
"16000","HMdQVZ",3870,"m"
"16001","FBSJTZ",5820,"f"
"16002","DHLRUE",4560,"m"
"16003","CRAcZd",5430,"f"
"16004","TDSRAc",4770,"f"
"16005","RV46G2",4260,"m"
"16006","2UMdLC",4170,"m"
"16007","c53NTX",3870,"m"
"16008","G5dAEK",4230,"m"
"16009","G36QUX",3840,"m"
"16010","Ddd43L",4500,"f"
"16011","2MNUcZ",5460,"f"
"16012","NSYUD6",3930,"f"
"16013","F7J6RM",4620,"m"
"16014","XKdc35",4170,"f"
"16015","2HPcJ3",4980,"m"
"16016","LN6TPF",4350,"f"
"16017","5WcVK4",5160,"f"
"16018","4BAHDN",3780,"m"
"16019","cFCZPK",4950,"m"
"16020","NKAPDd",5520,"m"
"16021","H5HUVK",5250,"f"
"16022","M6LdNB",4620,"m"
"16023","5MGCBZ",4050,"m"
"16024","ECZKcH",3090,"f"
"16025","FXKXTL",4290,"f"
"16026","4HBDTF",3840,"m"
"16027","d2RNVQ",3090,"f"
"16028","AZQZZJ",3480,"f"
"16029","KYNWJ7",3420,"f"
"16030","KYNWJ7",3420,"f"
"16031","PWRD2W",3240,"f"
"16032","THHUXY",2790,"f"
"16033","CcXK5V",3630,"f"
"16034","226DPJ",3870,"m"
"16035","CT6TE2",2280,"f"
"16036","dJUH64",2610,"m"
"16037","MM7MHD",2910,"m"
"16038","TRMZMN",2400,"f"
"16039","DUJVEL",3150,"m"
"16040","GE4NBT",5640,"m"
"16041","XdAMGC",2550,"f"
"16042","GLQULU",2640,"f"
"16043","ADcDUM",3330,"m"
"16044","dB3YRD",4290,"f"
"16045","CACCCP",2880,"m"
"16046","BJZGD2",3270,"f"
"16047","SQPHC7",2310,"f"
"16048","Kc6RMY",3330,"m"
"16049","PBLZWN",5190,"f"
"16050","VZ53KA",4110,"f"
"16051","WUBBEK",2640,"m"
"16052","XS57KJ",2190,"m"
"16053","d3R2U4",3060,"f"
"16054","RCAU4S",1980,"f"
"16055","UGcYTS",2970,"f"
"16056","LXRCcF",1980,"f"
"16057","6WDXTc",2160,"m"
"16058","37LAQX",2910,"m"
"16059","YLJTKQ",1950,"f"
"16060","KPRDT6",3480,"m"
"16061","BVA42Y",1950,"f"
"16062","KBQDD5",2700,"m"
"16063","4QcY5E",2070,"f"
"16064","4d2CPG",3000,"m"
"16065","SDF2YR",2490,"m"
"16066","7YdT45",2550,"f"
"16067","ZALG7S",3570,"f"
"16068","FJZ4BR",4530,"m"
"16069","BZVQUN",3840,"f"
"16070","BNXB5D",2640,"f"
"16071","NDM42C",2220,"f"
"16072","YM2G5C",1380,"f"
"16073","747d4U",2040,"f"
"16074","VEYGC2",3840,"m"
"16075","6RDT55",4920,"f"
"16076","c6dNFC",1500,"f"
"16077","FW72XL",3150,"f"
"16078","DY7SUJ",3870,"f"
"16079","VdM6UX",2880,"m"
"16080","4XE3KX",3600,"f"
"16081","QdRUdL",4170,"m"
"16082","VGGS3V",3480,"m"
"16083","3STC7T",1500,"f"
"16084","7W2BAS",3000,"f"
"16085","CPcQFY",4470,"f"
"16086","K6FCZV",3540,"m"
"16087","QMLL2R",1530,"m"
"16088","3ADQJK",1170,"m"
"16089","YPMRcS",1710,"f"
"16090","K7YdLP",5640,"f"
"16091","DBFU24",4290,"f"
"16092","KE6McV",4020,"f"
"16093","Y5C3MY",2880,"m"
"16094","VdA4LW",1290,"f"
"16095","SCHcHE",3450,"m"
"16096","GFRFTR",1920,"f"
"16097","AF6JVZ",2490,"m"
"16098","dADL67",1890,"f"
"16099","4NJCTY",1590,"m"
"16100","7JUJPC",2790,"m"
"16101","Y2M3FQ",4230,"f"
"16102","WDY6c7",2550,"f"
"16103","C5HA27",4620,"f"
"16104","PU2VcV",4620,"o"
"16105","YFE323",2040,"m"
"16106","GXJBPE",1170,"m"
"16107","VRRTXM",3540,"f"
"16108","65LC6N",1200,"m"
"16109","EHPQXP",2670,"f"
"16110","KN4QXT",1890,"m"
"16111","5Q24K5",1290,"f"
"16112","AEVA5R",2610,"f"
"16113","PZ5DPJ",1170,"f"
"16114","RL56d4",3060,"m"
"16115","VRHSL4",3450,"f"
"16116","SEAHSd",2100,"m"
"16117","NSQ3X6",3420,"f"
"16118","4VHdUK",5040,"m"
"16119","AS4P67",2040,"f"
"16120","Xd7JWC",2010,"m"
"16121","PcR4BM",1980,"m"
"16122","UPTL7Y",3720,"m"
"16123","DHZ3NG",3600,"f"
"16124","YLAdC4",1830,"f"
"16125","PRPWZF",2220,"f"
"16126","NMW7J7",1500,"f"
"16127","MBCA5E",2730,"f"
"16128","NPVQNQ",1740,"m"
"16129","NEQP2Q",1860,"f"
"16130","44WWDL",1890,"f"
"16131","dMcX57",1650,"m"
"16132","P2JCDF",1740,"m"
"16133","XEKPSB",1980,"f"
"16134","dJPCR7",2610,"m"
"16135","QVDCEG",2760,"f"
"16136","TJAT32",1260,"m"
"16137","V5REVB",1500,"m"
"16138","S7FVQH",2070,"m"
"16139","347dJH",1800,"f"
"16140","SCMMCA",3150,"f"
"16141","J33Q67",1440,"m"
"16142","PK2YGJ",4200,"m"
"16143","3G522Y",2460,"f"
"16144","W575AK",2790,"f"
"16145","WQGT5Y",1200,"m"
"16146","d6RFVM",4110,"m"
"16147","GYU46J",4140,"f"
"16148","2cLdd2",2970,"f"
"16149","6FL4TM",2550,"f"
"16150","QVSRQC",1980,"f"
"16151","DKUY4F",1290,"f"
"16152","XAVQXc",2100,"f"
"16153","UZG2dX",2940,"m"
"16154","KHRJM7",3810,"m"
"16155","UAPd65",3060,"m"
"16156","3XcSJ2",3810,"f"
"16157","dR3ZQW",3240,"m"
"16158","LUQK5d",1350,"f"
"16159","KE3Z6Z",3810,"f"
"16160","FVTKHG",2790,"f"
"16161","5HHGcY",2640,"m"
"16162","Fc7UHG",3270,"m"
"16163","Q4EEd6",2460,"f"
"16164","Ddd42B",4590,"m"
"16165","cFJCJK",2490,"f"
"16166","RL5F7C",1590,"m"
"16167","QARBCD",3690,"m"
"16168","c2DEY3",1200,"m"
"16169","LKJRX3",2970,"f"
"16170","7R4XY2",1350,"f"
"16171","MR5MAH",2700,"f"
"16172","Z6JWFD",3000,"m"
"16173","FG5XVM",2550,"m"
"16174","BLMEUH",1560,"f"
"16175","XC7SMU",4050,"m"
"16176","MBSYFS",1740,"m"
"16177","2N2GAd",3060,"f"
"16178","YPNJKP",1740,"f"
"16179","BdHTN4",3420,"m"
"16180","4JccdB",2820,"m"
"16181","XQS345",1140,"f"
"16182","EG4DM2",1680,"m"
"16183","ZPAG2A",2400,"f"
"16184","NBXP7N",3390,"m"
"16185","cE3WXc",1530,"m"
"16186","KRLDTE",4320,"m"
"16187","NY2cZA",3510,"f"
"16188","CUCSW3",2880,"m"
"16189","NZKdcH",1530,"f"
"16190","5Hd5XN",3720,"m"
"16191","JFd4LQ",3120,"f"
"16192","V6JVMB",2700,"m"
"16193","WGSZS6",1920,"m"
"16194","UQYP3K",2160,"f"
"16195","P3MYF5",3300,"f"
"16196","dcddCF",1770,"f"
"16197","CAECUF",3870,"f"
"16198","NZcKZR",2490,"m"
"16199","3MGZ2D",1620,"f"
"16200","Y324M2",4710,"m"
"16201","RKKSJM",3030,"f"
"16202","4ABCC4",1320,"f"
"16203","K73D3S",1860,"f"
"16204","5d3X5S",1620,"f"
"16205","WDETH6",2670,"m"
"16206","dZUWST",2340,"f"
"16207","cYGACQ",1890,"f"
"16208","dXAQG4",2760,"m"
"16209","5WHcX5",3750,"m"
"16210","K7R7CV",2550,"f"
"16211","FG2KCN",1440,"f"
"16212","YHGER6",3660,"f"
"16213","XUUFNU",2460,"f"
"16214","WPK4FZ",2760,"m"
"16215","Q4cDH5",2310,"f"
"16216","CXMSKS",2730,"f"
"16217","EZ6FZQ",1650,"m"
"16218","LCDQES",1530,"f"
"16219","LKKFPd",2400,"f"
"16220","Y4MHXV",2160,"m"
"16221","2ZPdLJ",1500,"f"
"16222","RC5T3R",3480,"f"
"16223","6c4MZT",2850,"f"
"16224","2ZBH3d",4020,"f"
"16225","d44R4W",4110,"f"
"16226","ZEYSWL",1560,"f"
"16227","33NPWV",1380,"m"
"16228","YMH4W3",1650,"f"
"16229","PXBcNU",1500,"m"
"16230","C2J3Kd",1350,"f"
"16231","7UQ674",1200,"f"
"16232","dJZ5QE",2850,"f"
"16233","H3HBTJ",1380,"f"
"16234","AEL3EQ",1200,"m"
"16235","3BMEHF",2130,"m"
"16236","HBWDcR",3210,"m"
"16237","ARMW2Y",3900,"m"
"16238","KMUTBA",2790,"f"
"16239","SCHcHE",3420,"m"
"16240","PXXPWV",2010,"m"
"16241","GCCDGU",1200,"f"
"16242","7EBDYc",3270,"f"
"16243","4P2QUV",1860,"m"
"16244","Z6D7dB",2220,"f"
"16245","75ZW26",1620,"m"
"16246","BC76CA",3780,"m"
"16247","WMJVGR",3000,"m"
"16248","dVMXCc",1770,"f"
"16249","d5Ud2c",1920,"f"
"16250","4VCRcA",2520,"f"
"16251","CQKHMP",4980,"f"
"16252","QRZ4QE",1530,"f"
"16253","EFYJWW",2010,"f"
"16254","LRAUYL",2010,"f"
"16255","AWZXWB",1290,"f"
"16256","R27BW6",5130,"m"
"16257","PHK3XR",2610,"f"
"16258","N4N6Q2",1890,"m"
"16259","YFLMKE",2490,"m"
"16260","5c5BKL",2400,"m"
"16261","VDGZL2",1680,"m"
"16262","cMD6FQ",5220,"m"
"16263","GXGSFD",5640,"f"
"16264","SJQQ2J",5130,"f"
"16265","5WN27N",5250,"f"
"16266","P3EcYE",5130,"f"
"16267","AVEH25",5460,"f"
"16268","MLH6HJ",5610,"f"
"16269","42LZDc",5280,"f"
"16270","FFZF7X",5160,"f"
"16271","LRCNHV",5700,"m"
"16272","F5REDH",5520,"m"
"16273","7GdZTX",5460,"m"
"16274","D7cM6P",5790,"f"
"16275","JE64ZK",5460,"m"
"16276","2dBUQX",5310,"f"
"16277","Yd7WPT",5250,"f"
"16278","735EB3",5460,"f"
"16279","cG6dWL",5430,"m"
"16280","ENUBED",5130,"m"
"16281","J4S4Nd",5310,"f"
"16282","RQXQ37",5610,"f"
"16283","TDYH5c",5250,"f"
"16284","H5HUVK",5520,"f"
"16285","A3HVZU",5490,"m"
"16286","Q5ZTWH",5130,"m"
"16287","CPLE3C",5220,"m"
"16288","VdRXdD",1350,"f"
"16289","DGH6Ld",1440,"f"
"16290","5A2Y2B",1170,"f"
"16291","GRLVFF",1230,"m"
"16292","4Lc7HB",1110,"m"
"16293","5TDN53",1350,"f"
"16294","F5QMEJ",1320,"m"
"16295","KU6RG5",2460,"m"
"16296","B5SScH",2520,"f"
"16297","XFMJ2D",2400,"m"
"16298","XNAGCD",2310,"f"
"16299","CTDG73",2490,"m"
"16300","GQYEcF",2340,"f"
"16301","DTXJAD",2400,"m"
"16302","5EPF77",2400,"f"
"16303","RBWAXG",2370,"f"
"16304","NA75A3",1320,"f"
"16305","ZFASAN",1260,"m"
"16306","UPcFPQ",1170,"f"
"16307","3BJL75",1320,"m"
"16308","L6BNGd",1440,"m"
"16309","4dR3DM",1530,"f"
"16310","FG3c3c",1590,"m"
"16311","3NRZDA",1110,"f"
"16312","cKNVRc",1770,"f"
"16313","KTLJTX",1140,"f"
"16314","QZ77BB",1500,"m"
"16315","DEH3SW",1230,"f"
"16316","CFZAdK",1230,"m"
"16317","223QZT",1590,"f"
"16318","C2PTE3",1380,"f"
"16319","RTVEE7",1560,"m"
"16320","XUYCHN",1170,"f"
"16321","CFGJVV",1140,"f"
"16322","6RYcKQ",1260,"f"
"16323","NX5FLF",1110,"f"
"16324","ZP3B3N",1110,"f"
"16325","RJ5WYZ",1290,"f"
"16326","A5ZcC2",1140,"m"
"16327","LFC354",1110,"f"
"16328","FdK67M",1200,"f"
"16329","K6SSNX",1110,"f"
"16330","E5EL7R",5520,"f"
"16331","AVEH25",5280,"f"
"16332","5CETCY",5520,"m"
"16333","KdTKRC",5730,"m"
"16334","XQc656",2490,"m"
"16335","3QARD5",2250,"m"
"16336","BAA7SE",2310,"f"
"16337","DRTVFR",2190,"f"
"16338","X3U2KL",3300,"m"
"16339","ZdWJU6",1200,"f"
"16340","DZEEEQ",1140,"m"
"16341","cLWD7X",1260,"m"
"16342","VVcSLZ",1170,"m"
"16343","YQXHAZ",1260,"m"
"16344","A5ZcC2",1110,"m"
"16345","4SGNPS",3780,"m"
"16346","77P6BR",3300,"f"
"16347","DJKFNX",3600,"m"
"16348","EM566H",3480,"m"
"16349","VHTSRV",3390,"m"
"16350","UFEZMT",3870,"f"
"16351","UNVGH4",3390,"f"
"16352","G64NX2",3300,"f"
"16353","UEXRGR",3300,"m"
"16354","2RT5YX",3750,"f"
"16355","5Hd5XN",3930,"m"
"16356","M2VDRX",3390,"f"
"16357","ALGACP",3630,"m"
"16358","6VQ5NV",3330,"f"
"16359","QE3QBc",3270,"m"
"16360","RF7BV6",3030,"f"
"16361","ZADALH",3630,"f"
"16362","UDVQ7Y",3330,"m"
"16363","ZU2PLS",3270,"f"
"16364","H7RFHM",3030,"f"
"16365","3NJBME",3360,"m"
"16366","2cLdd2",3180,"f"
"16367","U2YQXC",3870,"m"
"16368","U2YQXC",3870,"m"
"16369","VAKJdV",2940,"m"
"16370","WDNHcd",3990,"f"
"16371","cZVLcN",2970,"m"
"16372","LdNK4E",3090,"m"
"16373","5CZXYC",3240,"m"
"16374","MATGdB",3150,"f"
"16375","NBR2LE",3660,"m"
"16376","MM7MHD",3090,"m"
"16377","XQJNFQ",3510,"m"
"16378","J3RPUM",3930,"m"
"16379","J6GS2X",5820,"m"
"16380","QDLBWP",4500,"f"
"16381","36TYFV",4830,"f"
"16382","46GXRG",4890,"m"
"16383","WUCdQ6",4830,"m"
"16384","K7GP2d",5340,"f"
"16385","EcQK3N",5130,"m"
"16386","cMD6FQ",4980,"m"
"16387","EKACME",4740,"m"
"16388","K7GP2d",5340,"f"
"16389","7GKV4Y",5670,"m"
"16390","F7J6RM",4770,"m"
"16391","PU2VcV",4740,"o"
"16392","C5HA27",4740,"f"
"16393","USPAM2",4920,"f"
"16394","USPAM2",4920,"f"
"16395","CYHPFL",4950,"m"
"16396","SHWDdD",5310,"m"
"16397","27NPYH",4890,"f"
"16398","3EXKKV",4950,"m"
"16399","cMD6FQ",4920,"m"
"16400","LRCNHV",5430,"m"
"16401","PF76LW",5100,"m"
"16402","N2ZVC6",5280,"m"
"16403","B7TKT6",5040,"f"
"16404","7GdZTX",5190,"m"
"16405","735EB3",5250,"f"
"16406","RHTVQE",5010,"m"
"16407","VR4LYE",4500,"m"
"16408","543XTU",5280,"m"
"16409","775VNH",4890,"m"
"16410","N54WCV",5760,"f"
"16411","YAEUF5",5670,"m"
"16412","WQU6QW",5190,"f"
"16413","KRLDTE",4410,"m"
"16414","V3dN5D",4890,"m"
"16415","U32dEc",4950,"m"
"16416","JD34YF",4530,"m"
"16417","WYSHT3",4980,"m"
"16418","MNMX4S",5370,"m"
"16419","cX2D7c",4410,"f"
"16420","UYRcFH",4650,"f"
"16421","UKBcFN",4440,"m"
"16422","DEJDGM",4440,"m"
"16423","4URBHK",5070,"f"
"16424","YKUEcM",4170,"f"
"16425","P7Md7Y",4230,"f"
"16426","6VN3FP",4980,"m"
"16427","E5VGcY",4320,"f"
"16428","NcPKdR",4740,"m"
"16429","5C4cLF",4260,"m"
"16430","YKVL6Y",4020,"m"
"16431","LA3QLT",4770,"f"
"16432","3EXKKV",4860,"m"
"16433","4UTJ5C",4650,"f"
"16434","Z46DHN",4140,"m"
"16435","Rc27L6",5250,"f"
"16436","T7C2LP",4950,"f"
"16437","PCWHCD",4080,"m"
"16438","YSMZLG",4530,"m"
"16439","CJ2JZ3",4590,"m"
"16440","VB2XLF",4110,"m"
"16441","BVZU4W",4140,"m"
"16442","LZWTJC",4140,"m"
"16443","NN3UDW",4440,"m"
"16444","7DNGNA",5070,"m"
"16445","MQ5dCM",4260,"f"
"16446","G3BWNN",4440,"m"
"16447","J7d7Ed",4560,"m"
"16448","6LXAJD",4350,"f"
"16449","FEYCW6",4410,"m"
"16450","W3c3ZK",5580,"m"
"16451","BDKZEN",4050,"m"
"16452","ZQ3TTU",4710,"m"
"16453","XYX3RT",4680,"m"
"16454","JKQG2U",4740,"f"
"16455","VX7XXc",5040,"m"
"16456","26TBKA",4080,"m"
"16457","VMHNQA",4350,"f"
"16458","cYHPQ5",4140,"m"
"16459","KLdCX3",4260,"m"
"16460","SL5H56",4260,"f"
"16461","2CKBJK",4050,"m"
"16462","P7Md7Y",4200,"f"
"16463","VJ5H2T",5160,"o"
"16464","B47FdD",3990,"m"
"16465","J6DT2K",4560,"m"
"16466","Vc73T7",4110,"m"
"16467","2D2Pd2",5190,"f"
"16468","AHG2DK",5700,"m"
"16469","ERC7YR",3870,"f"
"16470","QCPV75",4500,"m"
"16471","CTJFJ4",4950,"m"
"16472","FQNNUZ",5130,"f"
"16473","J6GS2X",5640,"m"
"16474","c3dQ5P",3720,"m"
"16475","AVEH25",5070,"f"
"16476","HMdQVZ",3870,"m"
"16477","FBSJTZ",5820,"f"
"16478","DHLRUE",4560,"m"
"16479","CRAcZd",5430,"f"
"16480","TDSRAc",4770,"f"
"16481","RV46G2",4260,"m"
"16482","2UMdLC",4170,"m"
"16483","c53NTX",3870,"m"
"16484","G5dAEK",4230,"m"
"16485","G36QUX",3840,"m"
"16486","Ddd43L",4500,"f"
"16487","2MNUcZ",5460,"f"
"16488","NSYUD6",3930,"f"
"16489","F7J6RM",4620,"m"
"16490","XKdc35",4170,"f"
"16491","2HPcJ3",4980,"m"
"16492","LN6TPF",4350,"f"
"16493","5WcVK4",5160,"f"
"16494","4BAHDN",3780,"m"
"16495","cFCZPK",4950,"m"
"16496","NKAPDd",5520,"m"
"16497","H5HUVK",5250,"f"
"16498","M6LdNB",4620,"m"
"16499","5MGCBZ",4050,"m"
"16500","ECZKcH",3090,"f"
"16501","FXKXTL",4290,"f"
"16502","4HBDTF",3840,"m"
"16503","d2RNVQ",3090,"f"
"16504","AZQZZJ",3480,"f"
"16505","KYNWJ7",3420,"f"
"16506","KYNWJ7",3420,"f"
"16507","PWRD2W",3240,"f"
"16508","THHUXY",2790,"f"
"16509","CcXK5V",3630,"f"
"16510","226DPJ",3870,"m"
"16511","CT6TE2",2280,"f"
"16512","dJUH64",2610,"m"
"16513","MM7MHD",2910,"m"
"16514","TRMZMN",2400,"f"
"16515","DUJVEL",3150,"m"
"16516","GE4NBT",5640,"m"
"16517","XdAMGC",2550,"f"
"16518","GLQULU",2640,"f"
"16519","ADcDUM",3330,"m"
"16520","dB3YRD",4290,"f"
"16521","CACCCP",2880,"m"
"16522","BJZGD2",3270,"f"
"16523","SQPHC7",2310,"f"
"16524","Kc6RMY",3330,"m"
"16525","PBLZWN",5190,"f"
"16526","VZ53KA",4110,"f"
"16527","WUBBEK",2640,"m"
"16528","XS57KJ",2190,"m"
"16529","d3R2U4",3060,"f"
"16530","RCAU4S",1980,"f"
"16531","UGcYTS",2970,"f"
"16532","LXRCcF",1980,"f"
"16533","6WDXTc",2160,"m"
"16534","37LAQX",2910,"m"
"16535","YLJTKQ",1950,"f"
"16536","KPRDT6",3480,"m"
"16537","BVA42Y",1950,"f"
"16538","KBQDD5",2700,"m"
"16539","4QcY5E",2070,"f"
"16540","4d2CPG",3000,"m"
"16541","SDF2YR",2490,"m"
"16542","7YdT45",2550,"f"
"16543","ZALG7S",3570,"f"
"16544","FJZ4BR",4530,"m"
"16545","BZVQUN",3840,"f"
"16546","BNXB5D",2640,"f"
"16547","NDM42C",2220,"f"
"16548","YM2G5C",1380,"f"
"16549","747d4U",2040,"f"
"16550","VEYGC2",3840,"m"
"16551","6RDT55",4920,"f"
"16552","c6dNFC",1500,"f"
"16553","FW72XL",3150,"f"
"16554","DY7SUJ",3870,"f"
"16555","VdM6UX",2880,"m"
"16556","4XE3KX",3600,"f"
"16557","QdRUdL",4170,"m"
"16558","VGGS3V",3480,"m"
"16559","3STC7T",1500,"f"
"16560","7W2BAS",3000,"f"
"16561","CPcQFY",4470,"f"
"16562","K6FCZV",3540,"m"
"16563","QMLL2R",1530,"m"
"16564","3ADQJK",1170,"m"
"16565","YPMRcS",1710,"f"
"16566","K7YdLP",5640,"f"
"16567","DBFU24",4290,"f"
"16568","KE6McV",4020,"f"
"16569","Y5C3MY",2880,"m"
"16570","VdA4LW",1290,"f"
"16571","SCHcHE",3450,"m"
"16572","GFRFTR",1920,"f"
"16573","AF6JVZ",2490,"m"
"16574","dADL67",1890,"f"
"16575","4NJCTY",1590,"m"
"16576","7JUJPC",2790,"m"
"16577","Y2M3FQ",4230,"f"
"16578","WDY6c7",2550,"f"
"16579","C5HA27",4620,"f"
"16580","PU2VcV",4620,"o"
"16581","YFE323",2040,"m"
"16582","GXJBPE",1170,"m"
"16583","VRRTXM",3540,"f"
"16584","65LC6N",1200,"m"
"16585","EHPQXP",2670,"f"
"16586","KN4QXT",1890,"m"
"16587","5Q24K5",1290,"f"
"16588","AEVA5R",2610,"f"
"16589","PZ5DPJ",1170,"f"
"16590","RL56d4",3060,"m"
"16591","VRHSL4",3450,"f"
"16592","SEAHSd",2100,"m"
"16593","NSQ3X6",3420,"f"
"16594","4VHdUK",5040,"m"
"16595","AS4P67",2040,"f"
"16596","Xd7JWC",2010,"m"
"16597","PcR4BM",1980,"m"
"16598","UPTL7Y",3720,"m"
"16599","DHZ3NG",3600,"f"
"16600","YLAdC4",1830,"f"
"16601","PRPWZF",2220,"f"
"16602","NMW7J7",1500,"f"
"16603","MBCA5E",2730,"f"
"16604","NPVQNQ",1740,"m"
"16605","NEQP2Q",1860,"f"
"16606","44WWDL",1890,"f"
"16607","dMcX57",1650,"m"
"16608","P2JCDF",1740,"m"
"16609","XEKPSB",1980,"f"
"16610","dJPCR7",2610,"m"
"16611","QVDCEG",2760,"f"
"16612","TJAT32",1260,"m"
"16613","V5REVB",1500,"m"
"16614","S7FVQH",2070,"m"
"16615","347dJH",1800,"f"
"16616","SCMMCA",3150,"f"
"16617","J33Q67",1440,"m"
"16618","PK2YGJ",4200,"m"
"16619","3G522Y",2460,"f"
"16620","W575AK",2790,"f"
"16621","WQGT5Y",1200,"m"
"16622","d6RFVM",4110,"m"
"16623","GYU46J",4140,"f"
"16624","2cLdd2",2970,"f"
"16625","6FL4TM",2550,"f"
"16626","QVSRQC",1980,"f"
"16627","DKUY4F",1290,"f"
"16628","XAVQXc",2100,"f"
"16629","UZG2dX",2940,"m"
"16630","KHRJM7",3810,"m"
"16631","UAPd65",3060,"m"
"16632","3XcSJ2",3810,"f"
"16633","dR3ZQW",3240,"m"
"16634","LUQK5d",1350,"f"
"16635","KE3Z6Z",3810,"f"
"16636","FVTKHG",2790,"f"
"16637","5HHGcY",2640,"m"
"16638","Fc7UHG",3270,"m"
"16639","Q4EEd6",2460,"f"
"16640","Ddd42B",4590,"m"
"16641","cFJCJK",2490,"f"
"16642","RL5F7C",1590,"m"
"16643","QARBCD",3690,"m"
"16644","c2DEY3",1200,"m"
"16645","LKJRX3",2970,"f"
"16646","7R4XY2",1350,"f"
"16647","MR5MAH",2700,"f"
"16648","Z6JWFD",3000,"m"
"16649","FG5XVM",2550,"m"
"16650","BLMEUH",1560,"f"
"16651","XC7SMU",4050,"m"
"16652","MBSYFS",1740,"m"
"16653","2N2GAd",3060,"f"
"16654","YPNJKP",1740,"f"
"16655","BdHTN4",3420,"m"
"16656","4JccdB",2820,"m"
"16657","XQS345",1140,"f"
"16658","EG4DM2",1680,"m"
"16659","ZPAG2A",2400,"f"
"16660","NBXP7N",3390,"m"
"16661","cE3WXc",1530,"m"
"16662","KRLDTE",4320,"m"
"16663","NY2cZA",3510,"f"
"16664","CUCSW3",2880,"m"
"16665","NZKdcH",1530,"f"
"16666","5Hd5XN",3720,"m"
"16667","JFd4LQ",3120,"f"
"16668","V6JVMB",2700,"m"
"16669","WGSZS6",1920,"m"
"16670","UQYP3K",2160,"f"
"16671","P3MYF5",3300,"f"
"16672","dcddCF",1770,"f"
"16673","CAECUF",3870,"f"
"16674","NZcKZR",2490,"m"
"16675","3MGZ2D",1620,"f"
"16676","Y324M2",4710,"m"
"16677","RKKSJM",3030,"f"
"16678","4ABCC4",1320,"f"
"16679","K73D3S",1860,"f"
"16680","5d3X5S",1620,"f"
"16681","WDETH6",2670,"m"
"16682","dZUWST",2340,"f"
"16683","cYGACQ",1890,"f"
"16684","dXAQG4",2760,"m"
"16685","5WHcX5",3750,"m"
"16686","K7R7CV",2550,"f"
"16687","FG2KCN",1440,"f"
"16688","YHGER6",3660,"f"
"16689","XUUFNU",2460,"f"
"16690","WPK4FZ",2760,"m"
"16691","Q4cDH5",2310,"f"
"16692","CXMSKS",2730,"f"
"16693","EZ6FZQ",1650,"m"
"16694","LCDQES",1530,"f"
"16695","LKKFPd",2400,"f"
"16696","Y4MHXV",2160,"m"
"16697","2ZPdLJ",1500,"f"
"16698","RC5T3R",3480,"f"
"16699","6c4MZT",2850,"f"
"16700","2ZBH3d",4020,"f"
"16701","d44R4W",4110,"f"
"16702","ZEYSWL",1560,"f"
"16703","33NPWV",1380,"m"
"16704","YMH4W3",1650,"f"
"16705","PXBcNU",1500,"m"
"16706","C2J3Kd",1350,"f"
"16707","7UQ674",1200,"f"
"16708","dJZ5QE",2850,"f"
"16709","H3HBTJ",1380,"f"
"16710","AEL3EQ",1200,"m"
"16711","3BMEHF",2130,"m"
"16712","HBWDcR",3210,"m"
"16713","ARMW2Y",3900,"m"
"16714","KMUTBA",2790,"f"
"16715","SCHcHE",3420,"m"
"16716","PXXPWV",2010,"m"
"16717","GCCDGU",1200,"f"
"16718","7EBDYc",3270,"f"
"16719","4P2QUV",1860,"m"
"16720","Z6D7dB",2220,"f"
"16721","75ZW26",1620,"m"
"16722","BC76CA",3780,"m"
"16723","WMJVGR",3000,"m"
"16724","dVMXCc",1770,"f"
"16725","d5Ud2c",1920,"f"
"16726","4VCRcA",2520,"f"
"16727","CQKHMP",4980,"f"
"16728","QRZ4QE",1530,"f"
"16729","EFYJWW",2010,"f"
"16730","LRAUYL",2010,"f"
"16731","AWZXWB",1290,"f"
"16732","R27BW6",5130,"m"
"16733","PHK3XR",2610,"f"
"16734","N4N6Q2",1890,"m"
"16735","YFLMKE",2490,"m"
"16736","5c5BKL",2400,"m"
"16737","VDGZL2",1680,"m"
"16738","cMD6FQ",5220,"m"
"16739","GXGSFD",5640,"f"
"16740","SJQQ2J",5130,"f"
"16741","5WN27N",5250,"f"
"16742","P3EcYE",5130,"f"
"16743","AVEH25",5460,"f"
"16744","MLH6HJ",5610,"f"
"16745","42LZDc",5280,"f"
"16746","FFZF7X",5160,"f"
"16747","LRCNHV",5700,"m"
"16748","F5REDH",5520,"m"
"16749","7GdZTX",5460,"m"
"16750","D7cM6P",5790,"f"
"16751","JE64ZK",5460,"m"
"16752","2dBUQX",5310,"f"
"16753","Yd7WPT",5250,"f"
"16754","735EB3",5460,"f"
"16755","cG6dWL",5430,"m"
"16756","ENUBED",5130,"m"
"16757","J4S4Nd",5310,"f"
"16758","RQXQ37",5610,"f"
"16759","TDYH5c",5250,"f"
"16760","H5HUVK",5520,"f"
"16761","A3HVZU",5490,"m"
"16762","Q5ZTWH",5130,"m"
"16763","CPLE3C",5220,"m"
"16764","VdRXdD",1350,"f"
"16765","DGH6Ld",1440,"f"
"16766","5A2Y2B",1170,"f"
"16767","GRLVFF",1230,"m"
"16768","4Lc7HB",1110,"m"
"16769","5TDN53",1350,"f"
"16770","F5QMEJ",1320,"m"
"16771","KU6RG5",2460,"m"
"16772","B5SScH",2520,"f"
"16773","XFMJ2D",2400,"m"
"16774","XNAGCD",2310,"f"
"16775","CTDG73",2490,"m"
"16776","GQYEcF",2340,"f"
"16777","DTXJAD",2400,"m"
"16778","5EPF77",2400,"f"
"16779","RBWAXG",2370,"f"
"16780","NA75A3",1320,"f"
"16781","ZFASAN",1260,"m"
"16782","UPcFPQ",1170,"f"
"16783","3BJL75",1320,"m"
"16784","L6BNGd",1440,"m"
"16785","4dR3DM",1530,"f"
"16786","FG3c3c",1590,"m"
"16787","3NRZDA",1110,"f"
"16788","cKNVRc",1770,"f"
"16789","KTLJTX",1140,"f"
"16790","QZ77BB",1500,"m"
"16791","DEH3SW",1230,"f"
"16792","CFZAdK",1230,"m"
"16793","223QZT",1590,"f"
"16794","C2PTE3",1380,"f"
"16795","RTVEE7",1560,"m"
"16796","XUYCHN",1170,"f"
"16797","CFGJVV",1140,"f"
"16798","6RYcKQ",1260,"f"
"16799","NX5FLF",1110,"f"
"16800","ZP3B3N",1110,"f"
"16801","RJ5WYZ",1290,"f"
"16802","A5ZcC2",1140,"m"
"16803","LFC354",1110,"f"
"16804","FdK67M",1200,"f"
"16805","K6SSNX",1110,"f"
"16806","E5EL7R",5520,"f"
"16807","AVEH25",5280,"f"
"16808","5CETCY",5520,"m"
"16809","KdTKRC",5730,"m"
"16810","XQc656",2490,"m"
"16811","3QARD5",2250,"m"
"16812","BAA7SE",2310,"f"
"16813","DRTVFR",2190,"f"
"16814","X3U2KL",3300,"m"
"16815","ZdWJU6",1200,"f"
"16816","DZEEEQ",1140,"m"
"16817","cLWD7X",1260,"m"
"16818","VVcSLZ",1170,"m"
"16819","YQXHAZ",1260,"m"
"16820","A5ZcC2",1110,"m"
"16821","4SGNPS",3780,"m"
"16822","77P6BR",3300,"f"
"16823","DJKFNX",3600,"m"
"16824","EM566H",3480,"m"
"16825","VHTSRV",3390,"m"
"16826","UFEZMT",3870,"f"
"16827","UNVGH4",3390,"f"
"16828","G64NX2",3300,"f"
"16829","UEXRGR",3300,"m"
"16830","2RT5YX",3750,"f"
"16831","5Hd5XN",3930,"m"
"16832","M2VDRX",3390,"f"
"16833","ALGACP",3630,"m"
"16834","6VQ5NV",3330,"f"
"16835","QE3QBc",3270,"m"
"16836","RF7BV6",3030,"f"
"16837","ZADALH",3630,"f"
"16838","UDVQ7Y",3330,"m"
"16839","ZU2PLS",3270,"f"
"16840","H7RFHM",3030,"f"
"16841","3NJBME",3360,"m"
"16842","2cLdd2",3180,"f"
"16843","U2YQXC",3870,"m"
"16844","U2YQXC",3870,"m"
"16845","VAKJdV",2940,"m"
"16846","WDNHcd",3990,"f"
"16847","cZVLcN",2970,"m"
"16848","LdNK4E",3090,"m"
"16849","5CZXYC",3240,"m"
"16850","MATGdB",3150,"f"
"16851","NBR2LE",3660,"m"
"16852","MM7MHD",3090,"m"
"16853","XQJNFQ",3510,"m"
"16854","J3RPUM",3930,"m"
"16855","J6GS2X",5820,"m"
"16856","QDLBWP",4500,"f"
"16857","36TYFV",4830,"f"
"16858","46GXRG",4890,"m"
"16859","WUCdQ6",4830,"m"
"16860","K7GP2d",5340,"f"
"16861","EcQK3N",5130,"m"
"16862","cMD6FQ",4980,"m"
"16863","EKACME",4740,"m"
"16864","K7GP2d",5340,"f"
"16865","7GKV4Y",5670,"m"
"16866","F7J6RM",4770,"m"
"16867","PU2VcV",4740,"o"
"16868","C5HA27",4740,"f"
"16869","USPAM2",4920,"f"
"16870","USPAM2",4920,"f"
"16871","CYHPFL",4950,"m"
"16872","SHWDdD",5310,"m"
"16873","27NPYH",4890,"f"
"16874","3EXKKV",4950,"m"
"16875","cMD6FQ",4920,"m"
"16876","LRCNHV",5430,"m"
"16877","PF76LW",5100,"m"
"16878","N2ZVC6",5280,"m"
"16879","B7TKT6",5040,"f"
"16880","7GdZTX",5190,"m"
"16881","735EB3",5250,"f"
"16882","RHTVQE",5010,"m"
"16883","VR4LYE",4500,"m"
"16884","543XTU",5280,"m"
"16885","775VNH",4890,"m"
"16886","N54WCV",5760,"f"
"16887","YAEUF5",5670,"m"
"16888","WQU6QW",5190,"f"
"16889","KRLDTE",4410,"m"
"16890","V3dN5D",4890,"m"
"16891","U32dEc",4950,"m"
"16892","JD34YF",4530,"m"
"16893","WYSHT3",4980,"m"
"16894","MNMX4S",5370,"m"
"16895","cX2D7c",4410,"f"
"16896","UYRcFH",4650,"f"
"16897","UKBcFN",4440,"m"
"16898","DEJDGM",4440,"m"
"16899","4URBHK",5070,"f"
"16900","YKUEcM",4170,"f"
"16901","P7Md7Y",4230,"f"
"16902","6VN3FP",4980,"m"
"16903","E5VGcY",4320,"f"
"16904","NcPKdR",4740,"m"
"16905","5C4cLF",4260,"m"
"16906","YKVL6Y",4020,"m"
"16907","LA3QLT",4770,"f"
"16908","3EXKKV",4860,"m"
"16909","4UTJ5C",4650,"f"
"16910","Z46DHN",4140,"m"
"16911","Rc27L6",5250,"f"
"16912","T7C2LP",4950,"f"
"16913","PCWHCD",4080,"m"
"16914","YSMZLG",4530,"m"
"16915","CJ2JZ3",4590,"m"
"16916","VB2XLF",4110,"m"
"16917","BVZU4W",4140,"m"
"16918","LZWTJC",4140,"m"
"16919","NN3UDW",4440,"m"
"16920","7DNGNA",5070,"m"
"16921","MQ5dCM",4260,"f"
"16922","G3BWNN",4440,"m"
"16923","J7d7Ed",4560,"m"
"16924","6LXAJD",4350,"f"
"16925","FEYCW6",4410,"m"
"16926","W3c3ZK",5580,"m"
"16927","BDKZEN",4050,"m"
"16928","ZQ3TTU",4710,"m"
"16929","XYX3RT",4680,"m"
"16930","JKQG2U",4740,"f"
"16931","VX7XXc",5040,"m"
"16932","26TBKA",4080,"m"
"16933","VMHNQA",4350,"f"
"16934","cYHPQ5",4140,"m"
"16935","KLdCX3",4260,"m"
"16936","SL5H56",4260,"f"
"16937","2CKBJK",4050,"m"
"16938","P7Md7Y",4200,"f"
"16939","VJ5H2T",5160,"o"
"16940","B47FdD",3990,"m"
"16941","J6DT2K",4560,"m"
"16942","Vc73T7",4110,"m"
"16943","2D2Pd2",5190,"f"
"16944","AHG2DK",5700,"m"
"16945","ERC7YR",3870,"f"
"16946","QCPV75",4500,"m"
"16947","CTJFJ4",4950,"m"
"16948","FQNNUZ",5130,"f"
"16949","J6GS2X",5640,"m"
"16950","c3dQ5P",3720,"m"
"16951","AVEH25",5070,"f"
"16952","HMdQVZ",3870,"m"
"16953","FBSJTZ",5820,"f"
"16954","DHLRUE",4560,"m"
"16955","CRAcZd",5430,"f"
"16956","TDSRAc",4770,"f"
"16957","RV46G2",4260,"m"
"16958","2UMdLC",4170,"m"
"16959","c53NTX",3870,"m"
"16960","G5dAEK",4230,"m"
"16961","G36QUX",3840,"m"
"16962","Ddd43L",4500,"f"
"16963","2MNUcZ",5460,"f"
"16964","NSYUD6",3930,"f"
"16965","F7J6RM",4620,"m"
"16966","XKdc35",4170,"f"
"16967","2HPcJ3",4980,"m"
"16968","LN6TPF",4350,"f"
"16969","5WcVK4",5160,"f"
"16970","4BAHDN",3780,"m"
"16971","cFCZPK",4950,"m"
"16972","NKAPDd",5520,"m"
"16973","H5HUVK",5250,"f"
"16974","M6LdNB",4620,"m"
"16975","5MGCBZ",4050,"m"
"16976","ECZKcH",3090,"f"
"16977","FXKXTL",4290,"f"
"16978","4HBDTF",3840,"m"
"16979","d2RNVQ",3090,"f"
"16980","AZQZZJ",3480,"f"
"16981","KYNWJ7",3420,"f"
"16982","PWRD2W",3240,"f"
"16983","THHUXY",2790,"f"
"16984","CcXK5V",3630,"f"
"16985","226DPJ",3870,"m"
"16986","CT6TE2",2280,"f"
"16987","dJUH64",2610,"m"
"16988","MM7MHD",2910,"m"
"16989","TRMZMN",2400,"f"
"16990","DUJVEL",3150,"m"
"16991","GE4NBT",5640,"m"
"16992","XdAMGC",2550,"f"
"16993","GLQULU",2640,"f"
"16994","ADcDUM",3330,"m"
"16995","dB3YRD",4290,"f"
"16996","CACCCP",2880,"m"
"16997","BJZGD2",3270,"f"
"16998","SQPHC7",2310,"f"
"16999","Kc6RMY",3330,"m"
"17000","PBLZWN",5190,"f"
"17001","VZ53KA",4110,"f"
"17002","WUBBEK",2640,"m"
"17003","XS57KJ",2190,"m"
"17004","d3R2U4",3060,"f"
"17005","RCAU4S",1980,"f"
"17006","UGcYTS",2970,"f"
"17007","LXRCcF",1980,"f"
"17008","6WDXTc",2160,"m"
"17009","YLJTKQ",1950,"f"
"17010","KPRDT6",3480,"m"
"17011","BVA42Y",1950,"f"
"17012","KBQDD5",2700,"m"
"17013","4QcY5E",2070,"f"
"17014","4d2CPG",3000,"m"
"17015","SDF2YR",2490,"m"
"17016","7YdT45",2550,"f"
"17017","ZALG7S",3570,"f"
"17018","FJZ4BR",4530,"m"
"17019","BZVQUN",3840,"f"
"17020","BNXB5D",2640,"f"
"17021","NDM42C",2220,"f"
"17022","YM2G5C",1380,"f"
"17023","747d4U",2040,"f"
"17024","VEYGC2",3840,"m"
"17025","6RDT55",4920,"f"
"17026","c6dNFC",1500,"f"
"17027","FW72XL",3150,"f"
"17028","DY7SUJ",3870,"f"
"17029","VdM6UX",2880,"m"
"17030","4XE3KX",3600,"f"
"17031","QdRUdL",4170,"m"
"17032","VGGS3V",3480,"m"
"17033","3STC7T",1500,"f"
"17034","7W2BAS",3000,"f"
"17035","CPcQFY",4470,"f"
"17036","K6FCZV",3540,"m"
"17037","QMLL2R",1530,"m"
"17038","3ADQJK",1170,"m"
"17039","YPMRcS",1710,"f"
"17040","K7YdLP",5640,"f"
"17041","DBFU24",4290,"f"
"17042","KE6McV",4020,"f"
"17043","Y5C3MY",2880,"m"
"17044","VdA4LW",1290,"f"
"17045","SCHcHE",3450,"m"
"17046","GFRFTR",1920,"f"
"17047","AF6JVZ",2490,"m"
"17048","dADL67",1890,"f"
"17049","4NJCTY",1590,"m"
"17050","7JUJPC",2790,"m"
"17051","Y2M3FQ",4230,"f"
"17052","WDY6c7",2550,"f"
"17053","C5HA27",4620,"f"
"17054","PU2VcV",4620,"o"
"17055","YFE323",2040,"m"
"17056","GXJBPE",1170,"m"
"17057","VRRTXM",3540,"f"
"17058","65LC6N",1200,"m"
"17059","EHPQXP",2670,"f"
"17060","KN4QXT",1890,"m"
"17061","5Q24K5",1290,"f"
"17062","AEVA5R",2610,"f"
"17063","PZ5DPJ",1170,"f"
"17064","RL56d4",3060,"m"
"17065","VRHSL4",3450,"f"
"17066","SEAHSd",2100,"m"
"17067","NSQ3X6",3420,"f"
"17068","4VHdUK",5040,"m"
"17069","AS4P67",2040,"f"
"17070","Xd7JWC",2010,"m"
"17071","PcR4BM",1980,"m"
"17072","UPTL7Y",3720,"m"
"17073","DHZ3NG",3600,"f"
"17074","YLAdC4",1830,"f"
"17075","PRPWZF",2220,"f"
"17076","NMW7J7",1500,"f"
"17077","MBCA5E",2730,"f"
"17078","NPVQNQ",1740,"m"
"17079","NEQP2Q",1860,"f"
"17080","44WWDL",1890,"f"
"17081","dMcX57",1650,"m"
"17082","P2JCDF",1740,"m"
"17083","XEKPSB",1980,"f"
"17084","dJPCR7",2610,"m"
"17085","QVDCEG",2760,"f"
"17086","TJAT32",1260,"m"
"17087","V5REVB",1500,"m"
"17088","S7FVQH",2070,"m"
"17089","347dJH",1800,"f"
"17090","SCMMCA",3150,"f"
"17091","J33Q67",1440,"m"
"17092","PK2YGJ",4200,"m"
"17093","3G522Y",2460,"f"
"17094","W575AK",2790,"f"
"17095","WQGT5Y",1200,"m"
"17096","d6RFVM",4110,"m"
"17097","GYU46J",4140,"f"
"17098","2cLdd2",2970,"f"
"17099","6FL4TM",2550,"f"
"17100","QVSRQC",1980,"f"
"17101","DKUY4F",1290,"f"
"17102","XAVQXc",2100,"f"
"17103","UZG2dX",2940,"m"
"17104","KHRJM7",3810,"m"
"17105","UAPd65",3060,"m"
"17106","3XcSJ2",3810,"f"
"17107","dR3ZQW",3240,"m"
"17108","LUQK5d",1350,"f"
"17109","KE3Z6Z",3810,"f"
"17110","FVTKHG",2790,"f"
"17111","5HHGcY",2640,"m"
"17112","Fc7UHG",3270,"m"
"17113","Q4EEd6",2460,"f"
"17114","Ddd42B",4590,"m"
"17115","cFJCJK",2490,"f"
"17116","RL5F7C",1590,"m"
"17117","QARBCD",3690,"m"
"17118","c2DEY3",1200,"m"
"17119","LKJRX3",2970,"f"
"17120","7R4XY2",1350,"f"
"17121","MR5MAH",2700,"f"
"17122","Z6JWFD",3000,"m"
"17123","FG5XVM",2550,"m"
"17124","BLMEUH",1560,"f"
"17125","XC7SMU",4050,"m"
"17126","MBSYFS",1740,"m"
"17127","2N2GAd",3060,"f"
"17128","YPNJKP",1740,"f"
"17129","BdHTN4",3420,"m"
"17130","4JccdB",2820,"m"
"17131","XQS345",1140,"f"
"17132","EG4DM2",1680,"m"
"17133","ZPAG2A",2400,"f"
"17134","NBXP7N",3390,"m"
"17135","cE3WXc",1530,"m"
"17136","KRLDTE",4320,"m"
"17137","NY2cZA",3510,"f"
"17138","CUCSW3",2880,"m"
"17139","NZKdcH",1530,"f"
"17140","5Hd5XN",3720,"m"
"17141","JFd4LQ",3120,"f"
"17142","V6JVMB",2700,"m"
"17143","WGSZS6",1920,"m"
"17144","UQYP3K",2160,"f"
"17145","P3MYF5",3300,"f"
"17146","dcddCF",1770,"f"
"17147","CAECUF",3870,"f"
"17148","NZcKZR",2490,"m"
"17149","3MGZ2D",1620,"f"
"17150","Y324M2",4710,"m"
"17151","RKKSJM",3030,"f"
"17152","4ABCC4",1320,"f"
"17153","K73D3S",1860,"f"
"17154","5d3X5S",1620,"f"
"17155","WDETH6",2670,"m"
"17156","dZUWST",2340,"f"
"17157","cYGACQ",1890,"f"
"17158","dXAQG4",2760,"m"
"17159","5WHcX5",3750,"m"
"17160","K7R7CV",2550,"f"
"17161","FG2KCN",1440,"f"
"17162","YHGER6",3660,"f"
"17163","XUUFNU",2460,"f"
"17164","WPK4FZ",2760,"m"
"17165","Q4cDH5",2310,"f"
"17166","CXMSKS",2730,"f"
"17167","EZ6FZQ",1650,"m"
"17168","LCDQES",1530,"f"
"17169","LKKFPd",2400,"f"
"17170","Y4MHXV",2160,"m"
"17171","2ZPdLJ",1500,"f"
"17172","RC5T3R",3480,"f"
"17173","6c4MZT",2850,"f"
"17174","2ZBH3d",4020,"f"
"17175","d44R4W",4110,"f"
"17176","ZEYSWL",1560,"f"
"17177","33NPWV",1380,"m"
"17178","YMH4W3",1650,"f"
"17179","PXBcNU",1500,"m"
"17180","C2J3Kd",1350,"f"
"17181","7UQ674",1200,"f"
"17182","dJZ5QE",2850,"f"
"17183","H3HBTJ",1380,"f"
"17184","AEL3EQ",1200,"m"
"17185","3BMEHF",2130,"m"
"17186","HBWDcR",3210,"m"
"17187","ARMW2Y",3900,"m"
"17188","KMUTBA",2790,"f"
"17189","SCHcHE",3420,"m"
"17190","PXXPWV",2010,"m"
"17191","GCCDGU",1200,"f"
"17192","7EBDYc",3270,"f"
"17193","4P2QUV",1860,"m"
"17194","Z6D7dB",2220,"f"
"17195","75ZW26",1620,"m"
"17196","BC76CA",3780,"m"
"17197","WMJVGR",3000,"m"
"17198","dVMXCc",1770,"f"
"17199","d5Ud2c",1920,"f"
"17200","4VCRcA",2520,"f"
"17201","CQKHMP",4980,"f"
"17202","QRZ4QE",1530,"f"
"17203","EFYJWW",2010,"f"
"17204","LRAUYL",2010,"f"
"17205","AWZXWB",1290,"f"
"17206","R27BW6",5130,"m"
"17207","PHK3XR",2610,"f"
"17208","N4N6Q2",1890,"m"
"17209","YFLMKE",2490,"m"
"17210","5c5BKL",2400,"m"
"17211","VDGZL2",1680,"m"
"17212","cMD6FQ",5220,"m"
"17213","GXGSFD",5640,"f"
"17214","SJQQ2J",5130,"f"
"17215","5WN27N",5250,"f"
"17216","P3EcYE",5130,"f"
"17217","AVEH25",5460,"f"
"17218","MLH6HJ",5610,"f"
"17219","42LZDc",5280,"f"
"17220","FFZF7X",5160,"f"
"17221","LRCNHV",5700,"m"
"17222","F5REDH",5520,"m"
"17223","7GdZTX",5460,"m"
"17224","D7cM6P",5790,"f"
"17225","JE64ZK",5460,"m"
"17226","2dBUQX",5310,"f"
"17227","Yd7WPT",5250,"f"
"17228","735EB3",5460,"f"
"17229","cG6dWL",5430,"m"
"17230","ENUBED",5130,"m"
"17231","J4S4Nd",5310,"f"
"17232","RQXQ37",5610,"f"
"17233","TDYH5c",5250,"f"
"17234","H5HUVK",5520,"f"
"17235","A3HVZU",5490,"m"
"17236","Q5ZTWH",5130,"m"
"17237","CPLE3C",5220,"m"
"17238","VdRXdD",1350,"f"
"17239","5A2Y2B",1170,"f"
"17240","GRLVFF",1230,"m"
"17241","4Lc7HB",1110,"m"
"17242","5TDN53",1350,"f"
"17243","F5QMEJ",1320,"m"
"17244","KU6RG5",2460,"m"
"17245","B5SScH",2520,"f"
"17246","XFMJ2D",2400,"m"
"17247","XNAGCD",2310,"f"
"17248","CTDG73",2490,"m"
"17249","GQYEcF",2340,"f"
"17250","DTXJAD",2400,"m"
"17251","5EPF77",2400,"f"
"17252","RBWAXG",2370,"f"
"17253","NA75A3",1320,"f"
"17254","ZFASAN",1260,"m"
"17255","UPcFPQ",1170,"f"
"17256","3BJL75",1320,"m"
"17257","L6BNGd",1440,"m"
"17258","4dR3DM",1530,"f"
"17259","FG3c3c",1590,"m"
"17260","3NRZDA",1110,"f"
"17261","cKNVRc",1770,"f"
"17262","KTLJTX",1140,"f"
"17263","QZ77BB",1500,"m"
"17264","DEH3SW",1230,"f"
"17265","CFZAdK",1230,"m"
"17266","223QZT",1590,"f"
"17267","C2PTE3",1380,"f"
"17268","RTVEE7",1560,"m"
"17269","XUYCHN",1170,"f"
"17270","CFGJVV",1140,"f"
"17271","6RYcKQ",1260,"f"
"17272","NX5FLF",1110,"f"
"17273","ZP3B3N",1110,"f"
"17274","RJ5WYZ",1290,"f"
"17275","A5ZcC2",1140,"m"
"17276","LFC354",1110,"f"
"17277","FdK67M",1200,"f"
"17278","K6SSNX",1110,"f"
"17279","E5EL7R",5520,"f"
"17280","AVEH25",5280,"f"
"17281","KdTKRC",5730,"m"
"17282","XQc656",2490,"m"
"17283","3QARD5",2250,"m"
"17284","BAA7SE",2310,"f"
"17285","DRTVFR",2190,"f"
"17286","X3U2KL",3300,"m"
"17287","ZdWJU6",1200,"f"
"17288","DZEEEQ",1140,"m"
"17289","cLWD7X",1260,"m"
"17290","VVcSLZ",1170,"m"
"17291","YQXHAZ",1260,"m"
"17292","A5ZcC2",1110,"m"
"17293","4SGNPS",3780,"m"
"17294","77P6BR",3300,"f"
"17295","DJKFNX",3600,"m"
"17296","EM566H",3480,"m"
"17297","VHTSRV",3390,"m"
"17298","UFEZMT",3870,"f"
"17299","UNVGH4",3390,"f"
"17300","G64NX2",3300,"f"
"17301","UEXRGR",3300,"m"
"17302","2RT5YX",3750,"f"
"17303","5Hd5XN",3930,"m"
"17304","M2VDRX",3390,"f"
"17305","ALGACP",3630,"m"
"17306","6VQ5NV",3330,"f"
"17307","QE3QBc",3270,"m"
"17308","RF7BV6",3030,"f"
"17309","ZADALH",3630,"f"
"17310","UDVQ7Y",3330,"m"
"17311","ZU2PLS",3270,"f"
"17312","H7RFHM",3030,"f"
"17313","3NJBME",3360,"m"
"17314","2cLdd2",3180,"f"
"17315","U2YQXC",3870,"m"
"17316","VAKJdV",2940,"m"
"17317","WDNHcd",3990,"f"
"17318","cZVLcN",2970,"m"
"17319","LdNK4E",3090,"m"
"17320","5CZXYC",3240,"m"
"17321","MATGdB",3150,"f"
"17322","NBR2LE",3660,"m"
"17323","MM7MHD",3090,"m"
"17324","XQJNFQ",3510,"m"
"17325","J3RPUM",3930,"m"
"17326","J6GS2X",5820,"m"
"17327","QDLBWP",4500,"f"
"17328","36TYFV",4830,"f"
"17329","46GXRG",4890,"m"
"17330","WUCdQ6",4830,"m"
"17331","K7GP2d",5340,"f"
"17332","EcQK3N",5130,"m"
"17333","cMD6FQ",4980,"m"
"17334","EKACME",4740,"m"
"17335","K7GP2d",5340,"f"
"17336","7GKV4Y",5670,"m"
"17337","F7J6RM",4770,"m"
"17338","PU2VcV",4740,"o"
"17339","C5HA27",4740,"f"
"17340","USPAM2",4920,"f"
"17341","CYHPFL",4950,"m"
"17342","SHWDdD",5310,"m"
"17343","27NPYH",4890,"f"
"17344","3EXKKV",4950,"m"
"17345","cMD6FQ",4920,"m"
"17346","LRCNHV",5430,"m"
"17347","PF76LW",5100,"m"
"17348","N2ZVC6",5280,"m"
"17349","B7TKT6",5040,"f"
"17350","7GdZTX",5190,"m"
"17351","735EB3",5250,"f"
"17352","RHTVQE",5010,"m"
"17353","VR4LYE",4500,"m"
"17354","543XTU",5280,"m"
"17355","775VNH",4890,"m"
"17356","N54WCV",5760,"f"
"17357","YAEUF5",5670,"m"
"17358","WQU6QW",5190,"f"
"17359","KRLDTE",4410,"m"
"17360","V3dN5D",4890,"m"
"17361","U32dEc",4950,"m"
"17362","JD34YF",4530,"m"
"17363","WYSHT3",4980,"m"
"17364","MNMX4S",5370,"m"
"17365","cX2D7c",4410,"f"
"17366","UYRcFH",4650,"f"
"17367","UKBcFN",4440,"m"
"17368","DEJDGM",4440,"m"
"17369","4URBHK",5070,"f"
"17370","YKUEcM",4170,"f"
"17371","P7Md7Y",4230,"f"
"17372","6VN3FP",4980,"m"
"17373","E5VGcY",4320,"f"
"17374","NcPKdR",4740,"m"
"17375","5C4cLF",4260,"m"
"17376","YKVL6Y",4020,"m"
"17377","LA3QLT",4770,"f"
"17378","3EXKKV",4860,"m"
"17379","4UTJ5C",4650,"f"
"17380","Z46DHN",4140,"m"
"17381","Rc27L6",5250,"f"
"17382","T7C2LP",4950,"f"
"17383","PCWHCD",4080,"m"
"17384","YSMZLG",4530,"m"
"17385","CJ2JZ3",4590,"m"
"17386","VB2XLF",4110,"m"
"17387","BVZU4W",4140,"m"
"17388","LZWTJC",4140,"m"
"17389","NN3UDW",4440,"m"
"17390","7DNGNA",5070,"m"
"17391","MQ5dCM",4260,"f"
"17392","G3BWNN",4440,"m"
"17393","J7d7Ed",4560,"m"
"17394","6LXAJD",4350,"f"
"17395","FEYCW6",4410,"m"
"17396","W3c3ZK",5580,"m"
"17397","BDKZEN",4050,"m"
"17398","ZQ3TTU",4710,"m"
"17399","XYX3RT",4680,"m"
"17400","JKQG2U",4740,"f"
"17401","VX7XXc",5040,"m"
"17402","26TBKA",4080,"m"
"17403","VMHNQA",4350,"f"
"17404","cYHPQ5",4140,"m"
"17405","KLdCX3",4260,"m"
"17406","SL5H56",4260,"f"
"17407","2CKBJK",4050,"m"
"17408","P7Md7Y",4200,"f"
"17409","VJ5H2T",5160,"o"
"17410","B47FdD",3990,"m"
"17411","J6DT2K",4560,"m"
"17412","Vc73T7",4110,"m"
"17413","2D2Pd2",5190,"f"
"17414","AHG2DK",5700,"m"
"17415","ERC7YR",3870,"f"
"17416","QCPV75",4500,"m"
"17417","CTJFJ4",4950,"m"
"17418","FQNNUZ",5130,"f"
"17419","J6GS2X",5640,"m"
"17420","c3dQ5P",3720,"m"
"17421","AVEH25",5070,"f"
"17422","HMdQVZ",3870,"m"
"17423","FBSJTZ",5820,"f"
"17424","DHLRUE",4560,"m"
"17425","CRAcZd",5430,"f"
"17426","TDSRAc",4770,"f"
"17427","RV46G2",4260,"m"
"17428","2UMdLC",4170,"m"
"17429","c53NTX",3870,"m"
"17430","G5dAEK",4230,"m"
"17431","G36QUX",3840,"m"
"17432","Ddd43L",4500,"f"
"17433","2MNUcZ",5460,"f"
"17434","NSYUD6",3930,"f"
"17435","F7J6RM",4620,"m"
"17436","XKdc35",4170,"f"
"17437","2HPcJ3",4980,"m"
"17438","LN6TPF",4350,"f"
"17439","5WcVK4",5160,"f"
"17440","4BAHDN",3780,"m"
"17441","cFCZPK",4950,"m"
"17442","NKAPDd",5520,"m"
"17443","H5HUVK",5250,"f"
"17444","M6LdNB",4620,"m"
"17445","5MGCBZ",4050,"m"
"17446","ECZKcH",3090,"f"
"17447","FXKXTL",4290,"f"
"17448","4HBDTF",3840,"m"
"17449","AZQZZJ",3480,"f"
"17450","KYNWJ7",3420,"f"
"17451","PWRD2W",3240,"f"
"17452","THHUXY",2790,"f"
"17453","CcXK5V",3630,"f"
"17454","226DPJ",3870,"m"
"17455","CT6TE2",2280,"f"
"17456","dJUH64",2610,"m"
"17457","MM7MHD",2910,"m"
"17458","TRMZMN",2400,"f"
"17459","DUJVEL",3150,"m"
"17460","GE4NBT",5640,"m"
"17461","XdAMGC",2550,"f"
"17462","GLQULU",2640,"f"
"17463","ADcDUM",3330,"m"
"17464","dB3YRD",4290,"f"
"17465","CACCCP",2880,"m"
"17466","BJZGD2",3270,"f"
"17467","SQPHC7",2310,"f"
"17468","Kc6RMY",3330,"m"
"17469","PBLZWN",5190,"f"
"17470","VZ53KA",4110,"f"
"17471","WUBBEK",2640,"m"
"17472","XS57KJ",2190,"m"
"17473","d3R2U4",3060,"f"
"17474","RCAU4S",1980,"f"
"17475","UGcYTS",2970,"f"
"17476","LXRCcF",1980,"f"
"17477","6WDXTc",2160,"m"
"17478","YLJTKQ",1950,"f"
"17479","KPRDT6",3480,"m"
"17480","BVA42Y",1950,"f"
"17481","KBQDD5",2700,"m"
"17482","4QcY5E",2070,"f"
"17483","4d2CPG",3000,"m"
"17484","SDF2YR",2490,"m"
"17485","7YdT45",2550,"f"
"17486","ZALG7S",3570,"f"
"17487","FJZ4BR",4530,"m"
"17488","BZVQUN",3840,"f"
"17489","BNXB5D",2640,"f"
"17490","NDM42C",2220,"f"
"17491","YM2G5C",1380,"f"
"17492","747d4U",2040,"f"
"17493","VEYGC2",3840,"m"
"17494","6RDT55",4920,"f"
"17495","c6dNFC",1500,"f"
"17496","FW72XL",3150,"f"
"17497","DY7SUJ",3870,"f"
"17498","VdM6UX",2880,"m"
"17499","4XE3KX",3600,"f"
"17500","QdRUdL",4170,"m"
"17501","VGGS3V",3480,"m"
"17502","3STC7T",1500,"f"
"17503","7W2BAS",3000,"f"
"17504","CPcQFY",4470,"f"
"17505","K6FCZV",3540,"m"
"17506","QMLL2R",1530,"m"
"17507","3ADQJK",1170,"m"
"17508","YPMRcS",1710,"f"
"17509","K7YdLP",5640,"f"
"17510","DBFU24",4290,"f"
"17511","KE6McV",4020,"f"
"17512","Y5C3MY",2880,"m"
"17513","VdA4LW",1290,"f"
"17514","SCHcHE",3450,"m"
"17515","GFRFTR",1920,"f"
"17516","AF6JVZ",2490,"m"
"17517","dADL67",1890,"f"
"17518","4NJCTY",1590,"m"
"17519","7JUJPC",2790,"m"
"17520","Y2M3FQ",4230,"f"
"17521","WDY6c7",2550,"f"
"17522","C5HA27",4620,"f"
"17523","PU2VcV",4620,"o"
"17524","YFE323",2040,"m"
"17525","GXJBPE",1170,"m"
"17526","VRRTXM",3540,"f"
"17527","65LC6N",1200,"m"
"17528","EHPQXP",2670,"f"
"17529","KN4QXT",1890,"m"
"17530","5Q24K5",1290,"f"
"17531","AEVA5R",2610,"f"
"17532","PZ5DPJ",1170,"f"
"17533","RL56d4",3060,"m"
"17534","VRHSL4",3450,"f"
"17535","SEAHSd",2100,"m"
"17536","NSQ3X6",3420,"f"
"17537","4VHdUK",5040,"m"
"17538","AS4P67",2040,"f"
"17539","Xd7JWC",2010,"m"
"17540","PcR4BM",1980,"m"
"17541","UPTL7Y",3720,"m"
"17542","DHZ3NG",3600,"f"
"17543","YLAdC4",1830,"f"
"17544","PRPWZF",2220,"f"
"17545","NMW7J7",1500,"f"
"17546","MBCA5E",2730,"f"
"17547","NPVQNQ",1740,"m"
"17548","NEQP2Q",1860,"f"
"17549","44WWDL",1890,"f"
"17550","dMcX57",1650,"m"
"17551","P2JCDF",1740,"m"
"17552","XEKPSB",1980,"f"
"17553","dJPCR7",2610,"m"
"17554","QVDCEG",2760,"f"
"17555","TJAT32",1260,"m"
"17556","V5REVB",1500,"m"
"17557","S7FVQH",2070,"m"
"17558","347dJH",1800,"f"
"17559","SCMMCA",3150,"f"
"17560","J33Q67",1440,"m"
"17561","3G522Y",2460,"f"
"17562","W575AK",2790,"f"
"17563","WQGT5Y",1200,"m"
"17564","d6RFVM",4110,"m"
"17565","GYU46J",4140,"f"
"17566","2cLdd2",2970,"f"
"17567","6FL4TM",2550,"f"
"17568","QVSRQC",1980,"f"
"17569","DKUY4F",1290,"f"
"17570","XAVQXc",2100,"f"
"17571","UZG2dX",2940,"m"
"17572","KHRJM7",3810,"m"
"17573","UAPd65",3060,"m"
"17574","3XcSJ2",3810,"f"
"17575","dR3ZQW",3240,"m"
"17576","LUQK5d",1350,"f"
"17577","KE3Z6Z",3810,"f"
"17578","FVTKHG",2790,"f"
"17579","5HHGcY",2640,"m"
"17580","Fc7UHG",3270,"m"
"17581","Q4EEd6",2460,"f"
"17582","Ddd42B",4590,"m"
"17583","cFJCJK",2490,"f"
"17584","RL5F7C",1590,"m"
"17585","QARBCD",3690,"m"
"17586","c2DEY3",1200,"m"
"17587","LKJRX3",2970,"f"
"17588","7R4XY2",1350,"f"
"17589","MR5MAH",2700,"f"
"17590","Z6JWFD",3000,"m"
"17591","FG5XVM",2550,"m"
"17592","BLMEUH",1560,"f"
"17593","XC7SMU",4050,"m"
"17594","MBSYFS",1740,"m"
"17595","2N2GAd",3060,"f"
"17596","YPNJKP",1740,"f"
"17597","BdHTN4",3420,"m"
"17598","4JccdB",2820,"m"
"17599","XQS345",1140,"f"
"17600","EG4DM2",1680,"m"
"17601","ZPAG2A",2400,"f"
"17602","NBXP7N",3390,"m"
"17603","cE3WXc",1530,"m"
"17604","KRLDTE",4320,"m"
"17605","NY2cZA",3510,"f"
"17606","CUCSW3",2880,"m"
"17607","NZKdcH",1530,"f"
"17608","5Hd5XN",3720,"m"
"17609","JFd4LQ",3120,"f"
"17610","V6JVMB",2700,"m"
"17611","WGSZS6",1920,"m"
"17612","UQYP3K",2160,"f"
"17613","P3MYF5",3300,"f"
"17614","dcddCF",1770,"f"
"17615","CAECUF",3870,"f"
"17616","NZcKZR",2490,"m"
"17617","3MGZ2D",1620,"f"
"17618","Y324M2",4710,"m"
"17619","RKKSJM",3030,"f"
"17620","4ABCC4",1320,"f"
"17621","K73D3S",1860,"f"
"17622","5d3X5S",1620,"f"
"17623","WDETH6",2670,"m"
"17624","dZUWST",2340,"f"
"17625","cYGACQ",1890,"f"
"17626","dXAQG4",2760,"m"
"17627","5WHcX5",3750,"m"
"17628","K7R7CV",2550,"f"
"17629","FG2KCN",1440,"f"
"17630","YHGER6",3660,"f"
"17631","XUUFNU",2460,"f"
"17632","WPK4FZ",2760,"m"
"17633","Q4cDH5",2310,"f"
"17634","CXMSKS",2730,"f"
"17635","EZ6FZQ",1650,"m"
"17636","LCDQES",1530,"f"
"17637","LKKFPd",2400,"f"
"17638","Y4MHXV",2160,"m"
"17639","2ZPdLJ",1500,"f"
"17640","RC5T3R",3480,"f"
"17641","6c4MZT",2850,"f"
"17642","2ZBH3d",4020,"f"
"17643","d44R4W",4110,"f"
"17644","ZEYSWL",1560,"f"
"17645","33NPWV",1380,"m"
"17646","YMH4W3",1650,"f"
"17647","PXBcNU",1500,"m"
"17648","C2J3Kd",1350,"f"
"17649","7UQ674",1200,"f"
"17650","dJZ5QE",2850,"f"
"17651","H3HBTJ",1380,"f"
"17652","AEL3EQ",1200,"m"
"17653","3BMEHF",2130,"m"
"17654","HBWDcR",3210,"m"
"17655","ARMW2Y",3900,"m"
"17656","KMUTBA",2790,"f"
"17657","SCHcHE",3420,"m"
"17658","PXXPWV",2010,"m"
"17659","GCCDGU",1200,"f"
"17660","7EBDYc",3270,"f"
"17661","4P2QUV",1860,"m"
"17662","Z6D7dB",2220,"f"
"17663","75ZW26",1620,"m"
"17664","BC76CA",3780,"m"
"17665","WMJVGR",3000,"m"
"17666","dVMXCc",1770,"f"
"17667","d5Ud2c",1920,"f"
"17668","4VCRcA",2520,"f"
"17669","CQKHMP",4980,"f"
"17670","QRZ4QE",1530,"f"
"17671","EFYJWW",2010,"f"
"17672","LRAUYL",2010,"f"
"17673","AWZXWB",1290,"f"
"17674","R27BW6",5130,"m"
"17675","PHK3XR",2610,"f"
"17676","N4N6Q2",1890,"m"
"17677","YFLMKE",2490,"m"
"17678","5c5BKL",2400,"m"
"17679","VDGZL2",1680,"m"
